8.4532,-15.23,2.9258,3.435,14.461,0.68526,2.2266,3.8854,3.0476,-2.8417,-2.843,-9.5865,0,0,0,0,0,0,0,0,0,0,0,0,0,0,0,0,0,0,0,0,0,0,0,0
7.9407,-15.513,8.6502,5.2796,14.692,0.83289,11.263,0.57247,4.7276,4.6882,-0.834,-1.0698,0,0,0,0,0,0,0,0,0,0,0,0,0,0,0,0,0,0,0,0,0,0,0,0
9.2719,-16.581,8.602,0.99736,17.014,0.80099,9.5545,-3.9871,0.10197,-2.9365,-5.3598,-5.6312,-4.2117,-12.365,-13.877,-34.723,-1.782,-3.9953,-17.846,-14.33,-12.803,-45.114,-27.134,-8.9821,1.0114,0.67476,-4.637,-3.2906,-4.8413,2.5188,-0.5418,5.2448,-6.0957,-0.95932,7.2502,1.7136
7.2421,-18.104,3.9966,-6.1058,15.347,-1.0319,1.1018,-1.0502,4.7534,-12.356,-7.7013,-9.741,-0.6898,-5.5583,-24.199,-24.521,-15.806,-5.8705,-26.984,3.6119,-20.344,-31.233,-3.3206,-13.396,2.6433,4.7743,2.6667,7.5488,-1.0166,6.0189,6.8927,4.2436,-0.9103,14.357,14.576,7.3815
6.6967,-20.117,-1.6859,-8.2337,13.243,-0.38001,-1.6157,-2.468,-3.3669,-16.876,-12.977,-9.742,5.4017,6.1529,-11.085,-4.1925,-16.303,15.529,10.783,24.418,-20.306,10.82,37.911,15.266,2.4883,7.5043,9.9176,17.886,4.8132,6.7366,9.4459,-3.9569,8.068,24.183,16.523,11.219
8.8834,-16.524,1.6946,-2.3654,8.6748,-1.5119,3.3558,1.6189,-3.7099,-3.9582,1.3141,-5.7124,8.4096,14.613,11.938,22.479,2.1775,20.332,20.149,1.844,-0.79989,43.821,40.359,24.784,-0.87557,3.0448,8.5173,8.9072,8.0478,4.9717,2.5492,-20.83,6.8838,6.5115,2.9122,10.605
11.152,-14.294,4.2103,-2.9691,12.199,8.8057,13.819,6.8874,-5.8196,-1.7257,9.0882,-0.012374,3.68,15.071,17.643,31.209,13.292,16.586,5.8171,-33.23,17.765,38.273,33.639,28.024,-3.552,-0.65682,0.81648,-3.4869,2.1865,-2.3157,-7.2457,-19.668,3.7391,-11.781,-7.9174,1.472
9.2192,-13.709,7.0172,2.5012,16.958,4.5413,3.459,-4.8059,5.5798,1.9787,1.4459,-2.214,-4.2068,5.207,4.0235,2.3142,9.6351,18.459,-11.755,-71.713,-4.9605,-12.401,13.377,33.249,-2.8297,-1.2549,-5.8499,-12.139,-4.8996,-7.4235,-1.5858,1.5094,-5.4425,-17.815,-9.1163,-3.5112
8.3688,-13.989,4.4742,4.9373,15.748,4.8865,1.2412,-15.871,0.87051,-0.70833,3.777,2.5207,-6.0499,7.5716,-3.0459,-11.545,-9.0993,4.8875,-9.4931,-37.144,0.46919,-19.976,11.816,18.394,-1.4783,-1.6506,-4.3589,-7.4198,-6.2536,-11.614,3.1125,19.316,-10.462,-11.807,-12.892,-7.4328
8.1717,-14.073,3.5744,-5.1615,11.718,9.6774,3.7671,-22.858,-9.5352,-10.668,10.658,9.6454,-0.87392,12.088,-6.9678,-16.841,-11.125,-10.936,19.875,11.348,-19.365,-16.131,5.689,12.043,0.29651,-1.7535,2.6244,6.5921,-3.5976,-12.666,-1.0176,24.189,0.88806,3.6112,-13.669,-9.4555
8.6509,-10.327,4.4088,-4.91,10.269,8.6814,8.9184,-2.6582,1.9725,-5.3903,10.39,3.2547,-5.3779,3.3776,1.3441,3.6875,-7.5959,-26.786,5.5643,21.818,-27.342,-18.897,-26.979,1.4626,0.43997,-4.4491,4.7248,9.9533,1.2785,-5.1163,-10.1,9.8314,9.6727,7.856,-9.3479,-11.336
8.6412,-9.4966,3.566,-0.9956,14.135,-2.8242,9.558,-5.7383,-4.6535,-3.7459,0.98388,3.4403,-3.0602,-1.4635,14.951,27.659,-9.1045,-29.035,-24.372,19.752,13.385,5.115,-35.571,-5.5634,0.16104,-3.896,3.9522,3.1157,3.7309,7.3867,-9.0401,2.848,20.586,9.0007,0.43038,-13.65
5.4451,-14.588,5.1504,4.6981,10.741,-2.2558,1.1279,-13.522,-15.241,-13.618,-4.8753,6.3545,-2.7569,-7.8982,9.6189,15.972,-3.7165,-11.645,-37.872,7.8109,32.458,8.6813,-14.294,-29.485,1.5721,0.77715,-0.97556,-6.4451,7.046,15.193,5.932,1.8641,18.728,7.9651,10.869,-8.7182
8.2445,-12.674,10.679,3.8637,6.9291,0.6286,-4.5236,-7.5506,5.7643,-3.9964,0.50507,5.3138,-1.3792,-1.7545,8.6555,-7.4046,5.5903,18.427,-3.6073,32.591,53.668,15.083,1.4985,-40.733,0.93104,1.1855,-5.6107,-9.0046,6.4607,12.796,16.325,-6.1487,-5.5031,-3.494,6.3856,-1.33
7.4708,-12.687,5.6618,0.64642,12.014,1.1326,-2.9767,2.1534,12.992,-0.92441,3.4825,-12.424,1.6421,7.4088,-0.38613,-11.006,20.287,25.447,24.842,24.719,46.158,15.945,8.8338,-24.544,1.4302,0.77822,-2.4706,-3.4209,-2.3919,4.5229,11.552,-15.079,-22.618,-5.7071,-2.7697,9.1252
6.9387,-11.324,7.6381,-2.6721,16.294,4.695,9.8067,2.7196,8.0636,-2.5508,-2.4458,-7.5365,-0.60448,-3.1897,-8.1004,-3.875,11.198,16.4,25.896,-19.446,-20.98,-15.987,-15.207,-14.684,0.73624,-2.3497,-0.98116,3.9569,-8.947,-6.2078,-3.8798,-18.627,-26.736,-5.0171,-5.3937,8.1405
6.919,-11.559,6.4778,2.4628,16.202,8.4345,6.3838,-6.2975,6.6883,-6.3682,1.0171,0.50785,4.0069,-3.2895,5.6438,-2.8972,-18.48,11.983,5.1384,-41.566,-43.309,-4.3191,-19.789,3.1166,-1.6116,-4.0943,-0.51506,3.1826,-9.7758,-12.835,-12.799,-7.4433,-16.922,-4.6704,-7.6615,-0.6344
8.2181,-14.833,6.2208,1.018,10.434,5.1775,3.7443,-13.048,-1.5738,-9.2679,-5.8656,-8.4943,1.1195,-8.1536,0.73475,8.3253,-19.761,-5.8803,-13.154,-27.402,-35.279,0.12993,-11.158,-13.86,-2.9641,-0.46941,-1.5923,0.1362,-3.579,-12.955,-10.738,5.1936,-0.61513,-3.1536,-0.12903,1.2018
8.8345,-12.577,9.1923,-2.6472,5.7039,6.8829,2.6237,-10.746,-3.8432,0.27461,-4.7022,-10.387,-7.2778,-10.58,-7.379,-1.1937,-13.113,-27.587,-19.629,-8.5196,-31.304,-15.466,-31.498,-28.127,-2.5477,2.322,-3.1033,-3.2378,2.0321,-9.1055,-2.7175,5.9002,3.6391,-7.5113,7.6614,7.1642
6.5407,-14.892,6.6482,4.0456,11.663,2.5306,5.1094,-8.7571,-4.3102,-5.8072,-5.1654,-9.0192,-9.7826,-1.8912,-9.5504,-4.0458,-9.3808,-28.588,-15.409,-10.001,-30.059,-26.181,-9.9976,6.9471,1.5917,4.9227,0.86326,-6.7922,1.496,0.45121,3.7254,3.2184,5.4252,-0.81048,11.849,16.575
4.1189,-16.82,2.5746,0.35217,9.0312,-4.0354,-4.1132,-12.703,-7.5953,-15.831,-15.082,-13.293,-3.2806,5.1893,-4.7303,-12.9,-13.509,-22.19,-7.3221,-20.766,-27.724,-28.72,17.937,28.534,6.4887,4.4502,2.7581,-3.4455,2.2486,7.551,7.1074,5.5406,12.249,13.089,15.054,16.446
5.6847,-13.658,4.7544,-2.5046,4.0795,-3.6574,-0.59156,-17.07,-14.727,-14.306,-5.6744,-3.5678,7.0792,8.5748,3.7267,-19.782,-12.083,-6.3226,-0.68098,-5.1866,-9.9428,2.7045,23.369,40.686,6.5823,0.35308,0.97774,-1.0432,4.9497,7.948,3.2753,12.545,18.976,15.45,1.5089,-3.1029
7.6222,-10.6,7.7741,-5.8224,2.7407,-1.1182,1.8131,-16.973,-12.497,-9.836,4.521,1.1539,16.735,6.4377,-0.22691,-10.553,-0.51908,-0.96426,8.5444,16.776,19.882,35.534,27.089,37.233,2.0028,-2.873,-2.0269,0.488,3.5381,3.3207,-5.3878,11.245,16.176,5.1593,-11.436,-17.79
8.3286,-13.714,5.9118,-2.7583,8.7663,-2.0893,1.8058,-9.2155,-6.8309,-7.4527,-3.2824,4.1002,13.121,-0.74999,-6.9134,-10.436,8.8723,0.53874,-6.9652,33.952,41.021,18.944,-7.029,-12.917,-3.1354,-3.9546,-1.7758,-0.70403,-3.411,-0.87628,-8.8558,-2.8295,3.2695,-8.1192,-13.871,-21.05
11.164,-13.572,1.8824,-4.7975,6.4283,-5.3016,-1.0397,-8.2422,-1.6026,-1.4909,-2.7337,1.4891,3.7127,-4.5133,-9.5448,-15.134,-6.2969,-9.0175,-31.119,15.89,27.672,-11.043,-24.045,-33.613,-7.0551,-4.8268,3.08,1.0519,-5.4744,-1.8859,-7.6384,-14.452,-9.7691,-10.9,-11.009,-8.1534
10.474,-12.546,4.2435,-8.235,6.6719,-1.2963,-2.6477,-4.4593,0.33613,-9.0064,-5.5616,-10.194,-2.0868,-5.7227,-0.49328,-21.012,-26.249,-6.6773,-25.128,-18.891,2.5096,-14.603,-20.418,-29.142,-5.4831,-3.1696,4.9862,8.0289,-0.40076,-0.18247,4.6213,-14.301,-13.119,1.1108,1.2523,13.942
8.4057,-13.44,3.8358,-10.651,0.63945,-6.0234,-11.52,-11.406,-2.244,-14.581,-6.3617,-8.5057,-10.937,-15.21,11.963,-0.0053339,-10.33,-6.7859,-20.566,-29.06,-9.7083,-2.1947,-21.262,4.5786,-0.89205,0.44529,4.1761,14.017,10.873,7.8847,15.475,0.22119,-1.6134,10.173,9.1433,20.412
8.6644,-16.642,4.6885,-10.338,-1.4638,-5.067,-5.5183,-17.079,-5.2554,-8.2094,-11.677,-5.4736,-6.9695,-11.25,7.2634,22.145,8.8853,-1.4894,10.865,-15.079,-5.8826,20.073,-2.159,37.697,1.7673,4.6296,-0.53413,11.502,16.116,10.37,10.995,15.193,12.085,5.9853,10.979,13.539
6.6005,-19.13,7.6415,-3.7488,5.3309,-6.8092,-9.8874,-16.462,-3.661,-2.9868,-10.307,1.4182,1.6938,0.47659,7.4573,33.372,30.498,27.812,28.26,15.089,23.802,22.483,12.542,35.027,2.4499,8.5513,-4.1053,0.3904,9.2086,8.3018,6.45,18.393,12.54,-2.1698,8.2974,-3.981
7.8921,-15.327,5.9724,-0.61368,8.7688,-1.6482,1.9685,-9.4705,-1.8967,-4.7667,-4.6685,3.6929,0.43437,9.5819,-0.91099,19.811,33.919,27.873,5.4338,34.998,46.18,2.9849,17.574,23.331,-0.93579,7.5218,-1.6267,-6.2148,-0.57704,-0.053525,-3.6283,9.8329,0.31045,-6.9695,3.1798,-15.982
9.6388,-13.86,6.9225,1.1732,10.772,6.1732,-1.133,-7.6654,7.9774,-5.0605,-3.5949,4.4244,-2.3896,17.131,-4.4763,3.1136,23.196,20.042,14.4,37.865,26.962,-4.4995,10.359,-8.1431,-3.1262,4.1833,-2.4877,-7.2972,-11.71,-10.858,-6.008,-4.5704,-18.331,-6.565,-1.2989,-16.467
7.3625,-14.486,4.5925,-2.8932,12.775,2.3784,-7.1786,-3.9785,12.015,-5.6801,-6.2462,4.6887,-9.6068,18.032,5.0965,6.1998,9.6513,2.1282,-0.34632,22.698,-5.9103,-1.2831,14.832,-20.628,-0.52617,0.63944,-1.88,-3.2578,-15.67,-11.72,-4.1277,-14.265,-25.036,-0.15529,-3.8196,-10.734
5.6706,-10.985,6.0933,-1.0523,14.926,1.1984,1.8859,-0.27581,2.8638,-4.7798,-4.3386,-3.1512,-8.9165,17.168,-7.9852,3.6913,-15.917,-13.607,1.1101,-1.6126,-41.807,-8.2084,7.4189,-25.331,2.615,-2.9326,-1.4861,-3.3721,-11.214,-5.6722,-7.2974,-14.047,-13.145,2.3455,-5.5115,0.42512
5.0728,-7.7478,8.9353,3.5989,11.518,1.9033,0.28586,-1.8163,-2.295,-5.5486,3.1192,-2.8333,1.067,12.761,-8.5564,3.233,-24.877,-13.9,-8.5598,-16.59,-44.618,4.0629,-0.053977,-21.745,4.0141,-4.555,-2.2779,-7.2608,-3.0923,2.8618,0.23545,-5.6107,6.2159,0.49678,-9.1271,4.715
6.3253,-8.6448,0.75851,-0.22726,3.4427,-0.39293,-4.3102,-9.5528,-5.771,-9.2305,-4.5681,-4.4802,5.3484,5.1036,-5.0804,-12.264,-15.612,-0.30533,-17.981,-12.724,-19.409,4.5552,-9.7558,-5.4591,1.4481,-3.2441,4.0616,-7.7992,4.6879,8.1224,7.0888,3.5967,20.432,0.10779,-2.8393,8.8154
7.5686,-9.2754,2.9817,-1.6892,6.0782,-3.7761,-8.3604,-7.635,-5.9765,-1.4233,-6.1585,-5.5192,3.3314,1.2893,-7.7453,-22.127,-5.9627,9.7863,10.376,0.20035,13.97,-5.181,-22.217,-6.9893,-2.6337,-1.6803,5.0039,-5.0821,5.027,5.7203,12.685,6.5133,22.987,-5.4327,1.0517,7.1677
7.0969,-7.6692,6.5299,-4.54,9.8397,3.8854,-2.7812,-3.7286,-5,-4.5648,-4.5777,-4.5379,-2.8082,6.683,11.917,-22.625,-1.934,15.161,27.086,7.9756,31.057,-3.0475,4.3037,11.368,-4.4402,-3.3588,1.5939,4.2664,4.1455,-4.0859,8.8269,6.1837,13.859,-3.7083,4.0337,3.0818
6.3528,-7.591,2.177,-5.308,5.3379,4.6573,4.7095,-4.6282,4.3044,-10.472,-7.9843,-6.2992,-8.0231,3.5693,7.9643,-16.997,-6.5808,6.9681,32.332,5.6266,45.084,-19.299,-1.8251,5.6799,-3.6901,-7.4243,-1.441,11.21,3.9667,-6.9766,-3.1592,0.98682,-2.6087,-1.1092,7.6673,0.84169
5.5291,-6.1455,7.1195,-9.7303,2.8458,2.971,2.6979,-7.0684,4.6173,-6.23,-1.5033,1.5937,-11.175,-12.831,-4.9656,6.5036,5.4245,-19.325,15.176,15.481,34.328,-6.9273,0.21686,3.6154,-0.46936,-9.3433,-7.0931,12.638,2.9271,-3.8284,-7.2603,-0.46127,-11.192,0.93375,5.5335,-6.1207
4.3409,-8.2526,6.669,-7.5925,6.2847,0.1651,5.0662,-3.1518,11.757,-10.24,-8.6082,-5.745,-10.935,-26.075,-6.5089,19.357,10.192,-7.853,0.53526,1.3817,-0.70911,-8.7872,18.163,1.0954,2.6724,-4.7595,-5.3277,7.13,1.2594,2.3548,-6.6415,-2.6954,-14.626,9.2771,8.6823,-4.9713
2.5151,-13.754,1.8011,-0.146,12.078,-3.5312,4.6283,3.2737,8.4379,-8.1442,-4.1573,-3.0073,-3.6989,-25.211,-16.311,22.386,4.3152,3.4297,6.6834,7.7918,-2.0055,-3.6349,21.977,-16.943,5.4651,3.123,-0.051858,-3.7895,-3.8381,6.312,-1.6066,-5.6627,-9.163,13.803,2.2166,-3.0705
2.3921,-16.825,1.5817,-0.42193,5.8173,3.9819,4.012,-9.1085,2.0396,-13.908,2.4243,-3.451,1.6007,-14.038,-13.001,10.712,0.27063,7.3644,3.3711,-4.0055,-9.8775,25.44,30.706,-8.8974,4.9966,8.838,2.6681,-8.3776,-3.9522,-1.6962,1.617,-1.6218,1.0863,17.438,-7.586,2.4215
4.6541,-14.465,1.5074,-2.1226,5.2371,2.7775,6.5668,-0.19413,8.4733,-6.2134,3.969,-8.0251,9.8819,-3.2344,-1.9786,-8.1218,-8.8057,4.6258,5.7246,-10.139,-6.9022,44.974,5.0283,-6.7409,2.0346,8.593,4.2865,-6.9209,1.3194,-4.7014,-0.2027,-2.3348,1.0892,8.9497,-10.23,8.9743
4.0717,-14.916,0.31512,-1.2482,9.8407,0.69296,5.7825,-3.4206,6.8006,1.5141,2.6817,-7.6848,7.257,7.1263,-0.33501,-7.2775,-3.0089,-16.932,9.0999,2.2383,7.1705,54.101,-11.293,8.1016,-0.83378,3.998,0.96192,-3.3991,5.8249,0.025816,-0.34527,3.1048,4.5445,-6.2087,-8.7213,8.3446
6.6162,-16.325,1.4451,-3.7938,5.6639,0.42615,6.6053,-4.6396,2.6063,6.6315,-1.7719,-4.2608,3.646,7.1715,-1.2123,-3.2238,12.552,-7.9293,2.8056,-7.0042,-5.0836,26.783,-8.1746,19.429,-3.5508,-1.8466,-3.5751,-0.59238,10.826,9.286,-3.0835,5.3983,1.9958,-15.674,5.6418,6.9337
5.0395,-12.331,1.4454,-3.2251,4.0994,-3.3084,8.5427,-5.7666,8.5583,6.7196,-0.3516,-1.2824,0.54974,0.74906,-8.575,-8.7328,18.716,13.771,3.1043,9.951,11.935,3.4918,-6.2988,19.741,-2.9007,-7.3746,-2.7212,-2.1203,9.5331,18.451,-4.3615,3.2817,-0.96669,-13.282,16.139,7.3229
5.9932,-12.172,0.33614,-2.7461,14.384,0.81352,6.5895,-2.5233,5.0526,4.5753,1.3983,-1.5119,-4.5183,-9.279,-15.734,-10.356,34.461,35.704,-6.6951,12.996,0.69426,-8.0892,30.741,22.108,-1.3338,-6.9147,2.0978,-1.1362,-0.73409,12.664,-2.7431,1.4361,3.3221,-2.7674,15.65,4.7259
4.6581,-16.618,-3.4179,-6.1384,14.839,7.3848,7.3426,0.49668,11.545,4.2881,-2.0528,0.81105,-3.1643,-21.522,-6.6802,-14.313,33.702,53.506,-7.957,8.6465,-0.55188,5.1288,49.946,43.377,1.3116,-1.4884,8.8926,4.3542,-7.8963,-1.0276,1.2725,-0.33965,3.7036,0.1289,5.576,-0.94063
4.5478,-18.821,-3.9902,-7.5151,17.525,12.932,3.8578,-1.2731,1.46,3.8027,14.449,5.7465,-1.166,-16.266,8.3292,-6.1149,1.3886,35.523,-5.3791,0.82856,17.771,12.127,41.954,31.24,2.7452,5.0701,11.952,7.1238,-13.216,-13.831,6.9497,-0.56055,4.2196,-6.9463,-17.233,-12.346
4.1801,-19.767,0.26848,-7.9969,19.38,17.386,5.93,-2.0684,10.079,9.6703,18.096,16.777,5.4314,-3.199,23.856,10.917,-4.2289,8.7241,8.8089,14.337,21.915,-5.972,15.974,10.471,2.4673,9.0708,7.8257,6.8766,-10.491,-21.243,5.2849,-0.99232,-6.512,-16.25,-27.102,-23.148
5.6493,-18.73,2.6576,-4.8743,12.808,13.574,4.6062,-0.82643,14.671,7.9478,12.301,6.1253,4.9097,6.9103,28.758,12.648,-12.651,-11.059,19.671,7.3486,10.559,-37.271,-38.437,-23.167,1.3203,7.7251,0.90192,3.3334,-3.5065,-18.244,-0.35215,-7.8462,-17.357,-11.416,-18.514,-14.329
6.8231,-18.263,5.1862,-2.0001,15.083,11.426,11.373,7.4417,15.897,-0.77049,7.0087,5.8573,6.1344,12.244,22.234,10.689,-11.731,-29.42,5.9425,0.42486,-29.506,-51.425,-45.367,-45.158,-0.64372,5.784,-6.2895,-4.7383,-3.2918,-10.977,-8.7402,-15.207,-14.532,4.4408,-0.35249,-2.7012
5.6811,-16.118,7.9299,-4.1894,13.348,10.382,10.972,-2.3538,3.8302,-9.6122,0.77454,-0.37734,5.0841,14.638,13.65,10.666,-12.393,-36.627,-5.7067,-31.447,-43.302,-22.228,-19.946,-12.591,-1.3328,2.7395,-6.703,-5.4763,0.8127,0.15872,-8.7633,-7.5907,1.6689,19.003,18.026,10.346
7.2313,-14.951,8.7492,-2.9949,13.244,4.272,5.7185,-1.0923,0.74609,-7.262,1.1758,-2.5511,2.1256,21.857,-0.037317,-11.783,-20.817,-33.375,-22.204,-42.3,-23.817,8.7107,4.9669,-8.3225,-3.0248,-3.2788,-4.463,-1.4162,7.5258,16.233,1.6415,4.2166,17.843,20.38,18.787,12.902
7.9872,-13.067,7.7011,0.95624,7.5308,-1.1624,4.5801,-12.283,0.59546,0.079774,5.2438,4.034,0.2502,15.801,6.3788,-3.4971,-4.0447,-8.2879,-10.073,-9.2426,16.058,27.676,26.528,10.146,-3.8212,-9.5588,-3.4655,3.2077,13.844,22.889,8.6541,17.049,15.501,8.1378,8.7858,2.941
6.7329,-8.86,5.282,-10.464,7.5832,0.51052,3.4669,-8.7436,5.6061,-1.2612,7.2574,-0.50957,-6.5725,-4.7318,3.5544,10.689,21.723,37.575,16.333,10.406,30.027,25.521,25.332,7.9832,-1.7629,-12.271,-4.0366,6.9273,12.081,18.124,12.741,13.569,2.3664,-3.4662,-1.5645,-1.3592
6.0555,-11.263,12.853,-2.2031,14.156,8.1191,7.0611,-3.1494,9.4295,1.2251,10.998,3.675,-9.6728,-19.862,-5.4735,15.469,35.557,42.345,18.295,27.444,7.2786,10.056,13.8,-6.039,0.30653,-7.6651,-8.011,-1.7191,-2.5548,0.52015,7.5857,-2.2303,-7.1138,-8.9087,-10.759,-7.3449
4.911,-18.219,7.9505,3.9295,20.793,18.419,12.645,-0.45616,11.343,4.9261,10.965,1.62,-1.7276,-21.669,-14.294,13.37,19.785,31.929,27.316,7.2034,-7.5947,0.18957,3.508,-7.0257,2.8155,1.4921,-5.4494,-9.8985,-16.737,-14.87,2.5623,-6.4836,-2.3216,-4.5501,-8.9377,-4.7749
4.0618,-18.319,3.63,1.4936,18.704,11.056,9.1388,-2.7048,1.3665,2.0142,10.29,-0.050241,-0.63959,-14.056,-24.752,-13.433,-15.849,-2.8644,22.364,-18.793,-0.69949,-4.2019,-16.356,-19.074,2.46,4.3366,-0.16599,-9.4534,-20.562,-12.289,2.8077,-0.41862,8.569,4.0377,-2.6562,1.5786
6.8659,-16.167,2.7464,-5.6276,15.201,15.007,16.086,-5.3643,5.8403,-1.5609,9.3652,-2.1598,2.9883,-0.17426,-14.053,-24.352,-36.258,-14.17,27.11,1.1061,22.408,9.9002,-4.2782,-9.3739,0.53859,3.2939,4.9037,-2.0874,-9.2256,-3.9796,-3.2128,6.3243,5.3167,5.0268,0.88561,5.3369
4.7582,-19.318,3.0789,-4.1412,9.0271,8.3928,16.523,-10.092,11.831,2.3676,3.6195,-3.9721,0.26918,-8.9261,-6.4238,-12.937,-39.233,3.9484,32.436,28.399,35.122,25.389,4.412,3.0283,1.5558,3.2464,6.8735,5.8604,9.0544,2.2107,-7.8084,5.8769,-11.646,-4.6192,1.0267,7.1491
6.0569,-17.807,1.1994,-5.429,7.5027,12.665,22.508,3.7904,17.314,9.6995,12.161,-1.1061,0.51097,-7.7638,1.0601,2.6856,-14.651,8.6248,6.2153,15.229,1.0778,10.528,-2.4479,8.6076,1.049,3.3225,4.9781,6.5007,16.485,-7.8066,-20.102,-8.531,-24.5,-16.05,-7.8426,3.6062
4.6009,-21.962,1.1917,-5.0743,2.9368,14.201,22.146,6.9174,13.191,9.0788,11.098,0.93704,8.3782,5.9709,2.0587,2.35,18.619,-3.2085,-6.2303,3.5304,-48.262,-27.612,-12.137,7.6809,1.5068,6.4173,2.2132,2.4617,13.528,-16.889,-21.593,-12.451,-18.031,-12.021,-6.0458,-0.79564
7.2,-18.726,4.2201,-3.8182,10.921,16.415,16.382,-6.2544,5.6993,0.34747,4.402,-0.31053,4.179,8.9897,6.5958,0.50817,17.24,-49.625,-54.066,-29.114,-58.402,-43.847,-35.217,6.3309,-1.1263,3.258,-0.77174,-0.13242,-0.32708,-11.084,-6.9525,-1.0616,3.1018,5.6959,4.1465,-2.0804
8.3757,-15.872,2.5979,-3.7716,16.627,4.9135,16.471,-3.3042,-6.4926,-6.7623,1.4304,-0.5294,5.9691,14.784,1.8742,0.46014,12.459,-51.37,-45.386,-11.684,-25.294,-7.5279,-9.4326,0.18846,-3.7308,-3.5389,-3.4224,-1.1593,-9.9178,6.5988,8.2821,6.9492,21.012,18.666,12.587,-3.0311
6.2589,-16.357,3.7942,-5.8263,9.2775,-7.5037,-1.6878,-5.6559,-2.0447,-4.3036,-0.61336,2.7926,-3.9162,4.1198,-2.7064,2.9685,-13.206,-22.713,-8.9696,17.528,5.1026,28.966,16.932,1.9519,-2.8819,-6.2618,-4.6485,1.2659,-1.4785,21.825,22.182,12.881,19.857,10.119,14.487,-3.1738
8.056,-15.755,2.3417,-3.8402,9.9879,0.47566,8.4879,0.77612,4.4154,7.6403,8.8894,-0.52029,-6.228,-9.2886,-10.402,-4.6768,-15.747,16.33,12.632,14.955,25.046,29.312,24.721,-5.2853,-2.5606,-5.6486,-2.5443,0.61893,6.3785,17.532,10.477,5.9704,8.9795,-12.893,-2.4049,-4.1397
5.4019,-16.725,2.995,-2.2997,7.6377,7.2774,15.888,0.46945,2.7966,7.629,9.1387,0.66088,-4.1322,-10.283,-10.508,9.406,23.951,25.651,27.833,21.972,15.715,-11.675,20.143,-6.8014,-0.41541,-0.060874,2.0598,-0.31363,11.247,4.7162,-6.154,-0.39366,4.316,-16.723,-11.97,-3.5966
5.6903,-20.332,-2.2037,-7.8733,9.5739,5.6877,13.998,1.1108,3.6099,1.9276,8.915,-2.1062,-6.7258,-6.258,-6.9462,0.33603,25.773,12.107,-11.402,15.946,14.297,-51.673,-23.063,-16.133,0.068371,4.8144,6.1849,-1.7737,2.3083,-5.5958,-12.764,-4.6444,3.4962,-1.3452,-11.542,0.48856
5.3757,-19.209,0.81265,0.89327,21.46,2.7157,9.4736,5.1625,6.2157,-7.2845,9.4455,0.18483,-5.7443,2.3002,5.8646,-1.1061,22.268,2.9788,-27.723,15.064,32.057,-14.156,-19.028,-10.607,0.94771,3.9224,5.5341,-8.1223,-17.066,-7.023,-8.0423,-13.466,-2.4889,17.665,-1.1792,2.922
4.7061,-17.642,-0.040205,-5.2686,15.963,8.8101,5.9944,6.4027,9.8544,-10.739,-2.7954,-8.349,-5.0801,8.4918,12.335,-8.2891,-3.3641,-0.31335,-23.409,-4.8131,34.357,23.827,-13.404,-0.93979,2.1384,-0.67465,2.6388,-5.614,-20.337,-7.1952,5.5082,-13.748,-14.154,20.553,10.143,7.699
3.0218,-16.921,4.8456,-4.155,15.577,7.2056,6.0288,5.3557,15.703,6.8846,5.4798,-1.5211,-0.21651,1.9541,7.5212,-26.893,-46.812,-3.2539,-6.3746,-34.978,-6.759,38.902,9.4179,0.21185,2.5985,-4.4113,-4.2864,-2.792,-12.562,-5.0291,10.957,-4.2342,-22.263,2.1316,6.3594,3.355
4.3272,-17.231,1.9476,-9.4937,10.833,3.2861,4.0164,-1.3924,16.045,6.7566,4.196,-1.7231,1.2021,-9.4583,5.4195,-14.84,-41.372,-20.752,5.465,-27.774,-37.064,24.563,13.431,16.952,1.2108,-4.8643,-7.2786,3.673,6.622,-1.9622,10.24,12.728,-13.34,-6.9879,5.466,-0.068612
5.4569,-18.438,3.5794,-10.441,0.61884,3.8508,7.2753,-8.4288,-0.25886,3.4187,10.659,-3.0222,4.1071,-10.781,-12.109,-11.79,-21.536,-11.947,12.624,5.3742,-43.545,-3.8654,-0.64859,-2.7776,-0.43118,-0.39511,-6.64,5.7114,19.697,0.67593,3.8483,21.052,8.7324,-9.6038,1.9066,-1.9128
4.0896,-21.612,3.3026,-9.5461,2.7564,0.11149,8.1036,-0.59227,-0.69682,3.2752,1.3309,0.87754,-1.1878,-9.4622,-14.242,2.5248,17.108,-5.7776,18.29,38.651,-13.951,10.271,18.96,0.21186,-0.48481,4.1347,-1.284,5.2178,15.345,4.5828,-1.0927,9.1582,18.794,-8.1959,1.8149,-3.7838
5.1942,-20.12,-1.8867,-10.024,8.8474,2.8194,10.297,7.6427,2.3011,6.6926,6.5881,-4.2102,-1.1774,-0.01944,-15.848,-7.0184,22.433,-7.3615,6.4544,37.072,25.346,-1.9707,16.187,-0.98224,-0.11151,3.2616,8.1294,6.0521,3.1785,2.8664,-2.126,-7.1257,16.341,-7.2697,-4.9606,1.226
3.8647,-21.121,-2.4407,-8.4396,15.273,0.91298,11.65,9.8975,7.7891,10.255,15.711,-1.0232,1.4203,5.8346,0.8685,8.8626,13.37,-0.1307,3.0864,2.1681,22.462,-17.364,14.088,-2.8649,1.8556,0.35354,10.147,3.4349,-8.8936,-0.32132,-6.3464,-14.907,2.3104,-9.9692,-12.588,4.0329
4.9807,-18.693,-1.4729,-14.503,5.5773,-0.23072,8.7291,4.862,8.1712,-1.0566,11.562,-2.563,2.2455,-2.1215,20.982,15.301,-3.7744,-0.4385,9.5959,-12.013,19.951,-26.396,-23.016,4.8909,1.8789,-3.3713,4.8968,1.9957,-4.4128,1.2367,-7.8579,-8.0388,-5.49,0.55821,-7.1744,5.8301
4.9065,-19.409,3.53,-2.8752,11.076,1.5712,10.431,1.8821,7.5993,-1.532,5.888,-1.3785,6.3784,-6.6435,18.079,8.5391,-14.256,-10.846,-15.013,-11.343,0.29886,-27.362,-24.38,17.44,0.3154,-2.6331,-3.6691,-5.2627,1.4686,2.3129,-10.455,3.8886,-4.7902,4.4172,1.5753,4.4681
5.796,-22.037,5.6191,-5.1554,9.0586,2.271,15.705,5.6441,12.371,-0.61203,-0.0082181,-1.5871,5.7381,-10.637,0.030799,3.122,14.182,4.1794,-23.785,3.6334,8.9777,5.8196,-0.45123,18.016,-1.7507,1.1611,-8.4685,-5.4337,5.4973,4.7591,-8.1323,7.2933,-5.9687,6.7017,10.516,-1.6624
6.6462,-22.77,3.053,-8.8439,6.4045,-5.7608,0.65615,3.835,5.8384,-3.6482,9.3065,7.2089,1.251,-3.0731,-7.0011,-11.361,11.734,9.1249,-32.498,13.788,3.9982,-11.386,10.682,12.913,-3.5474,2.4604,-4.904,1.8229,5.0428,3.6382,5.0522,3.8523,-5.0932,3.7595,2.9977,-8.5293
6.9799,-22.331,-1.219,-9.9577,15.004,5.525,1.7238,5.7023,13.54,2.9112,9.6271,2.1513,-3.9445,1.899,-8.8201,-1.9167,10.717,13.372,-22.323,11.888,-11.742,-0.87626,12.035,-1.158,-2.1043,2.19,2.4437,8.7756,-1.9705,-5.055,9.8208,-6.6062,-9.908,-5.8536,-5.0325,-7.4698
4.9401,-20.798,3.4485,-6.1547,13.971,4.5067,1.1723,8.7471,9.0139,-8.9866,6.4115,3.2089,-6.5171,-0.60951,-2.0155,20.173,12.691,2.7492,9.5168,3.7911,-14.807,-5.2169,-15.634,-15.619,1.2104,-0.34208,4.6255,9.266,-3.5811,-4.8373,10.714,-11.682,-2.6959,-0.69891,-0.84905,-4.4426
4.6768,-22.074,1.0113,-7.4584,10.634,3.8233,4.2856,9.1322,4.9127,1.619,7.4569,-0.16609,-0.89917,-0.91876,9.7564,31.233,3.8514,-17.908,4.311,-24.399,-31.16,-26.533,-12.455,-5.0666,2.7332,1.0797,3.5724,-1.3328,-6.2144,-0.68984,3.8746,-10.732,8.7564,3.9699,6.561,1.9295
4.5392,-23.204,0.93008,-0.0072066,14.935,-3.5353,4.1337,4.0156,2.7488,-5.6106,2.5745,0.55798,5.7803,-3.3747,6.838,18.394,-2.7386,0.57806,7.7555,-26.477,0.22769,-2.0521,18.682,-7.3455,1.4941,4.8854,-2.7947,-15.07,-10.681,4.3253,0.30636,-5.8556,12.179,13.833,10.806,3.8131
6.7307,-21.587,4.9185,2.5851,16.448,0.59222,2.3987,-4.1316,1.0931,-12.043,5.318,0.94348,3.573,8.68,4.6154,-7.6911,-12.64,11.008,-2.0688,-26.636,24.522,17.391,27.682,4.3526,-2.0705,6.2408,-6.9694,-17.903,-10.197,-0.071304,2.2061,3.7057,7.8935,15.08,2.6201,2.5761
6.8033,-22.729,4.9139,-1.9797,9.6944,6.4112,5.9935,2.1403,11.038,-3.1815,16.822,-1.0186,-1.2825,19.018,-13.419,-35.716,-32.469,9.9178,14.239,-24.369,18.247,41.986,18.329,-1.2631,-4.4124,3.8372,-5.6663,-9.249,-3.8597,-10.517,2.3449,10.44,-8.3144,-1.5592,-7.9981,-1.4824
5.3313,-17.971,1.3271,-10.318,6.9342,4.3541,2.3212,-3.2481,13.029,9.0999,14.174,2.7985,-7.7202,19.089,-14.962,-31.228,-32.267,-22.934,12.1,-6.9251,-0.70239,26.847,0.82194,4.773,-3.5585,-2.7319,0.010434,4.683,5.8334,-8.7874,1.1632,14.887,-14.026,-12.403,-5.5688,-3.8714
4.5977,-15.503,-3.9835,-11.414,3.4572,-0.45734,11.292,-8.6104,5.9043,4.8108,7.311,-1.0011,-10.635,10.607,-11.705,-16.083,-12.224,-35.036,12.396,15.867,-28.732,-14.576,-7.8781,-14.968,-0.050279,-8.4274,6.1357,12.848,16.332,4.9469,-5.576,9.8584,-7.4762,-12.633,-1.9087,4.1881
3.9734,-15.656,1.886,-8.3115,3.4329,-7.4404,5.7995,-2.2188,3.3086,-2.6159,10.484,3.3212,-9.5433,-0.77384,3.8105,5.9075,6.4041,-10.452,4.6687,27.68,-22.118,-16.343,12.941,-8.1518,4.1158,-8.4573,4.6143,11.48,16.327,18.842,-3.7661,-2.7289,4.1276,-3.6103,-2.2493,7.6054
2.1646,-18.583,-1.2178,-11.024,5.3332,-5.2093,10.452,9.5589,1.532,-4.6116,14.728,-8.7639,-0.62231,-13.187,7.8733,9.9575,29.858,28.412,-9.9261,7.6206,-8.4261,0.41732,2.7258,26.14,5.7623,-4.5804,1.6218,5.3124,7.709,17.731,-0.4526,-12.183,11.309,4.0013,-3.6798,6.1804
1.7761,-16.818,1.8495,-7.5587,9.1982,1.5041,5.0754,1.5074,4.1566,5.6393,16.936,2.604,7.8523,-11.3,-1.6798,13.152,28.328,39.553,4.4303,-16.447,9.7826,1.2987,-15.726,22.246,3.1208,-0.71414,-3.5621,-4.4678,-4.9528,1.8917,5.5991,-8.8368,4.4744,-1.5083,-5.2564,-8.8294
5.3852,-21.516,-0.028619,-6.8116,15.503,9.2762,6.6907,-6.6632,1.2672,0.89181,5.448,12.427,9.4784,-7.032,-0.85022,6.8565,15.359,28.618,10.252,-22.985,11.865,-3.3905,-11.943,0.73498,-2.516,2.984,-4.7955,-6.7724,-13.624,-12.093,6.9162,-0.1483,-3.4027,-0.60929,3.1619,-20.749
6.2893,-19.84,0.45146,-3.8421,12.512,5.0932,9.8954,-2.3311,8.3323,-4.7183,7.2612,3.8485,1.0102,-7.4222,-9.6381,-14.881,-11.111,-1.0964,22.575,-1.2013,-9.8917,-21.981,-6.006,-39.596,-5.4836,1.4624,-2.1253,-6.8761,-12.296,-15.146,1.0031,0.54888,-9.5091,5.9955,6.1259,-11.637
4.6472,-20.588,-0.94392,-9.4544,11.356,7.3049,13.168,-0.014244,5.3768,-1.1281,13.594,-9.0187,-9.781,-0.20629,-12.125,-9.888,-18.541,-11.726,15.582,-0.74362,-15.602,9.0107,13.675,-46.684,-3.5324,-0.36589,1.0352,-0.10737,-5.2419,-14.026,-8.3763,-3.4949,-3.9483,8.0136,0.55048,5.9286
2.6503,-20.993,-2.5119,-13.678,5.7164,1.9415,13.124,-2.4178,-2.844,-4.3412,9.8604,-6.4712,-9.9358,-7.4014,-6.6688,-12.857,-16.203,-16.006,6.7807,-24.823,-24.029,25.076,2.0941,-12.228,1.613,-1.1733,4.6858,5.6349,3.9532,-5.4775,-12.651,-1.9576,9.6928,2.6809,-4.8597,14.752
2.3142,-21.042,-4.6095,-6.8377,9.6309,4.9888,12.867,-6.9917,-0.94588,5.2086,10.986,-5.7546,-2.7108,-8.8719,2.8412,5.3074,-8.3041,-34.056,-23.732,-28.648,-0.80726,13.149,-13.241,16.694,4.2188,-0.78834,3.6245,3.4244,5.9615,-1.1793,-8.9384,8.804,15.544,-11.573,-10.651,9.389
2.4879,-23.314,-1.0502,-11.579,5.273,-1.752,13.436,-11.254,-0.52094,4.6512,9.6122,-3.8974,5.5404,-8.9561,6.3078,5.6953,3.5365,-17.319,-21.021,2.9629,31.175,-10.646,-16.846,2.4737,3.5542,2.9552,-1.1604,3.2382,6.0164,4.4189,-0.58815,18.606,11.445,-10.853,-8.3209,-5.314
3.373,-23.864,-0.2542,-7.8503,7.4256,-7.8763,1.1459,-9.9204,3.8117,0.95043,7.0975,-1.9587,3.5747,-3.3707,-0.49064,-2.042,1.3969,-16.967,-15.208,29.383,34.516,-30.992,-30.109,-7.0893,0.79325,4.6133,-4.2827,-1.346,3.7846,9.3581,10.309,14.78,-5.6829,1.951,2.1147,-7.4782
4.891,-24.06,-1.5356,-10.324,8.5873,-0.28549,8.4744,0.52805,10.365,-7.5349,3.3814,-7.1323,4.6926,4.6237,-10.805,7.0091,9.0282,-2.4566,-0.422,39.191,15.533,-7.1182,-31.076,-26.906,-2.0116,3.3563,-4.0274,-1.1224,2.1054,9.958,10.216,2.2423,-19.721,10.655,10.929,1.7634
2.9,-22.354,-4.612,-8.4861,8.6722,-4.2278,7.744,1.809,10.869,-4.1941,-0.9529,-7.6818,1.6793,7.4048,-10.016,-2.0794,7.873,5.3035,17.515,27.139,-21.401,21.14,4.4475,-6.0073,-2.5371,0.41035,2.3714,0.20818,0.83401,12.033,6.4813,-6.2163,-17.698,8.6089,14.866,11.103
5.0707,-21.756,-4.2736,-7.7563,9.1638,-4.8045,9.926,2.4768,3.7166,3.6643,-1.9007,-14.489,-3.5702,2.4375,-9.0668,0.10185,10.826,21.336,13.698,15.296,-39.472,16.565,20.52,10.749,-2.6125,-3.288,6.5585,0.73097,-2.5697,7.0733,-1.1392,-5.6486,-2.0138,-5.8463,6.9763,13.269
4.1228,-21.313,-3.8932,-10.174,11.074,-2.965,9.1775,2.6749,-3.5647,5.921,11.962,-1.284,-4.9795,-0.22583,10.497,2.4526,4.6682,31.304,10.138,10.249,-26.471,0.21134,18.421,29.6,-1.1783,-4.1431,7.4234,4.2308,-4.4121,-1.1162,-7.7407,-4.217,12.961,-10.302,-7.4736,2.0505
2.4946,-23.362,-6.4285,-9.4292,12.799,9.751,14.607,7.7433,-2.1542,-4.3097,7.1837,-4.9565,-5.0407,-8.0011,11.731,8.398,-2.2177,19.91,-2.4294,19.393,7.9985,-25.885,-3.1816,21.634,1.0731,-0.79468,6.0457,-0.22013,-7.1364,-13.454,-11.824,-6.0895,16.197,-3.7164,-9.6079,-3.3032
1.6983,-21.664,1.714,-6.4235,9.1886,4.1465,10.473,4.3,0.5692,-0.10144,3.7155,2.3521,-3.4767,-8.0914,16.702,14.926,-7.6657,0.43577,-13.125,4.0061,19.671,-9.1464,-21.07,-1.1974,2.8196,1.6008,0.18051,-3.7178,-5.9864,-17.486,-11.823,-6.1557,9.0629,5.747,0.8335,-4.4481
3.7626,-25.581,-1.2116,-5.4325,8.9976,1.5945,8.0638,11.361,5.6489,-6.2671,0.63185,-5.4897,1.0441,2.3969,18.06,-7.2357,-18.689,-30.498,-33.792,-12.03,18.443,2.6622,-7.7744,9.6322,1.8396,3.6679,0.54222,-4.9255,-2.0345,-10.848,-5.1182,-4.6859,-0.028577,15.964,15.285,3.8116
1.7505,-24.249,1.8494,-4.7089,9.1418,1.3311,5.8867,2.8693,2.3691,2.3264,4.7035,-1.6161,6.0759,2.579,8.2356,-8.3195,-17.028,-30.92,-33.294,-4.8187,13.621,14.673,24.885,13.361,0.31768,3.1514,0.32337,-1.8018,4.1388,0.29905,2.3045,3.2955,-1.3016,12.148,16.49,4.6727
2.9905,-20.871,2.5337,-13.904,3.4781,-4.0902,0.0039848,2.4436,6.1675,-4.1926,2.8025,1.8437,-0.61897,5.0033,18.676,-4.6067,-7.7092,-18.654,-17.936,0.3759,10.88,42.027,50.268,33.413,-1.6026,0.94468,0.17017,5.5387,8.9014,10.31,11.91,5.3776,-1.8896,2.356,-0.81604,-2.7571
5.1223,-22.73,3.9592,-6.3473,3.4342,-8.4714,-2.1444,6.3492,7.1205,6.1977,15.073,5.3658,-1.0567,6.3626,18.011,4.603,7.5382,-3.9911,-9.5303,14.281,16.944,31.913,32.359,10.276,-1.1221,1.1198,-1.6744,1.6678,6.7514,12.342,15.324,-0.070462,-4.0064,-12.723,-19.664,-5.6405
1.7672,-23.839,7.0713,-6.9167,7.9969,-2.831,3.1114,9.8086,8.7134,12.811,20.581,7.7259,-3.4026,5.2284,14.023,13.997,13.535,7.5883,13.876,5.3085,7.3339,5.8222,-15.592,-2.6109,2.1774,-0.43028,-7.5698,0.15754,1.7759,7.6463,12.961,-8.6724,-8.2225,-20.931,-18.989,-5.5153
1.8338,-19.584,8.586,-5.9012,10.652,-1.294,-0.43222,6.3271,9.5682,9.7811,11.994,0.58064,1.8572,8.0652,2.1898,-9.2824,6.1068,17.67,27.418,-7.6373,-4.6374,-30.841,-40.505,3.1703,2.2434,-2.9317,-10.551,-2.2212,-3.0627,1.8621,9.7743,-8.5843,-8.4447,-10.603,-1.5139,-2.4813
2.9335,-19.83,7.2317,-7.129,6.6367,-3.8847,6.0861,5.1089,8.6106,-3.0732,-3.4538,2.9308,8.8111,2.0006,-11.263,3.1237,1.8861,8.7475,28.394,-32.027,-19.441,-31.249,-8.2423,9.3896,0.59246,-3.9127,-11.424,-4.2059,-1.2803,0.2143,1.9248,-1.4167,-2.2383,10.088,18.217,-5.9537
5.4677,-20.702,4.9739,-10.882,7.1677,0.89037,10.077,4.8804,4.8532,-1.2806,6.8381,9.3485,4.0533,-6.6818,-22.099,-1.0667,-1.9511,4.7397,32.082,-9.973,-11.892,-2.5687,21.115,-8.1309,-2.3043,-4.6981,-6.6714,-2.6367,1.694,-1.9989,-3.1177,8.0956,2.6244,18.72,13.204,-12.782
4.3557,-22.28,3.2457,-2.8643,10.682,0.45058,12.054,-5.4816,1.3501,2.7172,19.038,8.0368,-1.5383,-6.9618,-30.953,-11.14,11.162,15.125,21.169,-0.6069,-0.23039,42.124,44.684,-26.729,-3.0801,-2.263,2.7465,-3.6779,-0.29996,-2.5855,-7.9251,14.128,6.6631,8.2825,-9.9262,-13.106
3.1493,-21.7,-0.47069,-8.5669,7.6534,-1.0918,12.625,6.6359,7.2524,5.6016,11.305,-6.0378,-4.4893,-10.944,-21.322,-15.334,9.9388,4.4868,15.443,17.13,-1.121,26.074,-0.94659,-42.68,-0.20921,0.95108,10.91,3.5052,-4.1417,-4.9322,-12.392,7.0091,2.2906,-5.0113,-18.443,2.1636
3.3236,-22.812,-5.5227,-13.857,11.975,4.6688,15.397,3.9277,7.2958,14.548,16.655,-2.7405,-2.318,-7.1833,2.0806,-8.1322,-5.5587,-4.0533,-2.9115,25.06,8.4888,-4.1579,-46.842,-38.865,0.96201,2.76,14.422,9.8236,-8.6405,-8.5164,-12.513,1.1999,1.9231,-11.662,-13.316,17.335
3.7391,-25.908,-1.3028,-13.053,11.491,1.0247,16.127,8.7409,1.3199,5.8413,7.5564,-6.603,3.397,-1.8157,15.933,14.955,-14.299,-10.332,-17.836,12.239,-4.7985,-4.4842,-25.337,8.7553,1.0056,3.2554,7.4065,9.1449,-3.7398,-2.806,-9.2451,-7.7201,4.7486,-3.0509,3.184,17.928
2.9018,-23.767,4.7021,-4.6873,5.9839,-2.6343,8.8469,5.9958,8.5608,0.51843,-2.5087,-11.113,-0.67145,2.274,22.527,22.833,-19.922,-20.048,-24.758,7.8384,11.224,-0.90884,-9.7015,34.229,-0.080305,0.80103,-1.5202,0.034086,5.0188,4.0149,0.97462,-9.1573,-1.6634,2.4698,11.823,5.8415
5.0587,-22.13,2.3832,-5.674,3.4993,-2.6064,6.982,11.721,4.2207,10.374,8.2185,2.5262,-0.28462,0.60411,5.4873,14.908,-1.5785,-1.5459,-19.86,-12.859,21.254,9.195,-3.5969,10.411,-1.539,0.85726,-3.9766,-7.7435,11.087,10.409,11.026,-5.6481,-4.5776,-3.9984,5.7322,-11.884
2.3281,-23.564,3.8979,-6.13,6.0097,-3.5396,7.5904,6.3567,11.457,11.827,11.473,9.8092,-0.87865,-4.3881,-0.29773,-7.938,13.175,11.628,2.9734,-8.1773,-12.855,1.3516,1.4012,-10.486,0.12072,2.7453,-4.907,-7.274,10.396,12.232,14.508,1.0264,-9.4816,-6.3308,5.6342,-13.995
3.8837,-25.708,1.8429,-4.8776,10.688,0.70436,6.8258,2.1309,10.499,4.7845,-1.2329,-11.859,-4.1944,5.8017,7.4619,-8.3766,24.589,25.874,23.429,-7.9936,-15.647,-25.607,-2.2274,-28.308,0.72337,4.3344,-2.991,-2.3383,0.76915,2.2443,7.3857,2.3033,-6.9787,-6.0787,11.449,4.725
3.05,-24.173,4.8234,-9.0545,8.9767,1.5245,10.412,6.7024,-1.0056,3.989,2.9176,-9.1636,1.8871,13.402,-2.9951,-1.8949,18.977,27.401,26.137,10.538,-17.733,-15.162,17.785,-16.387,1.6605,1.9098,-6.0479,1.4307,-8.8991,-10.351,-7.308,-5.6522,2.6362,-2.3626,7.0353,18.372
2.6005,-18.925,5.6514,-8.4001,14.31,7.7986,17.286,7.5516,2.6286,1.4898,11.383,-2.1416,1.9494,13.381,-8.1188,0.19467,-0.63364,1.7894,5.487,-10.7,-11.2,-12.942,45.456,36.987,2.14,-3.9779,-5.7851,-0.93518,-14.124,-18.025,-17.302,-11.769,-0.73212,4.1716,-4.1958,18.053
3.9132,-20.254,0.49607,-5.3162,13.687,6.6136,15.429,8.9151,6.5259,5.8933,14.058,-3.2429,4.3519,1.3713,-22.747,-5.0699,-18.709,-28.084,-24.595,-35.085,-1.8971,-16.794,12.736,48.725,1.0383,-4.0968,2.9289,-3.4298,-11.177,-14.485,-18.66,-14.237,-6.7844,3.2177,-15.798,3.1054
4.4268,-20.976,-0.052826,-6.6494,8.0165,-0.94548,7.0607,-4.3256,1.1332,-2.6384,15.925,3.6746,5.273,-8.0723,-11.588,-11.465,-27.189,-36.507,-37.716,-44.029,-27.226,-3.9325,-20.682,29.399,0.72299,-0.85582,10.628,0.62492,-3.2574,0.59153,-5.7809,3.6746,-5.4153,7.7226,-16.819,-17.258
4.3128,-22.461,-3.6979,-12.465,2.7689,-8.1454,3.2265,-4.9015,-1.2064,-2.3438,7.0143,12.291,5.4167,3.6445,13.384,-13.214,-23.631,-25.878,-45.562,-43.981,-43.642,-3.5782,-28.136,2.9339,-0.52798,1.7598,13.054,6.264,7.8416,17.123,10.085,18.694,3.7581,7.0936,-5.4514,-24.363
5.0372,-21.858,1.9544,-10.558,6.1747,-3.0756,4.5292,-7.5546,-7.1181,3.6421,4.5632,4.7908,5.0319,7.9655,26.956,7.3913,-14.46,3.6442,-12.934,12.121,-17.404,19.063,-18.203,-26.407,-2.3215,0.4203,3.0798,6.1181,12.154,21.419,18.981,22.712,14.631,-0.87233,2.5441,-15.503
6.3164,-17.991,6.1844,-9.9689,2.7924,-5.2604,-6.0863,-11.461,-11.17,0.96394,5.6704,-2.334,1.8325,2.1515,23.252,16.822,14.134,37.455,13.441,30.31,11.982,7.1764,-15.76,-45.188,-3.2653,-3.8058,-7.6782,0.18113,11.832,15.301,21.999,17.806,14.734,-7.6065,6.0884,-5.3144
5.941,-19.228,8.4841,-4.2017,0.77477,-0.56589,5.2499,5.0146,-2.5872,5.2394,7.4955,-2.2165,-4.5426,-5.2243,-1.1231,4.1076,14.701,38.92,27.689,32.385,18.119,-13.671,-14.149,-24.055,-1.8096,-4.8006,-11.637,-7.5586,6.7043,-0.87384,8.9636,-1.3181,2.6491,-10.394,5.4907,2.4831
4.7772,-22.7,4.6632,-7.2322,12.536,9.3272,9.5865,3.9687,2.5192,0.44578,-2.332,-6.7992,-6.1228,-8.7896,-10.968,-10.667,20.948,32.991,44.123,34.918,12.265,-25.243,0.27876,-24.814,0.98514,-1.4845,-5.6217,-3.1672,-2.7006,-16.574,-6.5985,-9.7624,-4.2227,-2.1816,9.6796,8.5093
3.5355,-22.115,2.1534,-9.8728,8.6535,9.0907,10.537,0.92317,-4.9033,-2.9345,1.4898,-5.0043,-0.038265,-10.567,-14.117,-16.658,15.654,1.5072,16.543,3.2263,-4.2995,-16.697,1.2311,-24.179,3.5715,2.0064,4.8304,5.0336,-6.0709,-20.179,-18.651,-9.6566,0.30933,6.0539,9.0835,8.7328
4.4577,-20.943,3.8659,-12.467,9.3272,6.4066,13.331,8.0437,-3.8794,-7.5706,8.8127,-13.347,4.5061,-2.5995,1.6406,11.368,0.15394,-26.711,-13.979,-3.9231,2.0781,-2.2187,24.947,-2.5795,2.4982,4.5365,8.3781,5.244,-8.3122,-15.849,-21.632,-9.186,0.57019,9.1092,5.5651,12.373
6.0816,-25.39,1.8242,-9.9133,10.206,1.648,11.649,4.5903,-1.5376,0.89888,2.5387,-11.032,8.0007,1.7124,16.725,18.258,-5.2566,-32.125,-36.513,3.523,24.759,5.086,18.934,8.4916,-0.55922,6.4073,8.2828,-1.1921,-6.3272,-2.4586,-9.0748,1.4806,-3.0892,5.2976,4.5788,12.074
5.7572,-22.362,5.6481,-1.5278,11.836,-0.30683,2.0415,0.17363,1.8754,-2.5802,9.6172,-5.0751,2.3487,7.7534,15.502,-1.9043,-10.157,-29.439,-37.507,-11.161,0.58648,9.411,19.253,20.714,-2.5456,2.5705,-0.33161,-10.074,-2.333,8.0837,3.2233,3.6311,-3.1703,3.4902,-4.4617,7.6118
6.8861,-20.549,9.6247,-6.2131,4.7706,-3.615,-2.0744,6.6197,4.5986,-2.8867,10.554,-4.8945,-1.7557,16.293,20.366,-15.982,-10.826,-9.422,-17.067,14.248,-19,3.9757,26.972,24.546,-3.2522,-2.9452,-8.098,-7.8615,-3.3544,7.2204,7.5402,-1.1384,1.9507,2.2162,-10.187,1.2232
5.2298,-19.487,7.7166,-15.269,6.9663,-5.6812,1.4392,1.4486,-6.6542,-0.97236,14.431,-6.0589,-3.3438,2.9628,-1.8382,-21.881,-8.7263,2.3562,-7.5856,8.8699,8.1055,15.787,-1.3802,27.452,-1.0926,-6.9791,-9.0189,2.6298,-3.1595,3.2049,4.8357,0.28681,13.235,-0.38672,-14.263,-5.6764
5.4675,-18.682,10.973,-11.034,7.2278,-0.37579,3.4168,11.077,-6.7726,2.0828,13.618,1.7331,-5.4139,-10.618,-15.095,-11.061,-22.744,-11.92,-13.774,-12.184,30.752,12.979,-21.683,11.238,0.80862,-7.1539,-7.5085,6.0911,0.87329,-1.5049,2.028,-3.6792,10.409,-3.1589,-11.731,-11.065
4.7947,-21.815,4.0547,-10.058,6.2446,-0.74834,-4.4969,2.3801,11.614,2.8286,7.3955,5.3371,-1.2851,-13.686,-11.862,8.7843,-19.996,-12.165,-14.976,3.4894,41.887,2.9757,-27.734,-1.0143,2.6418,0.76133,2.0784,6.4073,7.0519,0.73321,3.2458,-2.2844,-9.5438,-6.7663,0.52808,-11.554
4.3968,-24.694,3.9081,-14.349,-6.2406,-12.042,-5.9931,0.061873,10.841,1.7023,3.2307,-4.9733,1.2581,-11.152,-12.164,-0.85832,-0.82519,-9.686,-3.2316,-1.4578,16.156,-5.4132,-18.506,-16.544,3.9521,6.7179,5.8247,2.8081,14.509,10.657,8.4609,-1.1211,-20.76,-5.5516,10.84,-5.5181
5.1226,-23.323,5.3182,-9.219,3.7026,-5.9308,-1.3437,8.7008,5.4823,0.70573,5.7579,-3.2129,6.5293,7.0363,7.0884,5.0546,15.574,4.905,3.3726,-7.9152,-32.316,-8.8483,-0.32863,-16.426,2.1289,5.7624,3.8472,-1.4572,8.951,10.022,7.0789,-8.8371,-17.068,-0.30114,15.454,1.0242
5.9325,-23.503,4.2594,-11.882,8.0862,-2.6276,0.22439,7.1875,4.3711,0.43766,5.1836,-2.2642,10.439,12.61,4.5533,4.8443,32.017,32.831,19.357,-12.087,-35.944,-8.867,18.812,-8.6465,-0.85402,1.2759,1.1526,-0.063032,-1.2988,6.2315,3.3002,-7.0693,-0.60443,3.2785,12.178,5.8786
7.2914,-18.892,7.4233,-8.764,6.8682,-3.0029,-5.9194,-5.1403,-1.3092,-0.96324,6.2548,-4.2302,4.7689,3.2451,-0.98447,-1.3528,8.338,16.687,9.1247,-35.382,-17.402,3.1969,30.879,0.15786,-4.5186,-4.0517,-3.9522,-0.69479,-8.3323,-3.2002,0.21791,0.5641,17.377,3.4667,2.0073,5.7308
8.5321,-20.605,5.1322,-12.154,8.1853,2.9098,5.9732,0.93877,-3.7356,-1.8967,12.388,-8.7878,-2.1318,-2.8768,-2.3649,2.0302,-3.7012,15.58,10.393,-23.071,5.6769,4.9566,26.782,4.5571,-6.6399,-3.5294,-2.0782,3.1442,-10.396,-11.354,-6.8759,6.467,16.112,0.71494,-8.944,4.8297
6.2073,-23.15,4.3895,-9.7592,7.8221,-0.35595,0.34424,-5.8657,0.83493,3.4714,17.595,0.12789,-9.7779,-5.479,-9.2137,2.9877,-8.2284,-2.4708,8.9439,0.39728,33.757,1.5733,5.723,5.6267,-3.0538,1.897,0.21237,4.5781,-4.7007,-9.0678,-5.6644,11.087,0.18197,-1.8271,-16.513,-0.54672
5.4087,-22.813,4.5938,-10.369,5.7587,3.8391,2.2892,-3.9854,6.1375,0.69868,12.904,-2.1647,-15.487,-0.67494,-1.7232,18.395,-11.677,-14.363,-14.932,2.3586,19.034,-4.4805,-13.33,12.768,1.54,3.4364,2.5462,1.4575,1.253,-6.5742,-4.2442,8.0602,-11.542,0.63421,-16.321,-4.354
3.9641,-20.528,3.0856,-8.1626,3.9673,-4.7029,0.39459,-2.4796,10.633,-1.4743,8.8582,-4.7284,-3.8225,11.629,-0.24346,13.355,-11.177,-13.68,-6.5347,7.3397,-23.17,-1.22,-31.63,-6.6811,5.327,0.79177,5.4596,-4.6092,5.0348,2.644,3.4198,6.3576,-14.072,2.7633,-4.5104,-2.1736
1.9102,-22.254,4.9225,-3.7552,4.274,-2.098,-1.518,0.42499,0.88251,-1.6641,10.091,0.024243,2.5905,5.7514,5.8811,4.1336,4.0385,-11.686,-3.0886,13.759,-23.572,9.5244,-36.148,-11.059,6.3648,-1.042,3.1755,-9.0633,3.4166,6.0702,9.2502,4.599,-0.81626,1.1756,3.5075,0.57913
6.0452,-17.615,4.1034,-6.3886,2.9758,-4.2277,-1.0195,-4.401,-8.1228,4.0427,3.1863,-4.3071,7.8185,-4.7333,14.282,-12.928,9.0876,9.4108,20.121,26.485,-15.302,8.3875,-5.4205,6.672,1.9614,-2.3175,1.99,-5.1291,-3.681,7.4828,6.3985,3.5949,10.813,-5.6086,8.9098,5.4542
5.6634,-21.393,7.0255,-9.1896,8.2737,-2.2416,1.452,3.8548,3.7296,2.7023,-2.3336,-7.9047,10.517,2.2961,6.8917,-13.78,-4.727,4.4429,17.991,15.781,11.019,-3.4064,-8.8979,8.9869,-0.98968,0.88052,0.15346,3.7204,-7.8157,7.216,-0.22762,-5.1731,4.1737,-11,9.1114,6.3825
5.9968,-23.324,9.1752,-11.909,6.5113,0.074299,8.9704,9.0481,1.5587,0.53625,12.36,2.5721,2.0212,1.7693,9.2011,-3.3334,-25.2,15.669,14.918,24.303,13.602,-22.798,-0.70592,10.567,-2.8823,2.403,-1.38,10.827,0.90765,3.8142,-11.319,-14.246,-5.5081,-6.4459,3.3779,1.9086
7.1929,-18.251,5.8325,-7.8849,0.14274,-2.0275,2.4826,1.5908,1.5511,-1.6141,1.0554,1.0781,0.54076,6.9027,9.1888,17.939,-17.896,21.265,-1.6249,-11.016,-17.155,-29.884,7.0524,18.906,-2.4187,-0.97536,-1.3559,6.8411,15.255,1.679,-14.516,-15.68,-11.392,4.0171,8.8933,3.5324
6.2911,-18.302,9.3005,-8.7076,-5.5586,3.4999,5.9241,8.8827,-0.23257,-5.1979,1.1389,-3.5151,-1.6047,4.9785,6.2336,25.347,20.211,20.071,-26.666,-31.347,-28.756,-10.603,3.4939,11.255,0.014718,-1.7285,-6.5708,-3.5995,20.354,-10.793,-12.566,-8.0766,-0.60588,11.286,7.0391,4.4316
5.7866,-20.453,11.557,-1.8211,5.3605,6.6781,2.1626,-1.5703,-3.9521,-9.3728,6.8034,4.592,0.23623,-4.1854,1.596,6.0852,48.842,10.637,-33.799,-34.796,-24.764,10.582,33.469,26.305,0.62958,-2.2145,-9.9783,-13.5,6.3223,-17.68,-1.4047,10.894,14.744,11.373,2.2386,-0.11389
5.8975,-19.734,9.4296,-2.2673,14.008,5.757,-4.2027,-5.0449,-10.068,-0.88596,11.233,6.4427,2.2471,-1.3289,-19.856,-15.404,43.203,-32.981,-31.824,-4.1896,14.377,13.4,21.281,29.026,0.64496,-1.7941,-7.192,-12.34,-14.038,-13.693,12.853,16.03,17.238,2.7313,-5.0455,-3.6441
7.5078,-19.627,6.5659,-8.0624,14.781,2.1625,-9.3533,-8.8435,-5.9133,1.521,12.743,9.2515,1.7627,-1.0161,-27.658,-29.185,2.2188,-40.611,-6.0693,29.877,34.999,14.98,9.3519,9.4515,-0.79165,-2.1334,-1.8144,-0.58398,-21.617,-2.0507,19.968,11.218,10.561,-0.95647,-16.539,-6.7353
6.5541,-19.379,1.868,-13.289,11.333,-10.733,-4.2301,10.424,7.9365,-3.9446,8.81,8.6682,0.8568,-5.5764,-15.1,-18.717,-26.67,-22.773,23.736,16.464,27.554,0.8544,-9.6754,1.4614,-1.9461,-3.5768,5.2361,8.8197,-16.559,11.793,15.575,-4.9564,-3.4892,1.2167,-14.066,-6.3306
6.3397,-21.139,1.5091,-10.903,7.8072,-5.3824,-0.85829,5.6334,4.5453,-0.35358,12.691,8.205,-3.0269,-12.729,-9.8543,4.8215,-24.307,-4.7201,38.262,10.968,21.453,12.073,-33.75,6.4102,-2.1847,-2.2373,8.492,12.283,-3.7917,11.131,2.5845,-7.5202,-4.5611,5.6186,-8.4629,-5.0096
6.9099,-21.766,4.4082,-10.205,4.1594,-1.8569,3.418,-4.0512,-1.5196,0.47853,6.4214,7.6967,-5.0886,-13.357,-2.5777,11.691,-26.331,8.0408,23.887,-19.517,3.7036,20.937,-27.5,-1.1063,-1.9506,-0.049567,6.2631,5.3663,5.5958,10.398,-6.8511,3.9194,2.7502,9.2274,-1.307,-11.698
5.8164,-24.798,0.36869,-7.1935,6.2139,-4.6354,5.9536,3.8782,9.5415,5.3457,-2.9382,12.942,-6.1881,-8.3122,8.5409,17.026,-16.909,-0.36024,6.7778,10.266,24.119,33.031,-24.05,-14.313,-0.4783,2.4019,4.0486,-2.2382,10.008,6.6343,-6.9513,6.2371,1.1494,-0.63703,2.0537,-18.08
4.2714,-24.228,1.1494,-9.2985,-1.0358,-7.0857,4.3074,1.5435,7.2902,3.6743,2.8746,5.7464,-7.3155,-8.0325,7.0184,2.0129,-2.3899,27.036,5.223,36.412,39.973,36.512,-21.06,-46.669,1.8428,2.5527,-1.1929,-2.625,15.166,-1.0092,-2.3417,4.3456,-4.6095,-12.969,2.1029,-11.2
4.5649,-24.064,7.4089,-2.8434,1.9503,-2.9481,2.0859,7.9692,12.2,14.564,2.4393,2.0238,-4.305,-3.3812,5.5908,-1.5308,13.76,18.954,12.837,14.189,9.0661,1.1,-26.701,-61.208,3.7013,3.5735,-5.5861,-4.2767,11.487,-4.6366,-2.643,-8.951,-15.05,-20.569,10.839,4.202
3.878,-26.149,4.3972,-11.374,5.0962,10.817,7.9634,12.109,17.138,14.125,-6.7975,-10.179,3.1839,-3.0591,-7.0673,7.8442,34.162,-6.662,9.1486,0.24978,-11.817,-27.941,-15.66,-33.658,3.5021,4.8449,-3.5007,0.75837,3.5705,-4.3684,-8.6356,-18.368,-21.149,-16.066,23.586,23.317
3.8606,-25.528,1.5402,-6.9212,10.028,-4.1102,10.544,5.6898,9.1508,0.67016,-11.453,-9.6994,7.0688,7.0685,-12.347,-7.2732,22.249,-6.6941,-8.4002,-16.408,-25.237,-37.588,27.445,0.19176,0.7039,5.2961,1.7145,-2.0471,-5.4202,12.61,-9.7725,-11.235,-11.228,1.1665,25.78,27.616
6.2155,-25.026,0.55008,-3.3376,12.007,-9.8357,4.6525,2.8081,2.9061,-3.349,1.9907,-5.2212,4.5082,10.967,-1.5161,8.6759,11.219,18.018,-27.336,-40.13,-48.618,-24.472,69.797,39.216,-2.125,3.818,5.7032,-5.9532,-12.172,19.707,-2.4541,-0.56246,4.5798,12.963,8.435,14.434
6.9305,-21.092,3.1591,-10.498,9.6195,4.0314,-0.45875,4.4161,6.697,4.5073,11.768,-0.35911,-1.4476,16.086,11.388,-12.182,-1.8692,69.665,-17.783,-21.796,-28.676,5.198,59.469,40.434,-2.104,-2.2308,2.8695,-3.844,-8.8534,3.5561,4.575,11.179,18.609,15.831,-15.325,-5.9463
4.5971,-22.884,2.8297,-5.2476,10.91,15.756,-0.20311,-7.3186,-5.9446,-0.02908,16.491,4.7592,-3.1831,11.522,9.5812,-19.467,-14.639,53.693,1.5696,0.13159,12.801,15.482,10.503,18.393,0.095319,-6.6415,-2.613,-3.6277,-5.6207,-17.27,8.4954,17.735,23.769,10.934,-27.225,-18.197
3.946,-18.556,6.0942,-12.057,9.6417,17.927,4.0807,-0.14478,-0.76169,1.6092,11.032,5.5275,0.39467,-4.3627,-3.5479,-12.421,-9.09,-6.7508,0.021781,19.356,37.098,21.588,-19.534,-19.128,1.3958,-8.9716,-6.0664,1.5376,-3.329,-28.583,5.0094,4.8551,6.2883,-1.5583,-20.152,-12.301
6.1162,-20.533,3.8732,-12.292,4.6761,10.063,3.1676,5.1543,13.036,5.8409,7.6105,1.0319,4.0637,-12.016,-7.1134,-9.3432,-13.274,-30.124,6.2386,27.97,37.34,22.003,-26.827,-21.988,0.59309,-3.9909,-1.6132,4.6518,-0.77996,-16.991,2.7064,-8.608,-14.065,-7.9608,-3.8261,6.2812
6.3683,-24.449,0.86347,-13.187,8.1913,3.5023,-2.1332,7.8578,15.756,12.366,6.441,-8.0595,1.9078,-17.003,-10.597,-9.5567,-19.196,-31.343,4.9296,-11.44,-9.5032,-5.8543,-22.624,-0.88145,-0.7543,3.7598,3.6587,4.911,1.059,4.4935,4.6118,-11.173,-17.913,-12.677,3.8404,15.61
5.4178,-25.945,1.8884,-9.3544,4.9977,7.9056,6.0232,2.6652,4.4666,5.5938,5.3726,0.55898,-0.97424,-2.1117,5.0398,2.3593,-13.485,-18.968,12.648,-27.51,-34.224,-10.601,-7.0822,40.675,-1.4859,7.7075,5.4408,5.4754,7.8534,13.914,-1.2672,-2.5758,-3.0762,-7.5952,6.2409,4.7222
5.2491,-24.351,1.7881,-18.304,-0.1171,3.3339,5.1177,-4.62,-1.2287,-1.1944,0.83876,5.3232,-0.85786,9.4842,8.6692,6.2821,-3.6896,10.139,19.876,-8.7678,-16.684,-25.493,-10.205,27.589,-1.5222,6.5547,4.4581,6.2955,16.17,14.114,-7.2748,12.343,14.052,0.5249,5.329,-12.951
6.1887,-21.637,5.9307,-8.5532,2.0877,0.6632,5.866,-2.362,4.4161,7.3206,6.8705,14.678,-1.983,13.278,10.458,10.114,18.24,18.706,-7.5706,13.755,25.549,-6.1537,-1.8322,-12.612,-1.4004,1.7917,0.32618,-0.38289,16.746,5.4928,-11.2,11.765,11.423,1.9397,3.7488,-19.064
5.5539,-21.861,3.1769,-10.446,7.8015,12.193,7.8834,5.9875,7.4388,-1.2435,0.58977,-1.3247,-5.1987,8.0754,8.9848,18.043,45.79,20.39,-21.335,29.644,30.869,-5.4536,1.3958,-38.994,0.47584,-1.1802,-2.267,-2.7428,6.6908,-7.4116,-9.4484,1.1677,1.6181,10.595,8.8283,-1.5232
4.2739,-20.551,6.4229,-8.2263,10.158,12.829,0.85503,4.239,12.907,2.5414,4.581,-2.4229,-5.806,7.5512,6.5129,-5.4357,45.504,3.3702,-22.745,12.109,-0.88372,-10.923,5.8616,-21.353,3.6388,-1.3687,-5.0329,-4.6702,-8.9942,-12.911,2.8268,-8.4407,-8.1634,9.461,6.9648,12.173
3.6072,-20.856,6.0345,-9.4462,18.743,7.446,-3.0445,6.9015,9.9604,-1.5316,2.6814,-5.6235,3.4329,6.4467,-0.69339,0.34284,16.132,-19.251,-19.778,-2.1063,4.6225,29.867,30.09,24.343,5.1128,-0.37221,-4.9355,-3.13,-21.686,-9.7743,15.464,-12.148,-6.618,4.7971,3.8395,10.897
4.2591,-18.364,7.7584,-11.771,19.369,4.7218,-0.042618,3.2354,2.7134,2.0034,8.7555,6.1513,11.895,7.2487,-9.8678,-4.3866,-11.902,-26.03,5.7849,-12.573,-2.1446,23.491,18.645,16.585,2.1089,-1.5501,-4.1288,2.2913,-19.812,-3.0414,20.636,-5.139,-1.7413,-5.9249,-6.6399,-2.7404
7.2778,-19.731,2.1624,-8.5026,11.262,6.621,-1.557,5.4361,14.847,13.959,13.548,6.5599,11.515,6.3656,-7.5022,1.8686,-33.936,-13.781,41.717,-18.755,-1.5901,1.3249,14.202,-3.4787,-3.1818,-2.536,0.058333,1.5136,-5.8141,2.775,12.729,1.279,-8.5994,-17.688,-15.26,-10.364
8.3862,-17.49,3.425,-10.891,7.9475,0.22698,3.0037,-1.3148,9.3918,6.5415,8.4704,-0.22191,0.69771,-0.15873,-10.727,5.2581,-28.521,-14.572,49.689,-5.2617,-6.4838,-26.276,-19.394,-21.144,-5.1019,-3.811,2.0373,3.2301,5.9698,6.6501,-5.1764,7.8075,-6.9684,-8.7792,-11.848,-3.6843
7.3009,-18.111,4.4501,-8.9518,7.4856,2.8027,16.291,-0.20105,5.8262,-3.1383,9.9249,-4.1762,-6.8773,-2.5297,0.027841,3.0886,-4.6294,-11.105,21.916,0.63314,-36.205,-33.69,-27.192,-8.6095,-1.6165,-2.0665,1.8133,-0.67882,11.95,5.6653,-23.287,7.4004,-3.1216,6.9671,-4.1459,5.1425
4.5964,-19.253,1.2511,-8.9175,6.9969,-0.65497,15.878,3.4231,3.9819,-2.5859,0.86993,0.94762,-4.4184,-7.3588,-3.4463,11.154,3.2934,5.8827,-10.197,16.77,-19.679,-2.8973,-19.899,0.7294,3.3008,2.0122,3.7126,-5.6038,7.9077,6.8245,-18.624,2.991,3.4454,14.799,12.529,8.7806
5.7341,-20.114,3.2633,-7.9452,9.4226,1.5094,2.964,3.3837,-0.55047,1.6776,3.7518,1.6704,5.9903,-0.36679,-2.0758,-4.4735,9.9052,4.3179,-44.776,7.2308,-10.6,24.471,-6.2749,11.297,2.7107,3.3328,1.0933,-9.04,0.2024,4.7682,-1.9341,-1.5542,10.867,9.2196,17.008,6.7897
6.9604,-20.167,2.2952,-5.8177,8.6257,3.815,4.5688,5.2778,2.7405,2.6849,1.6076,-2.7805,10.768,8.8206,8.8877,-18.98,3.7502,11.839,-10.087,6.3943,-2.0589,18.641,32.795,12.806,-1.0531,2.0533,-1.6825,-8.1463,-1.1079,0.71019,9.6793,-3.5814,10.079,-5.2126,9.8023,3.6527
9.1141,-17.837,2.8901,-12.738,11.624,2.7267,-0.44225,2.487,1.1467,6.4619,6.4186,3.3365,-0.91695,6.0446,-0.67268,-27.045,-3.8458,9.7575,12.191,-1.9501,9.3198,1.6386,31.503,19.301,-5.4389,-2.631,-4.5627,2.2583,-1.4919,-0.47351,12.142,0.32923,11.609,-11.469,-8.1949,-5.6082
8.2903,-15.981,5.8816,-16.011,7.7714,4.656,12.538,7.0686,2.1038,4.3423,15.934,6.5177,-6.2305,-0.29796,-12.56,-18.292,4.6294,6.7138,9.7167,3.4537,20.757,-17.544,10.224,14.991,-4.3856,-6.0841,-6.0125,8.9458,0.59978,-1.643,1.3639,2.092,5.5182,-9.392,-23.323,-13.044
4.6106,-19.185,1.1338,-16.371,7.9268,5.9676,5.0749,1.5133,4.4278,1.6683,12.34,6.6716,-12.705,-8.9626,-14.165,6.4742,2.0059,4.5129,6.031,10.347,36.035,-14.779,-35.964,-17.836,-0.10203,-3.509,-0.29078,10.98,0.35735,-1.341,-2.4775,2.5976,-7.379,-3.502,-18.845,-15.347
6.0969,-19.643,-3.1068,-13.147,12.789,5.5514,6.6686,7.4915,11.479,-3.6904,3.7586,3.0474,-5.2661,-14.097,-14.429,8.9898,3.8233,6.2463,-0.1878,10.705,12.174,-20.11,-50.086,-33.845,2.3768,0.56605,3.7909,6.3162,-5.2686,-0.42076,-0.24454,-2.5142,-20.897,2.864,0.99405,-4.6543
3.8582,-20.488,0.30181,-10.933,10.118,4.5354,5.5078,7.4492,14.477,3.0887,-5.4757,-3.8464,-1.9093,-4.601,-1.1924,14.214,-1.6559,3.2864,4.7556,7.4122,-23.284,-14.589,-32.566,-33.016,3.9633,4.8854,3.3181,1.5666,-4.2716,-0.43641,0.8245,-5.0881,-24.778,0.9341,19.4,10.444
6.0335,-22.378,-0.91683,-14.235,8.5875,8.4953,12.227,9.4534,3.1665,-6.4231,-0.20138,-5.1458,0.25556,0.35151,-0.092046,9.4193,-19.883,5.2233,9.1318,-7.6498,-54.069,-3.3197,13.495,-0.69013,1.0037,5.4486,1.445,1.9359,0.49681,0.72039,2.4358,-3.1603,-9.0099,2.2216,18.44,15.495
3.6877,-20.117,-0.55741,-8.7202,9.1996,6.1389,4.6733,4.2384,-3.0581,-4.2596,-1.9628,-5.7399,4.3504,8.2404,-4.7428,14.092,-7.4992,2.8424,5.4937,-5.9156,-54.731,-18.504,29.245,17.805,-0.25507,1.6433,0.94041,-0.36556,4.9824,2.6689,0.42823,-0.98215,9.4514,3.1673,11.621,11.107
6.3099,-19.652,-2.7232,-9.5441,3.3067,7.3613,11.652,5.272,-6.7886,-1.6761,8.7496,3.6491,-3.3776,6.7256,-5.4286,18.73,9.229,10.07,11.622,1.5679,-17.151,-7.0447,11.21,18.219,-2.2817,-1.9107,4.0844,-1.169,8.5012,0.93098,-3.465,-0.064423,20.098,5.2625,1.1325,-1.566
5.8952,-17.731,-1.1664,-6.2323,9.0088,6.5236,8.5425,6.5821,-7.9109,-8.5368,4.6713,0.65848,-1.368,0.4282,6.1779,7.7308,8.6999,14.207,5.6515,-2.1074,5.5146,3.1104,26.681,13.063,-2.1262,-4.0892,5.3318,-2.4186,2.4064,-4.672,-5.4369,-4.1233,16.893,10.429,-1.3546,-5.2753
3.2409,-20.209,-3.3266,-6.1138,13.297,13.338,16.104,9.0656,-2.9829,-7.8069,2.0867,0.76423,-8.2939,-5.2958,14.87,6.7553,14.523,4.1957,-8.2722,-9.876,16.298,12.186,20.439,-6.1494,1.7131,-1.9138,2.0974,-4.2942,-4.189,-11.736,-7.0091,-5.6207,7.7413,9.4889,1.2165,-3.4849
4.5382,-19.625,2.8332,-6.57,8.5542,10.254,5.273,1.288,-2.2036,0.36098,14.709,2.234,-3.8225,-6.1947,11.767,7.9868,1.8855,-17.58,-11.744,-20.81,13.01,24.026,17.858,3.6121,3.1426,1.1223,-4.6622,-4.0612,-5.1399,-9.4449,0.38714,-1.1795,3.2459,4.4795,-3.7843,1.3351
2.8415,-21.353,2.7118,-5.9976,10.796,7.5938,9.1503,2.9811,-1.4931,-0.03222,13.95,-0.21335,6.4151,0.46797,2.2637,-2.869,-8.3089,-32.716,-14.726,-17.184,17.807,29.942,21.704,5.5195,3.8479,3.5193,-5.707,-4.5743,-5.6099,1.7021,4.8326,4.1038,1.7827,-1.0148,-6.188,1.7498
4.1837,-20.256,1.698,-2.297,11.202,0.60557,6.1475,-0.78069,-2.1507,-0.41122,7.6685,2.9533,6.9903,3.1581,-10.83,-7.7628,-5.5833,-14.561,10.814,-4.3508,20.99,16.63,7.1272,13.904,0.38168,3.9764,0.29069,-2.6164,-1.9821,11.054,6.9152,10.598,-1.0825,-7.0682,-11.295,-7.3081
6.6257,-19.659,-1.6272,-9.6847,7.8188,1.8043,8.3036,1.5077,5.8943,7.5503,16.459,3.1643,5.5391,7.6242,-2.3665,-8.2415,-9.7915,11.197,4.612,2.4135,21.222,10.81,-5.1354,-2.5463,-2.1304,2.6107,8.7332,3.1894,2.487,11.139,3.4309,8.5913,-9.2781,-19.378,-16.54,-11.671
6.1412,-18.893,-0.41219,-8.6078,7.251,5.8685,11.103,-0.15077,4.5976,4.8846,17.018,7.4971,-1.476,10.109,15.536,-2.4092,-7.2839,15.735,13.163,22.381,5.8901,-1.749,-25.197,-28.895,-0.67025,0.39061,9.0409,3.3257,6.6436,1.6822,-5.4946,2.9272,-10.87,-22.418,-12.036,-12.589
4.6322,-18.222,2.5837,-6.963,7.8756,10.561,8.9783,3.8729,5.7437,2.7247,6.7076,-3.7584,-0.0036274,10.046,32.747,10.401,4.9763,7.8305,1.2541,12.406,-21.033,-57.759,-44.831,-31.436,0.89867,-2.8602,0.29967,2.6423,8.6109,-7.0746,-6.1096,-4.5164,-4.5397,-12.562,2.1046,0.22868
4.4424,-15.92,7.3605,-4.8625,7.532,4.0949,12.392,9.2271,0.86965,1.127,-0.054476,-8.033,6.4104,3.9003,16.818,-0.45555,20.251,-4.4667,-14.98,5.2888,-12.231,-61.176,-33.203,-34.595,1.4783,-5.5566,-9.5602,0.3598,4.0265,-5.2831,-7.8125,-12.27,6.1876,5.5972,13.727,9.5138
7.4733,-16.123,10.86,-6.357,10.166,6.6063,8.2865,3.0219,-2.7585,-19.451,2.5799,-4.7886,6.0892,-3.5725,-1.5093,3.9933,19.495,-14.075,-11.864,-11.622,7.5839,-22.285,9.3901,1.4468,-0.36684,-4.4897,-13.337,-1.2193,-3.1843,-1.2449,-1.8035,-9.947,9.3147,23.545,15.533,10.686
7.9259,-17.992,3.8588,-9.1386,16.231,5.6123,3.9593,2.9191,2.7333,-14.615,2.4809,-9.2852,2.8692,-10.865,-15.137,2.5937,5.5889,0.27268,-19.34,-26.955,22.519,8.4999,16.325,2.232,-1.8977,-0.92485,-5.0086,-0.030227,-6.3611,2.2245,3.6241,-2.0162,2.5042,16.977,6.5085,7.1323
5.9351,-18.972,3.5799,-2.8283,13.274,2.7643,7.2624,1.2158,8.6037,-0.54648,10.135,-2.409,-0.067186,-5.0204,-17.959,2.7799,-3.6144,-0.76363,-5.5833,-21.207,8.1649,25.13,8.07,3.5803,-1.5048,1.801,1.8156,-1.058,-4.458,2.7878,4.3069,5.02,-3.7687,3.607,-3.5106,-0.51256
6.6461,-19.927,3.4319,-5.33,8.7728,6.1523,3.2337,-3.3472,6.4482,-4.075,4.3306,-8.1068,0,0,0,0,0,0,0,0,0,0,0,0,0,0,0,0,0,0,0,0,0,0,0,0
8.0796,-17.665,2.0939,-6.8713,12.088,5.9546,5.8576,-4.4482,-0.53348,-12.156,5.69,-3.5877,0,0,0,0,0,0,0,0,0,0,0,0,0,0,0,0,0,0,0,0,0,0,0,0
