-17.728,-12.014,-3.3631,8.4875,11.426,1.498,-13.931,-9.2076,7.7146,8.6028,-12.092,4.0201,0,0,0,0,0,0,0,0,0,0,0,0,0,0,0,0,0,0,0,0,0,0,0,0
-15.829,-12.565,-8.2494,1.902,9.9353,-2.0984,-2.4511,-2.7418,6.9893,3.949,-3.1907,2.1953,0,0,0,0,0,0,0,0,0,0,0,0,0,0,0,0,0,0,0,0,0,0,0,0
-11.088,-7.9612,-4.238,-4.0318,12.808,10.835,-1.3205,-10.506,0.28983,-4.946,-2.9831,1.2172,34.828,19.19,15.549,-31.766,15.618,0.23756,38.364,19.369,9.1785,-26.118,25.797,-19.436,6.1487,2.3753,7.8973,2.0693,-1.8095,-2.8738,8.5077,7.1278,4.5193,-1.8645,5.0186,-2.6084
-6.2964,-7.7847,-4.0432,-6.2672,19.895,1.4636,0.91559,-4.0437,6.2114,4.3954,1.1469,2.0099,30.417,17.654,32.816,-5.9245,4.5502,-6.1648,16.273,14.138,15.305,-9.5023,20.532,-13.444,-2.0796,-0.54294,4.5225,6.9901,-7.2006,0.31987,8.0274,1.3576,-0.013294,-1.8629,-3.76,-1.0515
-5.0798,-4.8087,2.3081,-3.3109,14.255,-0.16423,3.5679,1.1281,12.693,-4.6792,-1.3625,-5.6051,15.535,3.0494,23.078,13.309,-11.323,-11.287,34.402,28.57,14.944,-4.5714,14.827,-6.3201,-11.642,-4.4773,-4.9073,10.111,-3.6898,3.9327,-0.22511,-8.7056,-4.3471,-1.0347,-12.143,0.76117
-3.6245,-5.314,4.8857,-1.4206,11.487,0.31883,3.2413,-1.4896,8.4402,-0.9356,6.2649,-1.1153,-0.75163,5.3558,18.848,12.413,-22.533,7.3614,42.118,2.1879,-2.9492,-20.088,-13.315,-11.815,-11.19,-3.5801,-12.853,2.4192,7.9383,6.9835,-0.7654,-10.856,-0.3014,-5.8594,-12.121,-2.6378
-4.6564,-7.6718,2.8367,0.19931,11.351,5.7642,14.718,2.5022,6.6474,-4.5662,1.8714,-0.38024,-7.799,2.9529,-2.0034,9.619,10.711,13.138,24.316,-18.184,-3.4299,-25.998,-17.997,-16.444,-5.5032,-0.45519,-11.185,-4.7703,15.558,6.0051,-12.275,-11.516,-0.043321,-0.56977,-3.6777,-0.47926
-6.8839,-3.6753,5.1163,-1.8159,10.081,2.1801,16.4,-3.6368,7.7595,-5.7049,-7.1277,-6.5101,-13.866,-0.19786,-18.91,8.0165,33.225,16.541,17.489,-16.766,22.985,-28.086,-23.661,-21.571,1.3367,-0.72409,-6.9039,-5.746,13.423,-0.13403,-13.32,2.7775,0.94265,6.881,8.7627,7.1844
-7.3496,-4.1517,1.1911,1.6962,20.313,5.4742,9.1465,-6.8902,11.318,-15.294,-3.6647,-11.13,-5.4234,3.5503,-13.966,-8.3447,38.589,14.149,-14.657,-19.532,1.7605,-3.4212,1.6114,-3.8387,4.8993,0.22766,3.3542,-4.3734,-5.0427,-8.0295,-6.0078,16.565,-1.3618,8.847,8.7869,11.431
-9.2111,-7.173,-3.7465,1.8392,23.618,8.7341,14.771,-5.1763,17.597,-9.6147,-2.7975,-6.5259,4.7438,1.4367,-9.6902,-7.335,30.642,6.1856,-4.9942,16.749,-0.83112,3.0288,20.694,17.804,5.9081,0.097418,8.3404,-0.68898,-16.248,-12.478,0.78798,18.309,-5.9959,5.5264,1.7566,5.3019
-6.2045,-4.1477,0.28488,-5.8006,23.877,9.5619,8.203,-6.4941,2.6089,-4.3219,0.51198,-2.2917,7.3923,3.274,10.158,-4.5721,-13.211,-21.832,5.5183,47.883,1.6688,2.6791,3.76,21.025,1.0723,-2.0888,4.502,3.5607,-14.888,-9.2121,11.527,8.4791,-1.5033,-1.211,-7.7941,-3.9661
-5.0845,-2.9589,0.72434,-1.7351,23.62,3.229,14.374,4.5398,11.699,-9.6764,1.131,-2.0271,9.2664,0.42739,10.73,2.6853,-22.113,-27.857,11.341,41.073,-6.949,-3.5037,-15.952,-7.493,-3.0357,-1.1297,1.0634,-1.1166,-8.0834,-1.925,6.1654,-11.85,-2.9496,1.1896,-8.5502,-9.5048
-5.7167,-4.6217,4.0345,1.1972,13.706,-2.6893,12.104,12.193,15.102,-13.923,-3.7489,-2.8665,-2.3232,-6.389,-1.6665,4.4485,-9.4719,-14.89,34.811,10.702,-2.6971,-6.2101,-19.036,-11.021,-5.0205,-0.91877,-5.5329,-4.4944,6.319,8.7841,-3.4051,-25.471,-1.5107,5.464,4.6635,-4.7419
-4.8218,-6.7223,-0.25646,-0.31707,17.647,0.93129,18.491,6.0165,7.8761,-6.5659,-8.6433,-9.985,-5.577,0.61943,1.539,-17.429,-11.644,-6.9107,11.186,-23.91,-13.396,13.421,-10.659,-13.697,-5.8364,-1.1248,-7.8808,-6.3211,9.7145,11.857,-12.15,-17.072,6.749,5.6829,15.548,8.3055
-7.4975,-5.4605,-0.057951,-4.2853,22.128,3.2658,23.55,-1.8815,3.1716,-8.9822,-4.1188,-3.8231,-10.288,-1.4159,-12.912,-16.987,13.15,11.616,-11.43,-46.979,-2.6611,21.536,24.431,0.41783,-1.2669,-2.8205,-7.1143,-2.5533,6.145,7.9585,-15.518,-1.9312,10.267,2.5429,17.846,11.59
-6.9827,-2.2298,3.5401,-7.7081,13.588,-3.2039,14.245,-0.37775,10.966,-5.4363,-4.0138,-8.3973,-15.933,-7.6833,-23.052,-18.202,15.149,18.175,-26.286,-15.447,26.778,11.037,40.053,28.315,2.2664,-5.0833,-4.2839,5.5703,3.0503,1.9532,-2.9057,14.043,7.6043,-6.3631,7.8844,12.635
-9.7805,-7.576,-4.3196,-3.6009,22.311,5.1861,8.5126,-8.0991,12.227,-3.7199,6.1519,-3.4514,-3.4797,-16.34,-24.942,-7.9315,7.8566,12.36,-24.045,-3.1854,28.551,7.6964,44.837,25.923,5.5327,-0.8522,7.7631,8.0932,-6.608,-7.8976,4.058,19.404,-6.5437,-10.331,-10.807,2.7581
-11.647,-9.5062,-9.6515,-9.7604,25.13,9.0589,12.867,1.4016,16.738,-3.6783,6.248,3.9868,2.3506,-17.335,-13.865,5.8952,6.2538,2.4833,2.9655,24.407,9.0192,-11.474,18.56,36.725,5.9032,4.444,16.972,9.2616,-10.208,-10.51,7.029,6.2089,-19.04,-5.5313,-19.307,-12.464
-6.9053,-9.9922,-5.9334,-7.2249,20.285,3.3142,12.216,-4.3639,14.561,-6.013,13.169,2.9464,8.2335,-0.8511,21.31,11.43,-15.443,-20.027,-5.7655,30.115,-26.5,-18.862,-18.856,10.004,1.3772,7.3809,15.031,1.6033,-9.6503,-8.7976,5.5015,-1.3121,-14.424,2.8446,-19.64,-17.281
-7.245,-9.6891,-2.5856,-2.9484,17.728,-1.0263,13.876,9.9581,14.308,-10.027,1.7576,6.7663,7.7265,6.7925,38.682,18.425,-24.242,-18.183,-0.28052,-1.0531,-40.894,-3.3398,-24.634,-26.046,-0.15911,7.3644,4.256,-7.2913,-4.2076,-3.2892,0.95133,-13.602,1.3452,10.264,-6.4851,-18.581
-7.8646,-7.9101,2.8027,-1.2917,18.291,0.21544,5.1255,2.6802,0.19126,-9.9764,-1.0308,0.1607,0.71854,8.5009,23.939,-6.18,-25.147,-21.296,5.0859,2.984,-18.611,17.852,-31.768,-29.095,-2.466,1.483,-12.144,-13.349,8.6745,7.7588,3.0681,-11.379,22.529,10.374,5.0107,-5.1569
-7.3039,-7.151,5.3216,-3.5145,14.006,1.517,16.272,-2.647,3.4755,-3.3665,1.0307,-7.6433,5.3126,14.811,6.1004,-21.756,-9.9323,-13.328,2.2964,-30.037,11.801,21.49,-7.41,-36.632,-2.7721,-3.0411,-18.348,-10.32,14.515,14.593,1.6882,-1.7239,20.27,-2.0756,5.7276,8.1164
-6.5165,-7.0108,2.0826,-10.032,9.5723,-8.6053,13.561,3.4306,10.672,-0.41703,-2.3517,-4.3963,-2.8894,2.5546,-23.117,-35.226,20.775,16.34,8.2867,-12.289,59.797,20.596,-2.4143,-10.488,-1.8792,-5.4526,-11.436,2.9933,12.807,18.171,1.8795,2.4934,-1.5611,-13.807,5.4919,10.415
-5.2628,-2.7333,0.82465,-9.4564,17.121,-3.2799,10.806,-5.4356,14.968,-4.0618,-1.2869,-9.2714,-4.3298,-5.4399,-29.527,-18.655,25.373,35.964,6.56,-2.0363,21.251,-15.09,-10.673,5.2327,-1.3092,-5.3508,0.88672,13.454,0.76787,8.7407,2.3341,13.487,-16.064,-13.12,1.4212,7.7837
-10.33,-8.8416,-6.5076,-15.934,27.121,10.784,12.002,-2.0699,24.344,0.66927,-1.0791,-4.2692,-3.8564,-8.6369,-15.426,7.236,21.238,44.915,12.352,1.4504,-31.142,-32.894,-2.6769,2.0484,2.9637,1.1791,14.167,18.526,-12.614,-7.8894,-4.8692,6.2459,-19.416,-4.0176,2.7803,1.4744
-7.5621,-8.9556,-5.1471,-9.8908,17.918,9.8043,20.332,-0.9149,7.2653,-11.455,-4.9419,-5.0905,-0.75001,-6.3472,6.6884,24.285,-6.3246,16.088,11.934,30.53,-23.049,-17.366,-0.17252,-3.9818,3.1213,5.0723,14.64,8.1672,-14.896,-17.44,-12.034,1.1104,2.8862,12.064,4.3229,0.85097
-7.295,-8.2181,-2.6447,-6.1966,19.793,7.3102,14.974,1.8955,-1.0477,-13.168,-1.8626,-5.4625,10.139,8.904,29.612,35.935,-26.448,-13.169,-18.747,2.6579,-15.134,1.646,6.2371,1.4914,1.6859,4.9462,5.9729,-3.0457,-12.767,-18.113,-14.127,-6.3514,16.03,14.768,1.1097,1.8074
-7.1552,-6.2187,2.2374,-2.1826,17.622,6.5009,15.287,7.8464,16.139,-5.8262,-0.98145,-10.666,4.2787,11.151,21.156,7.8319,-25.266,-22.193,-38.062,2.9121,27.678,27.961,6.4845,9.766,-1.1386,1.5663,-5.9914,-10.689,-6.3551,-12.29,-8.9547,-12.242,5.8518,0.9526,-4.3727,1.5894
-5.4637,-5.7581,4.606,-1.8204,14.044,5.8511,5.1509,-5.1217,12.34,-1.3219,0.059175,-0.73591,2.0586,7.3449,7.2043,0.23402,-33.127,-26.507,-33.286,-16.498,23.643,18.28,-0.45697,4.2115,-3.5857,-2.4309,-11.528,-9.6373,4.1174,-3.4266,2.2474,-6.3468,-3.8435,-12.798,-5.1269,-6.7424
-6.3385,-4.6101,1.8056,-8.163,8.1589,-0.56281,6.2123,4.0497,14.411,-3.3969,-2.6606,-2.5707,-2.4028,2.2639,-12.065,-11.312,-34.761,-38.694,-25.57,-21.104,-13.179,-20.92,-18.689,2.6054,-3.2517,-4.5853,-9.0805,-2.5014,18.401,11.489,9.45,-4.6395,-9.4041,-15.691,0.32945,-8.4704
-6.6741,-5.35,1.1734,-3.0895,7.9611,-2.4116,2.8684,-4.455,11.638,-5.2423,-1.2515,-7.4042,-4.4487,1.193,-11.419,-2.6794,-1.1136,-22.052,-13.756,-17.068,-13.923,-37.902,-6.8104,-28.64,-2.3036,-3.318,-4.7715,-2.1608,25.032,21.018,12.331,1.0376,-3.0812,-3.7318,5.1423,-2.2744
-7.7514,-5.2908,-2.0789,-7.2042,3.2835,-8.7147,3.6436,-3.039,9.9005,-14.326,-9.6707,-6.0288,-8.7261,-8.6996,-14.935,-3.2184,50.731,33.022,-0.57758,-20,-0.55892,-22.402,11.309,-16.16,0.10043,-2.2045,1.5689,3.4078,22.819,22.219,14.194,5.7718,4.6798,14.068,6.3917,5.8867
-6.9816,-4.8212,0.83874,-3.6395,15.925,-1.0987,-0.4428,-10.111,7.6335,-14.808,0.15903,-13.327,-6.2976,-3.7635,-15.219,-14.617,49.289,42.723,15.872,-11.862,1.9273,0.36214,10.256,2.2222,2.1538,0.27903,5.576,7.0782,2.5262,7.5273,13.929,13.496,1.6128,17.655,-0.68219,11.93
-10.548,-9.2242,-5.4944,-9.4972,29.543,15.292,7.5791,-3.1222,16.133,-9.815,2.2884,-7.6893,-0.97624,-6.2802,-2.3208,11.696,54.135,40.014,30.589,5.1515,2.2951,30.286,4.7364,16.608,4.7753,4.2896,11.186,11.93,-17.992,-13.123,4.3393,9.5459,-11.133,7.9196,-5.3631,5.2949
-8.4247,-5.265,-4.7281,-9.2515,19.476,6.9466,8.8365,-10.344,9.4854,-7.3167,-2.1033,-5.4628,2.4455,1.3785,10.154,25.255,9.8158,12.089,40.307,37.838,-7.2859,24.027,-6.9353,14.629,3.8193,3.4608,9.3689,8.6813,-22.073,-18.783,-6.3358,4.2258,-11.817,-3.6001,-3.9695,-1.6568
-7.5179,-8.209,-0.45585,1.4497,28.576,7.2696,14.299,-0.34678,10.122,-2.9288,-6.1713,-1.6571,10.779,10.178,28.31,36.496,-19.492,-17.277,8.9011,2.8792,-51.617,5.3636,-6.9114,4.1115,2.0353,4.6782,2.2047,-5.3021,-22.183,-17.042,-17.542,-6.6764,-1.2657,-10.177,-0.017249,-7.3149
-7.2738,-4.6396,3.3966,3.5144,21.317,8.9566,16.351,7.4199,6.9962,-6.2379,0.92123,-9.0289,6.9215,5.3115,16.311,16.389,-24.262,-22.547,-4.9636,10.403,-30.202,-5.1774,-3.7682,0.1863,0.44825,1.7203,-6.3,-13.744,-7.3393,-6.2141,-21.023,-16.09,9.538,-6.1948,5.6345,-0.65717
-5.7339,-4.4481,4.5981,2.3681,18.876,5.6481,8.2724,-10.565,-8.4304,-7.6725,-2.6796,-3.8505,6.9623,15.144,5.6246,-10.382,-39.74,-27.877,-34.484,-14.513,7.4249,-5.9949,3.0666,-12.746,-2.1598,-2.7447,-12.08,-12.507,6.1625,2.2906,-8.9705,-4.6976,17.254,-0.92803,8.8547,4.9614
-5.8559,-4.4897,0.90033,-1.516,12.194,-3.5163,9.3678,-0.033734,3.6608,-7.5335,-5.7333,-4.2729,6.595,7.4967,-10.003,-20.027,-16.757,-13.682,-43.116,-33.917,10.883,-1.2676,16.248,19.771,-2.2257,-5.0095,-7.9361,-4.1403,11.235,6.3508,3.9192,-1.0107,5.6988,-1.7812,7.0491,8.7095
-4.7457,-0.71184,3.6046,-1.226,13.267,-0.43224,0.54836,-3.8764,15.502,-5.2784,-1.3108,-10.408,0.14284,-4.6385,-18.935,-7.8327,7.5678,-10.257,-16.875,1.5511,14.113,-1.2314,27.354,19.126,-1.3534,-6.5829,-0.4022,3.5459,11.002,4.1362,15.199,8.0305,-5.7787,-3.9127,-3.5742,7.8366
-4.4704,-2.7593,-1.1082,-4.702,15.743,5.1556,-1.345,-12.882,0.4716,-8.0687,8.3608,4.1355,-0.79739,-9.8448,-11.09,-5.5868,8.2597,0.39685,5.8283,-2.6826,-5.0516,-16.465,19.334,27.798,-0.42158,-1.5108,8.7308,5.5119,2.4621,-1.4827,16.542,10.602,-1.4711,-4.005,-14.371,-4.0534
-6.3553,-7.6325,-3.8652,0.044744,20.886,-3.8162,5.1911,-3.3648,0.22064,-8.0206,3.9504,1.5083,3.8913,-9.0996,4.1569,0.12752,2.7631,-14.235,17.037,10.022,-13.501,-17.96,-16.347,22.424,0.27118,5.0879,11.402,2.0258,-3.9361,-1.7366,8.0212,1.1293,2.9464,-1.8258,-13.27,-5.3021
-5.4498,-5.9517,-0.90956,-4.9447,12.515,-1.6259,9.9605,-1.6309,8.7758,-14.395,1.3029,3.6681,2.6129,2.1735,22.105,3.5526,-2.0441,-19.106,22.637,14.857,17.335,-12.929,-33.759,-2.1449,-1.9007,5.7177,1.5594,0.51925,2.9814,3.7447,-1.0331,-0.63111,3.3297,4.4025,-1.9271,-9.5464
-2.3104,-3.6654,5.5837,-1.0409,16.262,-4.1589,3.4141,-4.4911,4.5996,-11.095,-5.9554,1.0378,-0.20639,14.792,21.48,-2.2732,-6.9609,-9.1881,14.826,-1.5722,17.651,-12.129,-12.449,7.5869,-4.714,1.8636,-11.737,-2.1502,7.0971,12.516,-5.4191,-3.8535,-0.41206,3.0962,8.6102,-8.712
-5.1864,-3.6561,5.2197,-2.3829,17.033,-4.2262,10.862,-4.891,6.9497,-12.996,-3.5658,3.2983,-8.2522,6.798,-11.954,-1.7902,28.029,16.597,1.7684,-0.04088,-3.9795,2.6319,7.749,-12.515,-2.6296,-4.7286,-15.871,-3.0932,3.6063,10.756,-7.5862,-3.0141,-10.478,1.8643,5.0914,-4.1694
-6.5902,-1.3844,3.8101,-2.3728,15.147,-7.1101,12.153,-2.5208,9.9594,-14.785,0.16021,5.4866,-14.246,-2.0939,-37.499,-7.9519,23.212,30.495,0.3759,-1.7963,-4.9041,-10.259,5.9497,-15.951,0.40424,-8.7254,-6.7984,0.20517,-3.5844,2.3571,-2.372,4.7593,-8.2244,0.56733,-5.424,-1.3869
-7.436,-3.6933,-5.9999,-5.1739,27.087,8.1481,6.4752,-2.6365,4.1062,-11.234,2.1196,-4.8139,-3.5153,-13.027,-27.759,-9.074,0.90115,14.829,-8.0684,-0.10173,-23.776,-4.5422,-17.501,-11.223,3.5108,-5.3969,11.855,4.8911,-17.288,-8.9815,4.5118,6.2622,1.5344,-2.5302,-10.137,7.3669
-8.3087,-4.6939,-7.556,-3.6214,22.841,4.9017,5.7955,-6.5165,3.5694,-17.105,-5.8232,-2.8815,-0.55364,-18.923,-4.6095,2.3945,-11.319,3.4813,7.8841,22.255,-13.572,-5.7051,-26.944,0.0066947,4.9396,-0.50006,21.123,9.2973,-14.919,-12.519,1.3362,4.5603,6.9781,1.5618,-2.7436,5.9961
-6.0848,-8.5148,-2.977,-6.2956,13.636,-2.8174,10.007,-2.944,-1.7435,-14.107,-9.3246,1.8707,2.4552,-11.772,30.878,17.492,-41.144,-14.803,20.573,19.244,8.0268,-12.296,-26.488,16.341,1.8964,5.1074,13.621,5.4616,-3.3699,-9.0346,-4.6213,-2.4591,12.582,4.4699,7.4065,1.38
-7.5426,-8.435,-0.0060823,-0.61472,16.213,0.11331,14.329,8.7604,6.0981,-16.201,-7.5898,2.1477,7.4664,-5.2215,38.8,25.252,-30.362,-17.284,-7.2637,11.332,14.085,1.427,-3.2746,0.24782,0.27854,7.9749,-2.8682,-5.486,7.5962,-7.1291,-11.299,-10.789,6.3128,10.387,14.419,-7.8907
-6.5915,-7.7088,5.6641,2.0688,9.8293,3.1405,12.495,-0.65266,6.8552,-17.834,-10.241,0.8419,1.9569,5.6596,18.64,6.8051,-6.4267,-19.961,-23.601,-6.9359,25.307,14.241,7.6963,-4.4439,-3.081,6.3112,-20.981,-13.651,21.151,-0.99261,-9.6413,-7.2107,-1.5762,12.913,18.934,-13.093
-4.3222,-7.7076,7.5232,4.8223,9.5634,-6.719,0.91963,-1.9962,6.3124,-14.528,-7.0022,-2.2432,1.0882,12.236,-12.832,-19.692,9.3036,-29.585,-26.523,-18.599,9.3515,32.96,28.061,-29.055,-5.0128,3.4293,-21.701,-13.07,18.731,6.3441,1.5455,-3.9566,-6.7024,5.6565,14.676,-4.5111
-6.7166,-6.0487,2.5786,-5.6115,13.747,-9.3818,4.9112,-1.0336,10.803,-7.8225,-5.7703,1.8442,-9.7607,11.055,-48.21,-28.29,44.779,-13.616,-18.003,-1.8436,2.5123,36.504,52.513,-34.474,-1.795,-2.005,-6.5751,-0.59684,9.7659,12.238,8.4492,2.8286,-9.5041,-7.1793,2.5391,3.8916
-6.9359,-3.147,-4.8791,-6.6206,18.906,-8.4182,4.8596,-0.34868,8.8,-4.7272,4.2051,-12.881,-11.739,9.2275,-36.28,-22.551,37.69,11.264,-2.3352,-10.997,-8.0299,18.578,47.698,-7.2928,2.3346,-4.79,11.187,10.586,-4.2871,15.923,12.436,6.035,-5.06,-14.257,-14.231,12.777
-10.165,-4.4616,-12.24,-6.3546,27.548,-2.8177,1.5232,-2.3983,6.8675,-4.4826,10.411,-11.076,-0.60457,-2.8612,-2.5112,5.2502,28.209,20.805,6.5507,3.4062,-13.523,-14.465,10.573,4.1329,7.6052,-2.9454,22.349,15.824,-20.697,8.4732,12.358,1.7055,-3.5484,-11.053,-21.705,10.969
-8.4675,-3.8873,-3.2074,-6.0814,21.508,-4.369,1.446,-6.8124,4.2651,-6.9088,8.7559,0.57067,8.1834,-4.7558,20.256,16.466,-3.8472,32.819,23.378,8.951,-7.931,-12.84,-22.126,15.528,7.1898,-0.47211,13.803,12.379,-21.267,-2.368,5.9808,1.0281,1.0489,-2.4143,-16.854,-0.34071
-6.2531,-7.1091,0.48711,-3.2561,26.55,-1.004,9.8933,3.9014,6.3089,-13.964,-2.7591,-2.8151,18.304,3.3195,35.269,31.32,-37.939,17.973,30.929,-3.2901,-15.279,-3.053,-21.103,8.9617,2.0784,4.122,1.5158,0.1611,-15.457,-12.163,-3.944,-4.2118,5.1375,5.3013,-3.4028,-4.0714
-4.8001,-4.2012,-1.1145,0.062985,17.481,7.0845,12.363,0.977,5.1138,-6.4066,-0.27276,-9.2475,14.756,3.7767,13.846,26.31,-35.568,0.83965,15.38,-2.5085,-1.9075,0.80096,-20.735,-11.411,-4.4066,2.3214,-9.1713,-10.78,7.8446,-14.768,-10.954,-3.8844,10.561,1.1325,1.8183,-3.6948
-2.8465,-2.645,4.3482,6.2329,10.592,0.44216,11.529,-7.938,-1.1963,-6.2602,4.3745,-1.6864,6.5016,13.483,8.2725,1.1334,-33.217,-24.018,-9.1704,-11.923,9.1527,5.2212,-7.1364,-2.7547,-9.4231,-3.2722,-17.061,-18.749,24.5,-4.8236,-11.342,2.2285,16.906,-1.4728,1.6744,1.7829
-2.793,-4.231,1.7852,2.3293,11.704,-4.6723,8.3179,-2.147,7.064,-10.36,-5.1786,-5.699,-7.9481,1.7694,-12.103,-22.341,33.015,-20.027,-11.345,-6.1544,32.66,-11.315,-20.018,2.912,-7.2892,-5.5519,-10.204,-11.409,17.934,4.7121,-7.6646,-2.3908,4.4543,-2.9465,7.3539,7.6957
-4.0059,-0.35286,3.1735,-3.8225,12.83,-7.1348,7.3308,-0.49813,9.9101,-9.3766,-3.8744,-5.9667,-17.459,-12.038,-37.062,-38.1,50.269,4.2884,-12.419,9.6755,51.968,-4.3592,-13.089,10.715,-2.4048,-6.3903,-0.80123,4.9459,1.4222,8.3205,-0.69116,-0.60904,-7.3435,-4.1607,6.6153,2.6992
-8.1945,-4.4625,-6.5784,-6.0798,32.869,0.85945,8.79,-5.8201,15.891,-10.506,-6.1571,-5.6514,-9.7099,-11.223,-14.506,-11.118,12.361,10.247,-21.319,-25.262,-1.0436,-9.1414,19.011,20.333,3.0574,0.8791,12.608,13.83,-24.452,2.6601,5.6574,5.3359,-18.792,2.8944,5.7422,-5.8402
-8.8754,-8.5481,-10.001,-8.6125,25.144,-0.17951,5.0839,-1.2637,20.374,-8.3671,-1.6809,3.6472,-4.6413,-11.973,5.4682,20.251,-15.779,2.4472,-7.639,-5.4145,-10.713,-16.669,6.4257,2.0307,5.0254,6.041,17.544,11.248,-24.147,-0.5126,12.786,7.9682,-18.378,6.8148,-1.0709,-13.633
-5.2132,-5.7448,1.1195,-0.83455,11.727,-3.0265,-1.2184,-14.395,1.31,-15.436,3.2301,-0.33951,0.93011,6.1325,29.67,17.632,-56.221,-5.8061,14.552,28.07,-29.959,9.3123,-1.0644,-21.947,2.3627,4.5352,5.1466,-2.2534,-7.2882,1.4473,16.191,11.978,0.23136,10.878,-5.7058,-12.086
-7.8171,-5.6981,2.0587,3.6804,15.511,-3.9683,8.5155,1.0821,11.844,-15.246,-5.3551,-7.6073,2.3476,9.4897,28.569,3.7634,-36.174,9.7519,33.578,22.851,-25.462,20.488,-8.4062,-36.308,0.38379,1.8327,-7.0115,-10.219,10.9,3.3853,7.4517,-0.68158,5.9187,7.7204,2.8019,0.82062
-8.2585,-2.8213,2.2269,-3.4102,9.5746,-0.14921,14.35,7.0419,5.1765,-2.41,-4.8522,-10.998,-1.3909,0.72182,-0.32318,-14.141,-13.883,13.831,39.025,20.495,7.488,26.668,-2.1025,-20.93,-2.6733,-3.341,-17.43,-6.6739,28.55,0.75127,-6.0684,-8.5067,11.97,-6.9382,8.3392,14.897
-6.1789,-5.265,3.7294,-5.4429,8.1331,3.2578,14.088,-0.55678,5.7102,-4.6359,-1.8429,-9.1777,-1.5619,-0.10407,-14.593,-14.958,17.549,9.5552,17.383,-5.035,0.15713,13.255,20.954,5.6251,-3.1348,-2.6555,-15.405,-0.37441,22.936,-7.3221,-18.928,-9.6724,3.4857,-13.777,8.2904,19.459
-6.7278,-5.6005,0.12251,-3.3432,8.475,0.27595,15.508,-3.3281,8.121,-7.4066,0.42273,-10.019,-10.482,-5.7756,-35.9,-6.3771,59.667,-1.9514,-7.6927,-0.52051,17.079,-21.762,25.951,31.57,-0.92883,-1.3139,-2.4059,2.3275,4.8654,-7.7793,-19.732,-12.064,-10.504,-13.635,-1.4096,11.507
-9.3635,-4.3605,-4.1854,-3.832,24.836,0.59673,16.629,3.7497,10.45,-6.1202,2.4845,-5.284,-8.781,-0.53915,-30.669,-1.9904,41.733,-18.967,-37.706,-15.004,-12.829,-24.183,19.019,34.738,1.8878,-0.88889,9.2452,3.6386,-20.625,-4.0667,-3.0695,-9.5621,-12.086,-3.0093,-12.921,-0.12221
-11.907,-6.1613,-11.766,-7.4042,31.057,0.20566,9.2338,4.6284,11.346,-12.549,5.9598,2.8406,-2.4255,-5.63,-4.3146,-8.987,-1.6474,-10.804,-32.089,-34.841,-38.539,-22.79,-8.1828,22.05,4.1456,1.7531,19.461,7.3827,-30.703,1.5747,13.763,-4.9979,-11.004,12.131,-11.281,-9.7688
-7.9798,-5.2541,-5.6609,-4.4076,17.709,-6.1907,-1.6278,-12.037,-2.3168,-14.156,4.898,1.7615,3.8488,-4.6213,15.841,4.5404,-54.918,-6.3519,14.234,-35.685,-32.464,-1.2772,-26.584,9.7743,1.8458,3.0869,15.737,9.1167,-13.454,2.3915,21.977,10.706,5.4402,17.967,-3.031,-10.622
-8.6324,-7.9686,-1.297,-7.5489,11.215,-1.7324,8.5911,-12.855,-4.7647,-14.784,-4.8754,-2.5171,3.9312,5.0309,38.15,27.271,-45.525,-0.38547,35.152,-15.169,-28.122,27.44,-7.651,-4.7918,0.3256,5.153,4.707,7.4577,9.901,-3.8848,3.6466,17.7,16.787,15.002,6.0336,-8.2263
-9.0765,-5.7675,-1.4994,-1.4895,7.298,-1.6102,24.067,-5.3508,2.2736,-5.6414,-5.3897,2.282,-2.7302,9.5651,26.784,25.464,-3.6006,-12.219,38.558,28.69,9.1638,40.537,3.598,-4.9527,-0.56771,1.1026,-9.6097,-5.9801,24.546,-0.37186,-21.797,11.391,20.266,-0.88488,3.2872,-3.2993
-9.3933,-3.3892,5.2285,4.7722,13.5,-2.2773,13.963,-6.2993,-5.0106,-3.0865,7.2781,0.18444,2.4921,13.042,13.748,17.84,22.199,-27.295,-26.018,21.471,24.58,31.314,6.8944,-11.719,-0.30674,-5.0942,-21.4,-17.502,16.97,3.1683,-27.524,-2.9614,11.689,-18.255,-8.2226,2.2758
-8.9644,-2.7613,4.4684,2.1639,14.766,-12.028,14.966,-0.96986,2.388,0.26388,0.62021,-2.0656,1.7298,-3.1136,-20.007,-20.644,33.951,5.2434,-64.164,2.9488,42.515,-7.639,-17.42,-3.2587,0.31089,-7.3232,-18.69,-14.713,4.4292,7.3508,-16.96,-15.311,-9.3578,-24.182,-4.67,6.7049
-7.4424,-2.9508,2.5933,-0.45586,18.58,-10.171,0.13268,-4.3103,7.4682,-2.0791,-4.4331,-6.2026,0.16747,-14.101,-45.456,-37.186,20.547,6.7245,-51.107,-17.106,13.645,-39.748,-38.255,5.74,-0.51326,-5.7219,-5.1325,-2.2505,-4.8344,8.8883,17.107,-5.9942,-20.359,-15.554,1.1461,4.8778
-9.187,-7.5435,-10.185,-9.1975,21.733,4.9583,-1.0997,-4.871,17.292,-9.9646,-8.2442,3.8462,-0.013441,-13.48,-37.065,-20.586,19.371,7.525,-33.7,-28.574,-32.158,-44.842,2.8227,19.842,1.509,1.0132,15.126,14.732,-10.199,0.83467,34.903,7.4717,-18.516,3.7831,7.1612,-9.1352
-9.1982,-8.0484,-10.173,-8.1399,20.289,-7.4082,-3.558,-12.902,-5.6401,-17.846,-7.4172,0.098548,0.79739,-10.385,-3.3851,6.5579,5.3169,16.006,44.286,7.2621,-39.879,-27.853,2.5035,1.1199,2.3976,6.2726,22.461,14.198,-10.443,3.4838,28.425,18.538,5.6375,18.813,5.0923,-14.854
-8.0932,-6.9524,-7.681,-4.2871,23.597,-9.6468,-0.039023,-10.961,-7.1367,-14.273,3.5236,4.705,8.96,0.094351,34.587,31.146,-9.4302,4.7758,62.656,28.123,-23.301,5.3292,-1.9934,-46.625,0.94837,7.1863,12.243,2.2656,-9.2535,3.6968,10.341,12.827,22.484,18.242,-6.2822,-9.3502
-7.5906,-8.4387,-0.3515,0.36791,20.307,5.1348,21.745,2.366,-0.25707,-13.851,-9.0653,-6.072,7.6689,10.476,31.021,7.9384,-17.265,25.518,42.838,47.237,37.404,29.232,-10.386,-35.298,-2.0519,4.7436,-6.3792,-10.937,0.032045,-1.1275,-18.902,-6.1199,21.764,4.1696,-3.6954,9.7725
-5.5109,-7.3012,2.1976,2.1216,17.009,1.0747,17.577,1.557,2.9498,-9.2975,-8.4168,-16.381,1.2927,12.022,6.945,-9.9483,-15.605,21.253,18.728,15.575,41.62,17.824,-22.144,-8.6998,-4.9317,-0.84974,-15.511,-17.176,6.4257,-7.9623,-28.215,-17.704,4.1149,-10.397,-0.556,23.426
-6.655,-2.6362,0.39849,-7.3751,14.951,-0.0098337,9.0533,4.4578,8.0187,-5.7179,-6.6398,-7.0074,-5.6287,7.3696,-21.46,-27.579,8.5645,2.1304,-28.261,-17.063,36.479,-13.253,-5.8982,31.02,-3.974,-6.974,-9.0532,-8.9812,6.8285,-17.188,-21.512,-20.364,-19.796,-11.908,1.4639,16.789
-7.9147,-3.8428,-4.5835,-5.3898,18.473,3.552,15.671,-4.2198,9.5355,-9.4278,-8.7611,0.82275,-9.0497,-2.6014,-16.728,-36.977,9.7834,-23.342,-42.87,-28.249,-2.2638,-25.413,-7.0171,37.345,-0.61076,-7.1806,2.4908,2.8314,-0.21014,-12.194,-4.759,-6.4422,-22.654,4.7509,12.641,0.6751
-9.203,-6.4831,-7.691,-9.6657,23.857,4.9613,8.568,-3.2771,14.689,-20.412,-11.842,0.83612,-7.0298,-17.083,-2.4085,-23.453,4.1829,-38.127,-33.921,-32.673,-39.634,-8.6896,-10.63,25.623,3.8947,-3.0914,10.411,17.365,-8.1535,-0.71777,15.46,5.3206,-17.508,20.175,19.598,-11.677
-8.7617,-6.6784,-2.1219,-15.222,17.448,-13.082,-3.6158,-8.7,-1.5175,-14.657,-9.3241,-1.6299,-1.0606,-11.655,9.8733,2.1459,-14.465,-19.59,-2.2372,-8.8311,-33.595,39.298,43.427,-2.6257,4.9282,2.2449,7.4581,24.336,-3.1445,15.928,24.978,10.684,3.6675,18.842,15.826,-14.215
-9.7464,-9.7598,-2.0365,-14.186,17.555,-10.756,1.7362,-9.6388,-6.2717,-7.4482,-11.673,7.0303,9.8504,-3.5603,17.295,39.687,-20.079,-3.3343,28.722,-0.16875,-35.398,55.266,66.868,-7.379,3.5885,4.8319,2.1982,14.561,5.5114,21.255,17.76,11.28,19.822,0.25288,-3.6038,-10.117
-8.1733,-8.032,-2.4741,-2.0568,14.392,1.6156,17.968,-5.4545,3.2185,3.7388,12.868,-3.5872,7.1511,1.8618,10.71,53.134,6.1917,38.904,50.697,8.9172,13.956,36.82,33.362,-17.231,-0.30687,-0.5278,-3.6108,-5.4989,12.577,11.34,-0.44987,5.157,16.879,-24.131,-34.369,3.5736
-4.572,-7.5864,1.1325,3.5953,15.346,-4.0546,12.137,-4.9842,-5.3776,-1.9772,10.496,-1.8747,6.807,0.31843,8.1641,23.858,21.412,38.903,28.411,14.854,35.7,-6.1863,-23.616,-17.658,-3.302,-4.487,-6.6229,-18.629,7.2349,-4.109,-17.51,-2.3302,4.1216,-30.532,-35.817,8.6949
-7.7733,-6.8342,1.6487,2.4546,21.648,3.0193,16.532,-6.5687,5.0132,1.0176,-3.7278,-5.7929,-1.0732,-16.233,-3.6155,-17.434,27.675,15.991,-4.3311,9.4426,15.249,-50.63,-83.174,20.382,-0.87038,-3.9229,-4.3207,-14.323,-5.2053,-18.919,-19.696,-3.1716,-17.267,-20.175,-12.442,9.3161
-6.5429,-10.2,-0.015834,-4.5123,24.632,7.9936,16.66,-1.6549,10.681,-9.1807,-15.183,-0.69569,-2.5474,-16.948,-8.6569,-18.174,5.3535,-12.423,-31.313,-12.083,-15.437,-53.672,-53.949,17.289,1.4438,3.1184,-0.16808,1.1301,-13.387,-17.344,-7.6676,-0.037953,-17.73,5.8592,15.117,1.9663
-7.7245,-14.842,-3.7076,-6.7201,23.586,3.5871,13.541,-2.3978,2.8139,-17.974,-15.88,6.0142,7.4764,-9.1197,-2.4829,2.5365,-11.806,-30.03,-17.922,6.5274,-46.813,-40.313,-13.68,11.876,2.9997,9.7031,5.9762,8.5882,-13.119,-4.4249,6.3002,2.6377,-0.45442,27.124,27.93,-12.314
-5.8701,-12.056,-0.51778,-0.9043,17.054,-10.55,-2.0241,-13.111,-11.996,-19.317,-10.403,0.86634,9.7511,12.353,6.7575,19.523,-25.784,-24.806,-3.1314,16.121,-21.918,17.951,17.219,-3.5734,-0.081676,7.1938,6.3827,1.0133,-3.0539,12.344,14.867,3.041,18.101,28.741,18.34,-13.443
-4.3715,-10.466,0.65816,1.9189,19.535,-2.724,16.913,2.423,-7.0546,-14.071,-12.958,-0.63603,7.7761,17.631,18.558,6.6582,-22.352,0.058301,13.079,8.5288,16.218,49.18,20.889,-30.757,-4.7155,-0.64524,-0.494,-8.9861,7.6588,17.787,4.3624,-7.1576,25.132,11.823,6.5138,-9.3471
-3.3438,-6.2111,1.18,0.92988,13.766,-1.2539,13.408,3.9954,4.6561,-2.157,-8.0344,0.84274,-3.1056,5.6461,12.736,-15.168,-4.6428,34.255,27.519,2.1219,43.554,45.286,20.468,-28.608,-5.5051,-8.8615,-7.1264,-8.5937,15.342,11.299,-7.5509,-8.3708,8.0645,-16.272,-3.4366,0.76687
-5.0996,-8.9492,4.7227,-4.3081,14.054,-1.0317,12.365,-6.6866,2.5965,-1.9643,-6.6193,-9.3525,-9.6729,-8.9922,-7.9423,-25.048,15.918,29.377,-11.435,-22.261,46.113,5.1329,17.265,-22.343,-2.4505,-6.4531,-8.8799,-0.96,9.3247,-4.0825,-15.541,-5.1107,-11.234,-22.64,-10.905,14.061
-7.0589,-9.9914,3.818,-5.3751,17.473,5.7315,14.01,-7.4952,4.9553,-2.7274,-3.3379,-9.0794,-9.05,-18.642,-15.624,-7.5921,31.792,17.031,-28.629,-10.338,3.4572,-41.384,1.8488,-3.9461,1.6024,0.57002,-2.0431,5.0328,-2.8051,-15.888,-10.403,1.687,-22,-12.131,-10.39,18.461
-7.3504,-13.072,-4.632,-7.4527,25.64,8.4715,10.895,-2.9622,15.852,-11.219,-6.6738,-6.8463,-1.5044,-2.4899,-11.661,-1.93,6.0538,-11.742,-36.551,-10.795,-19.906,-20.687,-24.327,27.22,2.5793,3.7581,6.6715,7.1757,-11.812,-15.731,8.0979,13.226,-19.512,2.2235,-0.82673,13.294
-6.7434,-13.471,-1.9547,-1.2939,23.869,2.5099,-0.17136,-3.0356,-0.24307,-18.222,-7.0827,-2.3834,0.82222,5.245,4.3798,-1.5634,-13.736,-24.628,-11.94,4.8241,-33.435,-2.4607,-10.687,38.918,1.5399,2.5648,6.2645,4.164,-7.6846,-11.103,17.806,14.917,-1.4839,6.03,10.436,-2.2259
-6.0096,-8.4543,1.7785,-7.3137,13.882,-5.2919,1.1797,-14.314,-4.7572,-4.5608,-16.91,0.90934,-1.7128,-2.1456,15.413,7.8161,-20.379,-28.449,20.71,36.289,-33.001,-3.2114,19.399,22.696,0.55577,1.1655,0.77837,2.8505,4.3023,-0.56447,12.209,7.8103,10.369,-5.1572,16.902,-16.101
-7.3182,-9.6776,2.8027,-6.2263,16.483,0.29941,12.897,0.59276,-1.4574,-7.2868,-3.5634,6.5017,-1.2463,-5.9904,2.1616,8.3546,6.5854,-30.13,31.771,40.703,2.5852,-19.972,32.166,-12.814,0.084506,3.9255,-6.6397,-1.8834,5.9384,6.4306,-3.7577,-16.102,16.477,-4.8807,3.7846,-16.461
-7.9194,-16.041,0.69604,-1.0785,19.143,-4.6475,14.715,13.368,-0.041065,-18.292,1.266,0.059147,2.3087,8.9551,-6.66,7.3637,17.404,-11.813,2.6373,10.316,13.929,-37.718,38.757,-27.419,-0.051085,6.2902,-7.049,-8.5404,-1.0454,10.656,-14.49,-34.458,9.2698,4.3338,-13.641,-5.1256
-6.4116,-12.673,-0.33263,-0.23417,24.531,-12.877,8.946,3.4751,-1.3085,-21.342,-0.087703,-8.3653,-0.76599,19.322,-17.782,-10.754,-2.9361,-0.79246,-21.692,-62.702,25.483,-9.6108,-1.4433,-18.329,-1.3349,1.1199,-1.3677,-8.9002,-10.934,11.281,-9.4504,-23.05,-4.4326,13.474,-21.97,6.305
-5.3085,-2.4791,0.016195,-6.6278,18.561,-4.6101,4.4739,-10.597,2.1327,-16.392,0.73038,-5.3667,-2.2084,16.649,-9.8597,-25.332,-20.845,10.162,-25.01,-84.298,1.8992,13.277,-31.999,-0.17446,-0.80562,-6.8416,5.6584,0.49386,-7.7847,3.3937,4.0698,9.885,-7.913,14.417,-18.563,7.557
-9.0066,-6.7976,-5.7484,-8.8286,15.307,-0.11552,7.1718,-18.776,10.197,-13.042,-4.0173,0.050079,-5.6621,-4.2379,-3.077,-19.799,-28.96,15.288,-1.658,-27.237,-13.563,21.903,-42.308,5.0886,3.0082,-5.0162,13.098,11.658,1.2605,-4.3332,7.2202,36.314,-6.1976,4.2173,-1.0881,1.4129
-7.7261,-10.654,-1.5259,-9.447,13.333,-5.9475,3.0977,-17.655,-4.8444,-15.804,-12.769,-4.2358,0.72865,-13.473,14.279,14.355,-8.5076,-2.8849,12.969,42.009,-6.1135,18.61,-33.624,-1.3428,4.0991,1.2912,10.145,13.173,5.2297,-6.3233,6.4287,32.401,7.1089,-4.1003,10.456,-3.0594
-8.0338,-10.704,-1.1001,-8.724,12.665,-4.5643,8.8051,-6.6142,-4.6014,-10.685,-14.492,-6.3865,12.806,9.302,35.639,27.69,-2.8023,-15.935,-4.5807,55.716,-1.4983,8.809,-6.0713,-10.681,2.1366,4.8764,0.73839,4.4448,5.5808,-3.7156,-1.915,0.7067,10.613,-9.4049,9.0466,-0.87314
-5.4306,-7.2623,4.8318,0.49755,15.628,-3.8282,10.142,4.3269,6.4753,-8.2654,-10.844,-2.8198,9.053,16.335,21.506,16.791,-7.7755,-5.8431,8.5948,36.231,31.411,-0.67797,2.1635,-7.5868,-3.0405,-0.1135,-14.993,-10.783,4.1989,2.083,-6.7763,-25.683,4.3745,-8.0191,3.3131,4.3046
-3.7511,-3.8426,8.892,0.044063,12.758,-9.1427,1.3593,-1.9086,3.7883,-12.407,-8.0153,-5.9982,0.8587,5.2401,-2.9983,1.2073,-1.4224,-1.8102,-9.0459,-20.814,20.739,-15.478,-14.969,3.8448,-5.7306,-8.6483,-22.433,-14.638,7.232,7.077,-1.0539,-24.82,-5.6631,-1.8523,1.7106,3.0831
-5.3409,-5.9174,4.231,-5.4354,9.3987,-6.5799,11.118,-1.8928,6.6664,-15.282,-14.925,-8.2233,-8.4999,-12.01,-41.368,-26.317,11.797,0.46752,-18.68,-48.143,4.6401,-9.3414,-12.61,12.917,-2.42,-9.0303,-11.446,-6.5408,8.4652,6.733,2.7517,-7.2871,-14.096,5.7325,10.61,-1.609
-7.6493,-8.7567,-2.2989,-5.1539,15.068,-4.0936,3.7942,-13.912,5.6728,-14.916,-19.936,-1.7623,-7.0703,-19.767,-45.087,-23.944,23.571,16.295,3.7868,-26.197,-16.428,3.8791,9.8682,-5.5173,2.5501,-1.2202,5.279,4.9755,2.6004,6.253,10.201,16.429,-7.722,7.8803,17.632,-4.5214
-7.7314,-10.81,-10.257,-10.062,20.372,-6.119,-0.41537,-13.743,7.8532,-11.682,-11.189,1.521,0.9173,-16.313,-14.681,-3.3374,22.054,18.769,15.937,2.4864,-20.483,18.306,42.795,-10.951,5.2871,6.2538,18.44,15.77,-5.909,0.54115,8.0746,21.069,-1.6555,2.5827,10.604,-2.1277
-6.091,-11.28,-6.4076,-9.6146,19.057,-1.2258,9.0194,-9.0819,-5.0191,-12.267,-4.9496,-13.629,8.9005,1.2905,10.053,14.595,6.4512,20.304,24.652,36.017,-5.3091,10.1,45.488,-6.8279,2.0169,7.9597,16.203,12.31,-11.976,-10.514,-3.0411,9.2733,4.0307,-3.3543,-0.10396,7.1021
-5.6614,-12.812,-1.0549,-4.8738,18.431,1.3709,16.474,-3.0644,1.7706,-7.453,-1.0211,-7.7654,9.9503,8.7304,23.264,33.264,-9.1881,1.1686,11.26,26.095,-9.1967,0.46163,22.602,2.9342,-2.7235,5.3202,3.4075,-2.0344,-9.6451,-12.727,-9.4109,-7.6178,1.8806,-6.7311,-8.393,6.8042
-4.2341,-7.1104,-1.8735,-0.45042,19.264,2.3134,7.6756,-1.2426,6.0595,-11.98,-2.2755,-0.53303,-1.502,7.51,16.957,19.308,-20.69,-27.473,-9.0804,8.3656,-1.9177,-3.9702,19.445,23.051,-6.9811,-2.347,-8.7672,-15.421,-2.2551,-2.5869,-4.387,-17.358,1.6909,0.45666,-8.7996,1.4049
-3.6848,-8.5296,-0.89216,1.9879,15.674,-7.3043,5.8868,-4.6154,-2.2844,-11.594,-1.2247,-3.5599,-7.4987,7.1787,-1.0951,-15.866,-12.601,-20.975,-14.251,-21.777,-12.776,-8.3147,13.851,8.1308,-6.349,-6.4608,-14.524,-18.583,7.3871,11.141,-0.36038,-12.106,6.828,4.4646,-8.7836,-3.1914
-7.8304,-9.6661,1.9894,-3.3916,10.09,-10.625,9.7728,-4.1236,-3.9504,-12.182,4.8747,-4.2065,-17.28,-9.6688,-21.604,-37.947,-3.118,18.441,15.473,-26.836,4.9352,16.771,5.8653,-2.4016,-1.2134,-5.7929,-8.8172,-6.0096,14.375,12.142,2.689,2.5962,8.0301,0.88128,-13.769,-4.5452
-7.6126,-7.9449,-3.5339,-11.336,16.717,-2.6478,8.2996,-12.512,0.38742,-11.51,2.3295,-1.8633,-13.906,-14.984,-30.074,-31.025,18.961,33.919,-2.818,-16.835,21.517,12.414,-14.527,-0.29685,3.0785,-1.2944,3.463,10.142,5.7177,0.41223,6.1755,20.005,6.8749,-3.3798,-10.549,2.7278
-10.91,-12.237,-11.354,-12.762,17.183,9.2057,14.206,-10.712,7.1912,-3.6371,-1.1199,-2.5821,-4.3657,-10.373,-12.639,-3.1609,35.404,5.7913,-1.3523,18.876,21.086,-9.9281,-35.212,4.5384,7.0043,6.5,13.725,17.496,-7.5143,-14.279,2.2626,19.403,-0.93091,-3.7742,0.011565,7.2368
-9.0977,-14.736,-9.2573,-8.8394,21.608,-0.26017,2.2614,-9.7389,2.9033,-9.6595,-5.4908,-4.5205,1.4362,1.0587,11.738,17.452,-3.2736,-12.589,25.038,55.392,13.523,-11.864,-18.354,18.3,5.9903,7.5331,14.283,11.431,-17.351,-10.504,4.2968,4.1046,-3.7232,2.4079,7.4209,4.3123
-9.2707,-11.457,-1.4686,-6.2204,25.347,-8.9229,12.116,3.9274,5.3348,-18.071,-8.8214,-0.60867,10.07,14.81,26.114,25.293,-29.572,-29.7,12.858,34.066,4.2779,10.039,7.8366,24.484,3.0705,4.6622,4.2664,-0.23932,-13.839,4.9083,-6.5972,-15.605,-2.2676,6.8737,8.9618,-2.1265
-7.7144,-7.8057,-2.608,-5.8808,10.999,0.12179,21.864,7.8637,8.0769,-10.225,-2.9965,6.2998,8.8279,10.09,21.966,11.902,-35.306,-0.85553,11.561,-3.9072,11.305,14.47,1.0533,11.292,-0.38224,-0.81736,-7.345,-6.9025,7.8802,13.686,-17.481,-22.472,0.92206,-0.19346,3.3398,-8.6527
-6.5669,-8.2977,-1.6222,-1.5945,7.7022,-5.8355,10.833,-2.4801,6.7434,1.665,1.5513,4.2498,7.2909,8.4224,3.5785,-1.5824,-17.776,24.466,-27.6,-29.498,10.857,11.273,-0.10695,-2.5901,-3.4328,-4.4547,-13.443,-8.9838,19.717,12.698,-12.016,-9.3887,0.20823,-9.1196,-0.87756,-7.6832
-6.0357,-11.271,1.8027,-5.2014,12.778,-2.2317,8.6831,-8.4887,7.8516,-12.292,-10.15,-1.3038,0.91462,0.16547,-13.72,-3.6227,30.229,28.759,-42.137,-25.187,14.843,-13.448,2.317,-11.427,-2.3851,-3.3909,-9.9025,-5.3054,12.824,-5.1026,-5.554,2.9262,-6.4292,-4.6121,2.879,-1.8647
-6.4646,-5.513,-1.8847,-7.3512,15.57,4.4868,4.9063,-2.6454,10.876,-11.401,-5.2979,1.8981,-3.1372,-2.502,-23.26,-11.863,36.246,18.98,-20.371,-2.2377,3.55,-21.6,2.8169,-2.5727,-0.5265,-2.9787,0.88348,1.5512,-5.002,-18.469,7.5276,8.8207,-9.154,2.8911,1.7916,0.47673
-7.3082,-9.1152,-9.3367,-4.8137,22.179,9.3403,3.7587,-4.6473,13.432,-10.416,1.5865,1.7623,2.1167,-1.4025,-14.127,-9.4848,1.803,-23.626,-19.823,-2.9063,-17.188,7.8461,13.986,1.9595,0.41189,1.0234,11.305,6.0205,-23.098,-16.797,14.972,12.4,-4.9352,12.278,2.8365,-1.8259
-7.4992,-10.627,-7.6825,-7.72,21.124,-2.1314,3.1099,-5.5196,5.7281,-10.073,-2.9088,1.4304,4.0574,-5.6869,8.1995,9.1047,-28.573,-41.685,-1.1185,3.4649,-18.898,15.082,3.0164,-6.8996,0.61847,2.7833,12.554,6.454,-19.798,-1.7029,14.532,13.264,9.5938,12.905,3.4365,-7.1413
-4.46,-9.4156,-2.3619,-9.7595,10.902,-10.735,-0.33039,-8.5047,1.8317,-9.033,-4.3519,-0.090207,-0.62327,6.875,27.078,15.996,-52.853,-24.893,23.097,33.963,1.3912,29.6,16.4,-18.393,-1.9469,1.5968,4.5521,1.0626,1.2675,13.671,12.634,9.6395,18.742,5.3743,0.097479,-7.0097
-5.86,-8.2063,-1.2724,-0.32602,6.9222,-6.3179,6.3916,1.0158,7.2274,-4.5513,-0.82052,-0.62546,1.3251,7.2757,18.907,7.6662,-35.415,11.099,30.829,45.646,42.23,32.05,18.792,-28.103,-1.8177,-0.54918,-7.2776,-9.5859,21.705,13.536,1.5249,-4.3666,12.723,-0.2855,-3.4448,1.6863
-8.4395,-6.8879,0.99714,-0.51277,2.8539,-1.013,13.666,9.0666,13.378,1.6231,8.7423,-6.4061,-6.2517,0.1004,3.2799,-3.4528,11.562,18.337,27.372,24.201,45.96,26.233,6.5855,-22.487,-0.7563,-5.208,-16.634,-12.886,29.199,2.4918,-9.8874,-19.089,-3.1048,-9.5268,-11.05,14.082
-4.8469,-8.2526,0.091726,-8.5103,7.4405,-1.4429,11.526,8.5175,21.07,0.62386,-0.059692,-9.4633,-2.2171,-5.0455,-16.289,-29.1,47.747,4.38,4.3684,-13.487,22.431,15.338,-9.3003,3.5791,-0.7582,-2.5262,-12.763,-6.2076,17.897,-5.5201,-13.743,-24.331,-24.279,-16.272,-12.402,17.427
-8.0924,-9.3422,-1.4039,-7.3938,16.424,-4.0046,10.788,-0.15517,17.891,1.4961,-1.4396,-6.9148,-2.6337,-13.005,-38.496,-30.049,51.56,-9.0747,-13.109,-31.916,-4.2335,-9.6779,-24.804,36.176,0.96225,4.3309,0.26241,4.1373,-0.046122,-1.4514,-8.8623,-14.026,-27.805,-16.593,-9.4074,9.2218
-7.1421,-9.5019,-8.2166,-11.436,24.011,-2.6321,10.015,-1.1167,16.187,3.181,-0.37972,1.4184,-4.2749,1.1974,-24.02,-10.074,34.073,-2.7953,-17.645,-47.948,-54.069,-31.352,-27.521,29.702,-0.087923,9.463,15.649,15.389,-12.764,5.9636,6.014,4.1155,-14.658,-14.937,-5.5885,-7.1843
-8.6087,-12.766,-14.097,-14.075,20.349,-4.9557,7.8674,-2.0745,13.703,-4.4944,-3.4998,6.2408,-0.41152,18.633,8.457,7.7202,18.169,14.667,-5.9325,-28.698,-54.814,-33.386,-31.341,10.56,0.71659,11.065,23.775,16.212,-16.586,7.7845,17.255,21.344,2.6955,-6.0108,2.8652,-17.376
-6.7262,-5.9422,-5.5717,-10.207,22.514,-2.365,4.1643,-14.497,-3.8708,-12.057,-12.79,-1.1901,-3.7678,26.451,38.478,28.962,0.62459,22.327,30.85,5.4812,-25.57,-47.494,-33.975,-19.535,2.0588,1.5995,14.404,5.354,-16.673,1.8513,17.073,32.167,14.898,4.4942,11.398,-11.472
-8.5061,-1.8053,1.5021,-4.1482,26.256,3.1955,10.747,-7.8138,0.51274,-7.578,-10.905,-0.33049,0.69567,29.692,49.132,31.493,-14.647,17.287,48.919,48.088,-5.0054,-31.661,-7.2517,-26.087,3.1294,-7.4375,-1.7059,-6.865,-11.311,-4.4496,0.19944,18.858,11.879,12.878,16.353,-0.90619
-9.0773,-1.7566,3.2232,-1.9179,21.37,4.4558,24,4.4935,9.9967,-19.024,-13.665,-5.0634,5.4657,3.6655,27.663,4.8096,-32.885,5.1513,40.292,74.496,-4.4822,-9.7441,17.424,-9.3358,2.8364,-12.34,-17.217,-13.267,3.3545,-2.7125,-19.368,-6.9577,5.4217,24.066,11.367,10.424
-7.0854,-0.012422,6.072,-2.4725,13.597,0.27728,22.409,12.474,4.2665,-16.842,-6.6884,-4.8662,10.619,-7.1613,5.3352,-14.529,-21.63,1.0073,-9.6564,31.083,-5.9644,12.127,24.723,0.9296,-0.72065,-11.986,-24.56,-11.43,13.745,1.9826,-23.28,-27.41,6.2093,19.897,-4.0798,11.934
-4.7037,-5.0059,5.975,-8.6397,12.401,1.6698,18.48,12.607,-7.9888,-12.297,-6.1862,-3.5901,5.4526,-16.824,-25.71,-14.36,20.888,16.904,-36.702,-20.805,2.0178,50.942,6.8741,19.074,-4.1233,-2.7153,-19.099,-1.5489,11.785,-2.8091,-15.995,-34.987,7.0919,4.2885,-13.616,7.1514
-5.3835,-3.7613,2.7938,-8.0516,19.925,5.0921,8.6793,3.6711,6.5233,-4.8778,-2.2825,-0.60234,-2.901,-19.992,-46.981,-16.073,27.19,21.323,-28.982,-41.31,22.791,37.479,-22.376,19.376,-5.1345,4.0475,-4.0157,4.9889,-2.8537,-13.677,1.6016,-17.344,-1.8071,-9.5939,-9.627,1.198
-7.202,-8.2942,-7.9929,-6.3081,28.65,10.501,12.514,-1.5076,9.8772,0.46504,-12.43,2.3419,-8.3911,-3.4954,-41.675,-2.1627,1.6279,-19.052,-30.02,-64.243,16.6,-0.97782,-27.105,17.198,-2.3871,9.2001,17.862,8.123,-19.17,-22.224,9.9187,4.825,-12.457,-17.17,8.5067,-10.924
-7.2867,-8.3645,-10.435,-11.675,19.068,6.5235,10.901,-1.124,6.729,-4.4832,-14.754,1.8557,-8.1317,6.4121,-6.761,4.3174,-26.268,-49.4,-4.9892,-33.92,-22.291,-9.8824,-6.4226,7.8577,2.3214,6.7371,27.996,10.027,-16.071,-12.432,11.582,16.78,-14.909,-6.7637,22.619,-14.571
-7.9476,-4.452,-8.2482,-7.9095,13.644,-8.5719,2.3584,-17.117,0.20819,-12.984,-13.503,3.78,-3.8677,15.974,43.49,16.06,-48.234,-58.853,0.89479,-0.37486,-37.726,-11.228,41.431,-29.785,6.1258,-2.2324,18.166,2.3269,-0.64472,12.553,9.4884,26.326,-1.2965,4.1513,19.156,-10.965
-9.0765,-2.4764,-0.45906,-5.0922,14.294,-10.071,11.262,-5.4842,0.21243,-3.0948,-4.9576,2.6074,6.4441,3.9582,50.416,24.949,-28.232,-20.934,13.472,10.656,-24.592,8.7855,56.45,-29.986,6.2799,-7.3367,-3.7084,-2.8199,16.151,24.985,0.55828,15.554,15.163,3.191,-0.68339,-1.6226
-8.2409,-3.2511,8.7645,-1.5691,6.9195,-10.629,12.78,0.4851,-5.7274,-5.8431,3.3868,-12.926,14.95,-13.43,20.569,-0.84395,-0.61399,29.479,8.1911,45.102,11.268,10.445,37.239,-18.704,0.85279,-7.9635,-23.395,-8.1156,27.377,22.525,0.24791,6.2272,22.44,4.6559,-18.658,12.291
-3.918,-6.9859,6.267,-2.3706,8.3147,-2.9152,12.426,-4.5973,-2.599,-3.6607,5.0262,-4.7839,13.859,-15.569,-13.843,-1.3301,30.679,31.358,-5.846,21.11,29.028,-4.7638,-7.7436,-5.7955,-4.7558,-0.39699,-23.317,-5.322,17.296,1.8159,-1.0263,-5.228,9.7203,-1.8866,-19.838,14.062
-3.0518,-8.9124,-1.3265,-9.6923,16.326,2.5896,5.872,4.9903,7.2478,-7.4783,0.12494,-1.8763,-3.3113,-14.08,-41.355,-11.378,59.196,27.628,11.793,25.534,47.665,18.826,-19.76,19.577,-6.3722,6.3604,-8.4939,5.0828,-1.0451,-17.276,-0.83213,-20.106,-9.0775,-4.5046,-7.9543,13.273
-4.7415,-7.4301,-2.3348,-1.6956,24.93,-1.0018,11.793,2.8181,8.2387,-4.6591,-7.1985,-5.8153,-8.2041,2.2978,-35.207,3.6058,28.344,-10.929,6.5393,-5.7006,5.8116,-4.8382,-14.242,21.183,-3.6963,9.1068,9.3115,5.916,-17.904,-17.333,-0.87156,-15.632,-15.145,-11.583,4.0368,7.3303
-9.4848,-10.069,-7.612,-7.5958,28.21,2.2284,18.993,9.5444,12.686,4.0693,-0.38072,-2.6223,-5.8793,9.4384,-11.218,22.102,-4.6716,-35.756,-2.1622,-42.022,-22.512,-12.041,0.71688,34.174,0.80636,9.6667,23.021,7.2928,-21.579,-7.1151,-6.7962,-12.5,-10.54,-18.451,3.6114,-4.901
-4.8036,-5.2589,-8.194,-1.6159,16.545,-8.199,9.1351,-9.7247,-2.4124,-11.854,-1.8418,6.1809,-3.3381,18.206,17.646,11.51,-26.906,-23.617,-3.2261,-23.272,-11.611,-47.247,2.2021,23.558,1.5573,1.4965,20.04,0.78974,-8.322,11.999,-1.3654,6.9825,10.997,-1.7702,-0.18484,-12.65
-5.9605,-5.2788,-4.0057,1.319,18.183,-11.69,6.1201,-9.7493,1.3174,-9.9015,-2.195,9.2124,-1.7125,26.3,47.326,21.134,-21.072,-1.6036,-17.305,-28.179,3.6739,-52.225,-9.9244,-6.1154,3.3752,-4.8705,6.2671,-5.9994,2.5788,17.561,5.7347,18.634,19.373,15.645,-6.5742,-16.025
-8.1727,-0.72205,4.6852,-0.39824,16.49,-5.8512,16.617,0.82879,8.1175,-21.297,-5.1903,0.046188,-2.501,1.3495,35.721,8.0387,-5.066,31.991,7.2837,22.29,47.705,6.4027,-9.8453,-21.923,2.9649,-8.0949,-12.409,-9.6386,13.439,7.7058,8.0085,13.556,11.682,32.165,-4.578,-2.736
-8.6565,0.81288,9.6113,2.3622,17.701,0.25274,6.5999,-9.8217,9.2581,-17.321,-3.6687,-2.6126,10.578,-6.4856,11.081,-6.1595,-2.6979,24.246,21.256,28.366,44.694,39.357,-26.131,-23.213,0.69109,-6.0179,-24.059,-14.226,14.788,-4.5406,8.1283,6.2364,-3.0504,24.593,1.1767,12.401
-4.7061,-7.63,2.8577,1.8818,14.253,1.8251,12.537,1.4568,17.47,-4.9423,-6.0276,1.1319,5.3413,-5.8759,-26.277,-23.037,31.101,1.9874,17.536,16.233,26.29,67.785,-12.585,18.426,-2.1255,2.3463,-17.844,-8.2093,4.6647,-14.969,-8.667,-16.778,-24.169,-4.5186,9.2897,15.074
-2.4048,-5.0677,2.4486,-2.9008,17.953,-3.4054,18.788,4.1198,18.988,1.5994,-14.842,-2.9367,-2.1782,-0.17689,-41.968,-34.459,34.786,-9.3046,18.21,6.0319,-0.87088,40.05,-2.6712,35.714,-4.5412,2.2703,-4.4514,2.9561,-7.7904,-11.196,-17.14,-21.437,-27.712,-23.386,16.607,5.5165
-8.6279,-0.71972,-4.8718,-9.2852,31.915,-3.0284,19.291,1.9747,16.398,3.135,-5.8963,9.4214,-6.7503,9.9265,-26.974,-18.858,-0.48426,-26.08,-34.528,-50.431,-50.357,-16.537,24.873,23.984,-1.7276,-1.1367,12.198,10.509,-23.183,-3.2236,-15.55,-13.077,-19.393,-25.535,12.005,-15.177
-7.7847,-2.7307,-7.5082,-9.2838,26.263,-1.9728,12.328,-7.0648,9.3587,-1.3352,-5.0699,11.1,-6.0821,-3.0354,-10.827,6.5313,-25.858,-17.699,-38.413,-45.484,-55.544,-35.414,38.177,1.5914,0.10414,-3.616,19.829,10.5,-19.219,5.0187,-4.2115,5.9909,-0.53125,-11.135,1.9576,-21.809
-5.3913,-3.8352,-5.6508,-4.3557,9.8561,-11.931,-1.497,-18.167,-2.8939,-11.744,1.5233,6.1056,-1.3446,-10.13,19.143,9.0121,-54.494,-9.9333,-31.903,-23.392,-43.34,-22.158,27.014,-40.399,1.4228,-5.4693,14.811,2.0815,-0.77298,10.891,13.624,25.614,23.059,10.121,-10.905,-12.792
-7.0641,-5.0276,-2.5755,-2.0999,16.054,-7.8035,9.9759,-8.5517,0.86209,-8.6682,0.53719,-0.48315,-4.3603,-8.2288,34.118,4.1057,-34.306,7.7157,-4.1598,22.466,-7.0355,-12.815,6.0465,-41.138,2.5945,-0.66592,2.4535,-2.267,14.94,11.842,12.485,19.262,29.299,14.858,-16.947,2.1853
-9.6605,-4.6363,2.2335,-8.3711,9.7723,-5.0797,4.5152,-8.9777,-1.0242,-4.2773,4.807,-4.9869,-0.49725,-14.823,24.609,-7.2376,-0.12471,15.668,16.464,43.663,40.685,22.767,-13.588,-18.612,1.9473,1.6152,-15.372,-0.45432,24.799,12.16,11.717,8.0854,22.833,10.022,-13.189,12.133
-7.8302,-6.4446,5.6085,-5.2233,9.1516,-1.5407,7.2421,-0.42606,4.9061,-11.476,-3.6885,-3.9232,6.4666,-4.0183,-1.2923,3.321,21.656,28.713,-0.17328,17.296,48.936,16.411,-26.259,1.6247,1.3955,2.9435,-23.127,-2.5515,13.34,1.5988,3.129,-8.786,-1.1855,4.16,-3.0965,11.375
-5.2569,-10.538,2.5617,-6.4128,13.245,-7.2285,8.1021,-0.39799,15.426,1.0439,-3.1581,-1.4806,2.9786,-4.1591,-40.011,7.1329,41.52,40.369,24.686,19.621,42.839,13.338,-22.78,-1.1175,-0.95879,6.0488,-12.347,-2.8719,-4.2515,-9.8339,-5.7213,-18.678,-25.415,-6.2958,1.6813,11.268
-6.0326,-4.0857,-3.3857,-1.4186,25.146,7.6272,8.0958,-4.1936,17.105,-3.1232,-8.6099,-1.424,0.8791,1.1567,-49.207,-15.837,11.571,3.3594,7.3742,-9.4425,-14.04,12.699,-4.8402,6.9886,-1.2274,5.0755,7.0006,-5.3442,-19.474,-21.46,-6.7608,-17.05,-28.042,-1.8933,6.7161,5.456
-9.07,-7.8953,-13.275,-6.707,22.535,10.521,16.431,2.7163,14.296,-1.7845,-4.1224,-6.7953,-2.4975,12.833,-13.168,-12.018,-16.34,-20.825,-15.916,-36.356,-54.9,-6.8561,-15.892,35.045,0.64042,5.0499,23.5,1.4091,-20.559,-16.614,-7.1836,-12.612,-12.712,1.4325,8.6784,-0.37949
-5.4841,-7.1878,-11.077,-12.995,10.292,-8.7357,6.7645,-6.7045,-1.5486,-3.7121,-5.6265,2.2285,3.0674,12.863,20.289,-13.824,-46.782,-47.992,-13.677,-39.964,-42.405,17.042,3.8768,10.823,2.2701,0.077783,20.21,10.729,-1.4472,6.0653,6.1969,8.0353,13.367,3.4177,4.8083,-13.491
-6.7798,-2.5709,-0.17694,-6.6339,12.502,-9.4594,0.80992,-17.321,-2.6969,-2.0897,-12.596,14.216,5.0865,15.237,42.738,13.172,-32.096,-17.026,-0.70636,-28.177,-6.5391,18.33,16.253,-4.9322,3.0792,-5.2734,3.5973,8.5329,15.362,17.798,13.733,21.269,26.677,0.95526,0.7723,-17.855
-5.644,-0.31639,0.20977,-8.3673,6.7711,-6.3787,9.0682,-14.157,4.3988,5.5505,-2.4349,-6.5179,8.4376,0.34364,23.887,25.213,12.213,31.786,30.754,26.644,28.616,17.195,3.1288,-40.48,-1.3602,-4.555,-11.377,2.3982,29.348,19.508,10.707,18.087,18.548,-11.697,-10.406,2.6691
-6.4468,-3.7125,2.4508,-2.4348,8.2473,0.82955,14.926,-7.646,8.0525,2.749,2.4085,-4.8881,10.213,-7.2743,3.0192,11.127,30.971,28.277,30.532,36.687,42.972,-2.1562,-11.656,-28.58,-4.2799,-0.75092,-19.108,-12.711,18.343,0.94263,1.8964,6.1519,-0.24018,-12.415,-8.0557,20.557
-1.4319,-6.4452,-0.44683,-2.4878,18.526,2.013,15.083,1.7802,7.3848,2.466,-11.564,-8.4594,-6.2972,1.3439,-16.738,-0.81099,68.422,26.895,24.24,18.04,25.578,-31.199,-34.201,35.992,-6.5019,2.2,-12.001,-16.933,-9.4263,-20.823,-12.813,-13.933,-19.716,-8.79,7.6725,26.968
-3.7792,-3.1436,1.661,-4.01,22.11,0.48322,13.068,-6.946,17.296,-1.6256,-13.859,0.89645,-8.9454,10.982,-32.49,-37.37,31.514,-9.8667,12.033,6.8846,-6.2208,-19.549,-5.3601,59.617,-4.4129,-0.089224,-1.1876,-6.6582,-27.964,-22.403,-17.649,-16.131,-25.234,-2.0487,17.631,7.4922
-10.126,0.071114,-7.7644,-7.9852,34.051,7.2419,22.117,-5.487,12.566,-7.8615,-11.402,8.586,-14.492,2.2152,-18.365,-35.203,-35.189,-53.259,-24.061,-28.12,-45.366,-18.058,38.343,50.261,0.54286,-4.9259,10.907,9.7989,-34.845,-12.633,-17.463,-8.2388,-6.8094,3.6832,15.912,-21.279
-6.5722,-1.4795,-10.135,-18.371,16.242,-6.7183,17.426,-0.57005,2.3515,-1.8616,-0.35284,16.397,-7.7537,-8.1561,-2.1057,-4.9677,-57.045,-43.661,-33.565,-20.89,-47.728,-18.97,40.227,1.7468,1.2583,-7.114,15.403,23.236,-9.7263,15.132,-2.5535,2.8818,19.529,2.6081,-1.3828,-32.637
-7.2816,-6.1697,-3.7312,-12.909,3.8651,-21.016,0.87387,-15.467,-7.8258,-6.4452,0.85444,8.9207,-4.1787,-13.716,22.603,31.982,-61.523,-19.375,-40.276,-9.2669,12.284,-13.072,22.567,-41.469,3.6022,-2.8821,8.0678,15.371,17.672,34.365,15.083,20.353,31.232,6.4383,-16.321,-20.907
-9.0785,-4.1013,-1.4085,-4.032,8.68,-7.2182,6.9076,-12.401,3.6278,-11.819,0.1264,1.6025,-7.8108,-16.622,24.042,45.216,-3.9511,48.849,7.3728,11.867,62.6,-9.0012,-4.3857,-57.706,4.1405,1.7539,-1.8649,-1.4791,27.849,24.987,16.492,16.878,15.604,11.168,-15.606,4.5364
-10.963,-5.4761,-0.82613,0.83639,7.0698,-2.1955,7.2381,-4.2051,18.07,-9.419,-0.35784,-4.7508,3.5472,-7.9624,8.9,16.562,26.622,72.313,30.883,57.269,55.628,9.1488,-20.956,-24.546,3.3483,3.6821,-12.443,-13.977,25.543,5.7039,10.817,4.8931,-11.906,9.8621,-6.7215,20.368
-8.6371,-10.137,0.43333,-2.636,12.664,8.2961,17.93,-0.2677,20.703,-4.8753,-1.9395,-5.6197,9.0856,-2.2634,-4.5788,-4.6533,38.128,35.432,13.318,30.234,8.6189,25.76,-16.044,15.968,2.0076,4.8533,-13.612,-14.527,-0.11385,-24.609,-10.822,-12.972,-28.826,-2.6215,2.9427,20.966
-5.7287,-7.1329,-0.2021,-5.3257,15.184,7.3833,10.804,7.1005,11.45,-5.3425,-8.5904,0.25852,4.1146,-2.4849,-25.303,-12.969,45.152,15.853,10.836,6.0157,-20.257,18.858,-5.2116,23.533,-1.7046,2.8562,-5.1073,-5.21,-16.938,-34.77,-17.067,-25.246,-21.546,-13.969,10.298,8.2684
-7.1527,-4.4046,-4.0099,-3.2777,23.687,5.7086,11.784,-2.9368,11.247,-0.97714,-3.7795,7.0815,1.9436,4.9058,-26.915,-12.652,-13.785,-45.963,-36.713,-27.367,-43.587,-26.963,2.4557,23.085,-3.7536,2.7499,8.2576,2.7702,-21.005,-21.379,-12.714,-14.773,-3.4226,-11.697,8.333,-8.5205
-9.6475,-9.5849,-11.256,-5.3274,24.134,7.0248,15.729,0.13736,12.67,-1.9392,-2.0436,0.66489,-1.4046,2.734,-5.4682,-5.4885,-32.112,-60.839,-29.438,-40.163,-25.998,-34.336,21.286,13.237,-2.8599,4.783,19.915,6.8061,-11.182,1.8464,-4.4398,-3.3521,11.775,2.3516,3.2793,-12.352
-5.7059,-6.4584,-7.4975,-8.9612,1.2963,-14.506,-2.8892,-10.47,-1.6995,-20.058,-3.9851,5.7198,-6.9227,8.8768,26.792,5.4575,-28.267,-33.115,-30.117,-20.541,-5.6233,-6.127,12.372,-21.487,-1.6169,2.1153,16.644,6.3722,11.591,29.836,17.813,15.915,23.569,18.446,-4.668,-13.449
-7.1544,-4.739,-1.1924,-5.2282,10.324,-12.929,3.4213,-9.2146,4.9246,-12.97,2.1553,7.5578,-5.7518,19.445,47.419,12.007,-3.5185,18.661,-14.662,-14.158,19.638,20.198,6.227,-15.94,2.1392,-0.84093,1.2264,1.1718,17.467,30.02,25.408,25.448,17.974,13.459,-12.925,-8.3953
-11.861,-2.3892,4.3543,-0.59854,16.459,-0.87229,2.8792,-8.5315,12.308,1.4747,0.3069,-7.1084,-3.9672,7.1267,29.861,10.461,29.874,63.468,44.961,39.208,51.438,38,-13.355,-29.573,4.2687,-6.6152,-15.907,-4.1915,17.088,10.244,26.724,17.279,2.1341,-1.8967,-8.8456,7.2057
-9.4461,-1.8972,6.5276,-3.5054,14.794,9.5381,5.5138,-7.9107,15.485,-2.6069,-1.0761,-0.89096,7.8135,-0.59556,-0.87091,-2.1316,26.15,40.968,60.065,57.203,35.342,10.898,-30.475,-24.697,2.4203,-9.0177,-23.709,-6.6739,4.5623,-15.733,6.6638,0.59061,-15.109,-10.911,1.0279,14.385
-6.5437,-4.3159,3.573,-4.5918,13.998,5.9941,18.545,8.4821,18.739,-6.2397,-9.0468,-4.8422,7.6382,-14.179,-28.598,-8.4307,42.34,6.9515,66.139,30.174,-2.8043,-10.96,-13.505,18.92,-0.24988,-2.7506,-15.749,-3.783,-12.388,-29.263,-24.558,-25.484,-26.763,-13.307,13.305,20.766
-5.9061,-4.0734,-1.2372,-4.2973,24.629,4.122,25.621,10.88,19.38,-3.6637,-8.4053,-5.9236,0.54722,-14.991,-41.898,-11.917,13.06,-31.745,8.0684,-6.688,-28.783,-9.8766,11.442,31.737,-2.6192,2.9864,0.71628,3.4156,-22.9,-22.047,-32.778,-29.593,-16.646,-8.7443,14.573,8.433
-9.8115,-8.3906,-6.0621,-4.418,32.711,5.3115,25.895,-2.8398,8.9586,-3.4771,-2.7812,4.8681,-1.5835,0.57131,-28.368,-3.561,-25.522,-46.489,-51.831,-56.269,-50.317,-18.146,32.214,46.04,-0.91906,8.6593,15.39,9.3431,-25.081,-7.6728,-22.021,-10.994,2.7965,-0.53319,2.6849,-20.25
-7.5386,-7.3554,-9.6041,-9.5507,11.967,-5.9931,5.873,-5.5937,5.9839,-8.9266,1.5118,10.123,-0.67178,6.9615,2.5957,12.512,-54.42,-42.547,-44.839,-47.54,-24.133,-29.23,19.53,3.9085,0.16286,6.679,19.886,9.8728,-2.7966,12.828,8.1262,11.085,16.892,10.075,-11.211,-34.302
-6.5192,-2.3892,-6.4275,-3.7456,7.568,-12.193,2.5036,-11.416,0.27866,-12.681,2.1015,10.155,3.6524,18.141,26.103,26.071,-49.325,-26.011,-17.513,-4.3685,8.8534,-3.9493,-4.1246,-68.417,0.41767,0.094556,11.502,-0.1969,17.79,23.258,23.519,28.886,22.138,18.856,-16.548,-25.249
-7.8881,-3.5933,0.24329,1.6223,9.9909,-8.3992,14.897,-8.6019,11.653,-13.677,-1.0818,-6.6126,-1.2564,9.619,30.297,22.631,10.978,22.157,31.54,22.785,26.092,33.398,-26.445,-82.546,1.32,-3.5232,-5.4619,-10.386,26.012,21.475,13.383,26.256,8.6386,20.19,-9.7788,8.0402
-7.8105,-1.2011,2.0659,3.0309,9.0368,-6.4912,12.627,-3.52,10.551,-3.0766,-3.5466,-20.973,0.79719,-0.28464,15.289,-9.6054,30.729,37.451,27.573,53.001,35.262,44.82,-27.541,-36.979,1.002,-6.5618,-16.74,-15.233,17.073,14.737,-0.3248,10.432,-4.5142,3.2101,-2.1852,33.917
-7.5211,-3.14,1.2979,-1.6233,16.722,2.2345,16.581,1.8509,13.894,2.9702,-8.8864,-15.587,7.3557,-1.4416,-19.307,-21.582,35.614,33.096,-0.46544,55.054,5.8552,47.336,-17.656,28.391,0.7951,-2.6031,-16.953,-10.133,-7.8321,-7.186,-17.084,-14.936,-17.798,-15.814,8.4007,30.158
-6.3041,-2.7583,0.68958,-6.9255,19.567,1.2156,15.448,9.858,16.79,1.4049,-7.7669,-3.8481,4.3563,-9.1378,-32.794,-27.989,23.723,42.203,-3.134,31.656,-3.5993,5.1325,-19.445,45.699,-1.3137,1.7519,-6.7586,1.4804,-18.954,-20.146,-15.719,-33.333,-21.363,-23.625,12.767,9.1174
-4.9635,-3.5356,-8.7219,-4.1903,22.532,4.2956,13.254,12.236,11.461,7.7503,-7.7997,-0.97977,0.9395,1.0299,-30.428,-18.841,-24.679,-16.149,-38.528,-41.224,-43.466,-25.83,11.511,26.902,-3.1016,2.3093,10.151,7.547,-18.204,-23.225,-5.2297,-29.509,-8.0963,-18.458,9.3471,-12.43
-6.9112,-5.5722,-9.321,-9.6801,17.993,13.58,12.724,7.1154,9.9671,-2.9004,-13.812,-5.4268,-2.5631,7.2389,-12.944,-3.5733,-33.892,-38.655,-31.992,-65.527,-46.89,-36.722,21.713,9.352,-1.531,0.71557,17.66,11.591,-6.7963,-16.327,5.1381,-3.8869,9.3153,3.5883,4.734,-15.792
-6.7478,-1.218,-8.9107,-9.6666,5.1692,-12.022,-1.3206,-17.39,-4.4277,-7.792,-0.10811,-1.3463,-4.6929,1.9166,21.525,3.9455,-26.6,-42.602,-12.185,-43.903,-12.981,-24.026,8.5008,-15.584,0.40079,-3.8423,16.036,6.8923,5.4556,8.4554,20.955,28.588,30.473,20.726,-9.8026,-14.698
-6.6934,-0.29756,-5.6878,-5.974,11.303,-9.9527,6.7391,-8.0925,1.2892,-9.1848,-0.75637,1.0112,-0.48247,-6.0032,29.53,18.571,-9.2988,-26.205,9.3847,13.56,27.735,22.172,5.7301,-12.015,1.7995,-3.6818,5.5113,0.94818,6.5334,16.172,19.132,29.449,28.366,23.992,-10.899,-11.362
-7.4188,-5.2146,0.22413,-4.0706,12.577,-5.2391,10.154,-2.1115,9.31,-1.1203,-10.077,-11.991,1.9031,-11.56,28.518,4.5477,-9.6977,19.903,45.56,62.173,71.584,48.353,-29.511,-35.903,1.0131,0.75293,-11.477,-5.1554,7.689,15.807,9.0064,10.068,10.858,9.7258,-0.36129,2.208
-6.8169,-6.5755,0.8764,-3.1925,9.6393,-2.9142,11.679,6.2564,16.966,4.8497,-5.9628,-6.1121,3.1365,-4.4316,11.117,0.86643,-9.6759,10.955,34.798,28.682,52.658,47.047,-13.779,-37.299,-0.81021,3.2669,-18.705,-9.0926,8.4675,5.8657,-6.0433,-15.669,-10.193,-14.93,5.7687,14.251
-5.7345,-3.8593,2.066,-8.7835,1.1523,-5.5903,18.99,6.5222,23.526,9.3672,-12.26,-15.736,-1.4369,4.8954,-26.652,-12.979,12.034,17.852,20.14,-1.1244,28.847,12.166,16.449,8.0977,-1.9304,4.3128,-15.005,-3.8512,9.6106,-8.5742,-22.316,-26.121,-27.762,-27.925,9.3674,29.445
-5.9673,-3.191,-1.0504,-3.1843,12.178,-4.2997,19.72,1.9319,20.51,9.0948,-6.5541,-15.766,-2.8635,2.1035,-36.412,-18.128,22.173,4.1492,-8.1219,-33.135,-1.8596,-34.382,11.594,37.241,-1.3636,3.1248,0.68139,3.4695,3.9726,-8.6965,-23.795,-14.862,-30.506,-25.064,0.59587,24.625
-8.562,-4.4592,-12.138,-10.564,17.325,4.3796,16.203,-0.51143,21.961,2.8401,-1.5573,-3.1153,-4.7488,6.736,-22.745,-5.2108,22.431,-19.565,-44.56,-37.523,-39.965,-50.556,4.6398,74.052,-0.39041,2.077,20.183,14.404,-6.645,-2.6067,-15.568,0.33333,-26.955,-10.37,-10.164,-3.9769
-6.8349,-5.2239,-10.228,-11.366,12.639,-5.8245,9.0112,-6.7942,16.818,-9.078,-5.5175,6.1981,-2.0255,10.272,12.57,14.33,4.9885,-13.819,-51.825,-27.428,-65.466,-46.912,-4.8948,52.851,0.31971,-0.25866,23.938,15.102,-9.7826,9.958,6.0362,13.477,-7.4717,7.8032,-8.9259,-31.294
-7.6751,0.52513,-4.7181,-7.2979,12.137,-14.61,2.064,-7.8762,5.3896,-6.8241,-10.459,10.308,-3.808,11.196,49.771,42.811,-12.599,13.803,-35.848,-2.3112,-74.126,-33.421,-26.126,-19.591,3.1765,-5.2279,12.473,1.8612,-8.118,14.936,25.35,17.708,18.802,13.991,0.16232,-37.889
-7.4235,-0.54719,1.5245,2.3474,17.266,-1.7143,0.87699,-8.0996,-3.9373,-9.529,-4.5507,3.948,-1.7353,-1.4198,47.019,33.37,-9.2253,37.255,17.703,16.647,-22.137,-3.9339,-17.653,-72.406,4.3544,-6.8129,-5.9348,-15.027,5.176,4.7072,28.639,11.255,34.865,16.96,3.2106,-13.244
-10.172,-1.1996,6.8712,3.9843,8.7122,9.2258,2.3466,-1.0143,-4.724,-13.645,-15.104,-11.786,10.989,-13.557,22.397,-5.4249,-11.052,29.577,47.426,28.98,32.383,-2.0887,11.83,-52.767,2.1318,-5.2908,-19.494,-27.041,22.5,-4.3782,12.704,1.8239,27.192,13.093,10.482,20.646
-6.4543,-5.0714,7.4871,-0.32231,9.7391,0.88505,17.721,-1.9017,10.806,-7.6346,-12.021,-18.958,12.348,-11.416,-3.4166,-36.69,30.095,1.8294,49.733,13.2,55.606,22.222,-7.8199,3.2197,-3.7634,-0.27564,-17.222,-23.399,17.345,-7.6046,-23.06,-2.9421,-6.3701,-0.53722,15.145,29.188
-2.6653,-3.9914,3.4989,-8.6755,10.374,-1.1215,17.355,3.5148,14.209,-8.8157,-0.80834,-4.6225,-0.19051,-10.26,-22.482,-57.365,80.24,9.6243,11.656,8.5316,22.963,18.967,21.367,45.826,-8.9903,2.2094,-6.0278,-5.0995,-3.4418,-6.5695,-39.321,-3.0109,-26.992,-8.4971,13.986,10.281
-5.0027,-4.8591,1.5023,-9.6676,31.482,4.3741,18.24,-3.7641,14.399,-0.83237,-15.608,1.9762,-14.962,-4.4467,-16.65,-57.656,31.856,9.2085,-79.713,12.16,-49.278,-17.148,53.303,24.238,-5.2276,3.3891,5.7946,10.342,-37.363,-7.4298,-29.802,2.5998,-26.503,-14.064,11.13,-9.9283
-10.993,-6.4356,-1.3775,-20.026,37.961,12.293,7.9153,4.1827,4.9609,-7.5624,-2.6269,0.66033,-20.308,-5.995,-1.126,-20.439,-29.141,-6.96,-84.455,14.445,-50.137,-24.889,51.197,-11.87,2.6399,3.9397,12.8,19.39,-45.66,-6.9249,0.34648,1.7913,-4.3446,-3.3097,-10.782,-16.952
-9.7718,-6.0726,1.6004,-23.475,11.874,-1.2182,-17.415,3.8445,-9.2083,-16.835,15.54,-9.4801,-3.7313,3.3971,14.878,-3.4417,-102.03,-27.027,-51.223,23.242,-40.362,-26.167,32.917,-17.574,7.6109,-0.25147,9.3815,16.042,-10.424,4.843,32.939,2.9594,21.062,10.676,-27.595,-9.7466
-10.435,-6.3822,2.8869,-11.991,5.6078,-1.8054,-7.0453,6.9332,0.94454,-13.259,9.2163,-4.8294,7.3933,5.5165,25.751,12.479,-81.119,-6.8824,-0.85653,11.947,-3.2186,6.9282,-22.351,-18.027,7.4684,-3.2671,1.3109,5.889,24.879,12.142,33.432,3.3767,23.822,13.449,-21.206,-5.8533
-7.1474,-3.1873,6.8093,-15.406,-3.3549,-2.0901,0.10834,6.4816,-3.7734,-11.068,-5.0714,-4.0658,9.2418,-11.46,16.819,6.0973,5.7267,33.385,43.181,28.206,32.575,20.325,-47.897,-21.416,1.8472,-6.3125,-8.524,2.6295,44.773,13.187,18.937,1.5909,18.971,11.445,-0.99415,-4.2791
-8.6083,-5.12,8.8938,-17.821,5.0158,9.2882,-1.2748,8.8378,0.63418,-6.982,-3.4971,-11.06,10.548,-14.902,4.4583,4.2363,41.376,23.546,35.504,28.847,32.504,19.109,-14.425,-39.215,-1.7824,-3.2159,-14.602,-2.8504,27.712,0.055241,0.62323,-3.0017,3.1181,0.38959,16.897,5.6395
-6.064,-12.434,7.0064,-17.512,15.033,9.9273,1.2896,16.995,7.2342,-9.8113,-2.0523,-17.073,3.9275,-17.956,-17.095,13.827,60.59,23.695,25.282,22.747,36.634,24.97,23.983,-28.375,-4.4689,7.5367,-8.8038,-8.141,-3.4051,-16.976,-18.982,-14.258,-17.101,-10.161,17.615,18.044
-5.7023,-9.2102,5.0175,-8.82,17.102,3.959,10.116,16.1,11.693,-4.3326,0.49415,-17.933,1.1385,-7.315,-30.3,-5.6383,30.009,-1.7616,11.209,-0.33119,10.342,6.5535,26.196,13.649,-5.5499,13.262,2.8119,-11.704,-13.949,-20.437,-26.874,-16.155,-25.767,-13.955,5.8177,23.737
-6.6367,-10.12,0.19975,-12.993,20.897,12.422,7.0539,14.224,9.0145,0.092481,4.9247,-14.817,-8.3982,22.43,-9.8209,-29.67,-5.6158,-38.842,-39.58,-28.496,-41.851,-24.203,19.865,42.372,-3.8215,13.571,16.213,-5.021,-14.211,-16.2,-24.044,-9.2708,-25.057,-13.334,-4.0619,8.972
-7.7528,-9.9342,-2.8531,-22.9,17.089,7.16,1.4475,10.058,4.915,-8.6572,6.1123,-5.3637,-11.039,31.213,14.881,-32.534,4.7341,-47.369,-66.434,-26.308,-57.088,-26.08,16.722,44.098,-1.5127,5.3315,19.65,11.029,-3.6886,5.8119,-9.8547,8.4479,-5.2166,-2.9783,-7.8468,-17.886
-9.2379,-0.85659,6.0312,-25.307,12.232,-11.094,-14.166,5.7681,-10.303,-19.751,5.0711,-2.1714,-9.0911,30.635,41.379,2.1693,2.1711,-34.499,-56.117,-10.619,-54.936,-25.382,8.4105,1.2606,2.1244,-7.3433,7.1854,17.012,0.38489,26.75,8.0976,23.078,21.279,9.4549,-10.274,-33.637
-9.9212,1.7644,9.5421,-18.93,23.801,-7.9674,-12.491,7.1735,-7.1928,-7.4508,8.782,-2.2073,-6.0785,15.24,42.349,33.587,7.6726,25.127,-29.796,32.97,-9.1985,-7.7484,-7.3111,-55.222,2.4016,-10.882,-7.745,11.572,-6.7653,26.043,15.009,19.04,28.758,8.7535,-12.996,-25.462
-10.098,-0.65233,14.692,-13.893,18.626,2.7361,-14.035,10.357,-12.4,-13.202,7.795,-15.765,-0.25633,-6.3002,12.372,22.329,-5.1606,58.659,-17.411,57.254,40.6,13.905,-19.49,-76.153,-0.16999,-9.3655,-22.115,-2.1202,-3.3754,11.102,20.459,0.18941,20.982,8.6079,-5.4754,9.3486
-10.362,-2.4162,13.991,-11.813,17.728,12.808,-13.516,24.248,1.3643,-15.806,1.0948,-26.178,-3.4481,-4.7284,-9.3408,15.247,-25.427,36.267,-10.744,34.954,38.932,-1.9559,-34.306,-44.504,-1.1681,-5.3829,-22.89,-13.284,-1.5272,-12.149,17.34,-20.996,-1.331,1.7315,10.536,35.468
-9.1456,-1.9164,9.9926,-17.701,12.688,7.8476,-22.359,25.858,5.719,-8.6207,-0.83036,-28.263,-11.256,-6.2085,-43.353,0.73851,1.8435,15.442,36.65,-10.664,25.911,14.761,-5.4688,42.645,-0.77458,-1.0467,-9.976,-12.497,0.57441,-24.408,7.4126,-24.548,-18.009,-5.4575,22.33,35.662
-12.121,0.032221,7.2213,-9.4026,14.057,7.6102,-13.701,16.9,3.214,-10.719,-4.0584,-18.211,-6.419,-11.72,-44.237,-22.039,-3.4654,-14.012,29.874,-38.049,-8.5087,0.48134,38.356,62.719,3.6421,1.2404,6.069,-10.329,1.6548,-19.412,-7.0197,-9.1942,-14.998,-5.7924,18.955,8.1992
-14.846,-4.9808,-3.5997,-14.729,21.383,13.056,4.3824,8.699,-0.36905,-8.3646,7.6373,1.5738,-2.6437,-8.0375,-20.06,-21.511,-13.269,-38.243,-0.65696,-28.985,-25.725,-14.601,55.828,48.547,6.7309,5.5337,21.048,-0.91444,-4.7136,-8.6393,-17.315,6.0819,-1.1677,-5.535,-4.5646,-27.458
-10.721,-6.7442,-1.3311,-24.318,11.647,3.1981,-11.95,13.803,0.15391,-15.693,16.039,-9.7368,10.456,2.388,9.3576,-25.273,-9.5961,-33.951,-27.189,-1.8562,-10.239,-16.237,29.823,-6.4597,3.2852,6.0718,20.409,13.34,2.1426,6.4344,-3.8705,9.1049,12.024,0.17097,-23.787,-31.999
-11.168,-2.5469,4.2389,-20.999,7.2586,-9.0679,-23.563,12.914,-5.6135,-13.434,17.035,-8.2258,13.96,14.406,35.091,-2.2165,-18.659,-17.785,-21.393,1.649,20.937,-4.555,-24.025,-60.056,0.20669,3.4331,6.9102,16.697,3.4979,10.224,13.672,3.3109,14.942,0.98766,-22.097,-18.079
-8.7326,0.0092469,7.9808,-18.904,16.321,1.6968,-13.323,13.865,0.71679,-16.303,6.154,-16.541,1.7051,7.4169,30.23,35.012,9.9426,7.9312,20.889,-7.8413,28.282,-3.6869,-40.652,-42.975,-3.0235,-0.90837,-7.2908,12.986,-2.0644,1.4714,19.258,-3.7289,4.272,3.4506,-3.1848,13.847
-8.8605,-1.1547,9.29,-18.544,9.7171,4.9143,-5.6276,9.4928,9.8182,-10.337,0.56727,-25.052,2.7653,6.6136,4.0547,31.832,-5.5491,-8.0636,43.665,-9.438,29.722,-15.938,-19.419,-23.592,-2.5166,-3.8015,-14.024,-1.4373,1.126,0.34262,9.3062,-3.4056,-11.739,3.2397,14.513,33.872
-11.022,-3.7319,11.259,-8.0396,15.389,0.17255,-10.473,11.593,6.5791,-19.085,3.9467,-22.811,0.93624,1.7421,-11.578,22.631,-26.473,-31.455,36.57,-14.957,6.7288,6.7077,11.595,44.546,-0.77787,-5.8219,-10.716,-16.32,1.067,8.3592,-5.3515,3.66,-18.527,4.6654,15.473,23.475
-8.6402,2.6304,4.6274,-10.515,4.95,-12.338,-3.1554,9.3306,6.3164,-20.012,8.4293,-16.887,1.7619,-1.7647,-14.123,-3.2124,5.1786,3.6212,17.298,-11.821,-26.98,6.4464,22.416,65.545,-2.1038,-8.1788,-2.1868,-16.667,10.184,14.806,-19.569,6.2625,-18.201,2.262,8.4704,2.7435
-8.3746,-1.0123,4.5231,-11.604,5.4684,-5.4047,3.7261,6.4671,5.8321,-8.1115,8.0206,1.6498,-1.6825,-17.503,-14.262,-29.066,9.9137,43.885,7.3154,11.65,-36.001,8.4481,15.795,29.831,-1.3705,-5.004,2.8325,-7.8938,12.745,6.894,-24.863,4.5408,-6.593,-6.1652,4.3904,-19.777
-9.3033,-3.3969,5.5962,-18.368,17.267,9.5135,-4.0781,6.1451,-3.2982,-12.601,9.7383,-4.5099,-6.4441,-24.658,-5.5374,-25.656,27.178,28.298,-39.552,8.5708,-39.919,-5.4983,20.833,-2.5173,0.23575,2.5934,5.1004,4.0685,-0.15724,-15.459,-20.489,-1.8091,9.2565,-2.8133,-2.3936,-16.286
-11.532,-9.47,3.6429,-18.646,14.188,11.189,-6.3541,19.011,-6.6141,-18.567,11.19,-14.084,-1.8132,-11.831,-1.7085,-5.6164,26.251,-9.323,-59.319,-2.4491,-19.767,-18.146,34.338,-20.307,1.4378,10.186,8.1777,10.385,-4.825,-19.131,-8.7451,-7.0859,17.484,4.0012,-9.4791,-4.1328
-10.284,-5.4695,2.2988,-19.822,14.179,-6.4858,-17.891,7.3441,-7.4199,-17.534,17.261,-10.279,3.006,8.3661,5.1022,5.405,-3.7761,-47.07,-51.832,-13.817,11.185,5.6771,1.176,9.1836,1.3791,8.9206,8.3774,6.9772,-8.5806,1.0258,11.274,3.7788,17.694,7.4778,-15.278,-1.56
-8.791,-5.8916,5.3175,-13.685,20.138,-2.0665,-19.027,4.6431,-1.9905,-14.718,21.428,-5.6191,0.78165,16.914,21.307,7.33,1.2655,-14.087,-30.271,-12.585,25.868,22.867,-21.772,3.3164,-0.74509,1.7252,6.1963,0.54921,-7.0731,17.345,22.203,13.499,9.8719,0.98964,-11.96,0.97474
-9.1707,-1.003,7.31,-18.146,12.404,-7.3934,-23.657,6.4204,-0.017326,-11.687,5.207,-4.1505,-0.84608,5.5727,24.842,2.7564,-3.2327,35.809,2.2932,32.533,25.732,11.384,-27.503,-22.129,-1.1089,-6.0818,-3.5799,-0.38975,3.901,23.953,25.036,10.188,2.7693,-10.231,3.2517,5.1445
-11.697,-3.2461,11.791,-15.819,15.708,4.5996,-18.606,13.18,2.6188,-10.057,6.3309,-15.49,-3.6126,-1.8088,19.403,-1.546,-9.3866,35.962,24.631,41.871,22.32,-16.051,-11.122,0.22341,1.339,-5.5416,-15.276,-1.6168,0.27794,6.2617,14.294,-6.103,-0.75986,-11.019,5.6628,18.49
-9.2534,-4.0059,11.483,-17.377,14.778,8.0855,-16.955,19.342,3.1414,-14.172,11.058,-16.408,-0.34155,-12.682,-11.846,7.8943,21.055,47.671,45.9,9.894,26.807,-26.018,12.109,36.453,2.001,0.019177,-17.091,-0.51211,-5.2303,-16.374,4.0543,-26.07,-7.4984,0.70234,-1.7289,19.444
-10.556,-5.2946,12.933,-14.843,14.257,8.1749,-10.063,19.118,7.5899,-21.501,12.942,0.62125,7.2241,-1.6665,-36.732,-3.3231,-9.4886,11.29,19.394,-31.781,21.532,-13.526,-13.264,66.475,1.3652,5.0677,-10.521,3.5238,-9.3056,-25.123,0.7807,-24.647,-12.203,13.759,-10.229,-0.52988
-9.9123,-6.3195,0.81618,-14.687,23.657,14.654,-4.9793,8.3985,10.9,-18.974,7.9564,6.0203,3.7405,5.5974,-32.547,1.0844,-29.333,-33.725,25.183,-60.993,-11.366,13.633,-35.076,41.965,-2.6912,7.6506,4.3095,7.7204,-12.3,-25.643,-1.2473,-10.603,-14.503,16.437,-10.403,-19.026
-7.756,-2.9226,-1.2417,-18.825,6.5242,6.9604,-14.897,2.7614,9.5053,-14.419,1.2499,6.5336,1.1722,14.39,-22.853,19.478,-30.72,-48.958,38.893,-45.92,-19.608,32.916,-38.672,-5.1819,-6.7078,2.3945,13.007,9.525,4.9698,-2.4165,-0.048543,12.165,-5.3877,1.7378,2.9266,-31.113
-8.7831,-2.3932,2.297,-14.844,3.9774,-8.1696,-1.9463,-2.9763,-3.4993,-10.896,-0.63377,1.6184,-10.771,17.543,2.7622,35.096,-29.829,-50.422,29.914,-36.053,-25.138,32.946,-27.201,-22.85,-7.3741,-1.99,12.435,-1.7854,14.609,22.773,-12.281,33.573,12.912,-15.219,16.225,-24.155
-10.534,-0.062502,0.76572,-5.0256,8.737,-4.8921,7.8673,1.8457,4.9855,-9.0817,-2.0993,0.23125,-19.059,4.3332,10.651,27.296,15.608,7.5565,16.786,16.573,1.4792,-14.494,-2.5691,-56.681,-5.227,-6.25,8.0435,-14.322,17.934,29.064,-18.67,37.976,17.247,-17.956,25.016,-8.8171
-13.909,1.0219,1.1936,-4.0391,7.6358,-4.6304,-1.4044,-9.1702,0.59144,-5.1696,-3.9693,-2.2534,-23.014,0.67576,12.876,-11.751,20.547,51.885,-25.168,75.624,42.65,-38.756,27.995,-53.059,1.0891,-8.4077,-0.2178,-15.831,17.44,17.773,-12.804,26.946,9.5344,-9.1093,27.951,6.1912
-14.723,-2.4635,4.6354,-10.58,12.499,8.969,-6.7752,14.145,8.1995,-24.53,1.6331,-19.871,-18.841,-8.4258,12.308,-28.709,33.763,45.207,-26.915,88.124,32.731,-21.013,58.808,-34.163,7.9231,-5.9154,-4.6422,-8.6763,1.099,-8.8432,-8.5164,-9.8485,-11.044,11.65,15.575,22.977
-18.196,-0.85485,6.8002,-17.942,12.37,10.842,-7.2089,28.686,16.219,-22.55,11.497,-14.86,-5.4345,-18.116,0.84478,-16.055,48.292,19.619,-12.256,62.901,6.9083,-9.3406,81.863,-3.153,12.381,-2.1356,-3.793,2.6469,-12.615,-20.972,-1.7947,-38.056,-25.413,16.36,-8.8312,22.686
-17.811,-3.337,4.1162,-12.429,23.252,9.9749,-2.688,26.98,13.537,-10.898,19.571,-10.547,11.767,-15.848,-6.5445,-13.934,7.2305,-20.526,-32.252,-26.308,-35.871,29.05,48.37,33.251,11.103,5.1117,2.2811,3.4354,-25.081,-14.385,1.5535,-37.06,-20.702,5.4034,-34.308,10.902
-15.082,-7.5994,1.8756,-11.142,26.406,4.6761,-9.5759,15.863,1.3766,-16.656,27.993,-8.4919,23.589,-6.291,3.3369,-5.905,-29.262,-20.106,-31.473,-57.44,-50.116,18.012,-10.943,26.666,4.0785,9.8643,7.2353,2.3736,-23.471,-2.3441,10.87,-16.808,-4.6176,1.0417,-45.067,-3.6143
-10.397,-7.0153,3.8255,-20.946,9.0965,1.7891,-21.718,7.4023,-2.3146,-12.952,17.57,-6.4297,22.162,11.22,22.467,-16.607,-52.866,-6.854,-9.5391,-37.006,-42.265,-7.6719,-66.327,5.4361,-2.3643,7.8677,3.9309,8.0447,-3.8659,4.557,22.575,9.9891,16.805,-1.7069,-27.148,-13.084
-10.109,-2.1612,8.614,-16.636,4.8158,4.8822,-13.43,9.7545,-0.91315,-12.517,7.0266,-3.5851,9.7604,17.672,22.515,-2.8504,-39.013,1.0624,30.74,-15.788,-12.983,14.229,-86.124,-7.3168,-3.0172,0.27573,-7.0655,12.223,11.508,1.5456,22.694,17.537,26.24,5.1968,-1.1241,-9.6464
-9.2165,-0.44609,11.981,-17.985,7.6132,6.4449,-5.5303,11.531,-6.45,-16.803,-3.109,-10.282,6.8596,11.509,3.5209,24.763,-7.2239,-8.3254,49.514,2.8113,29.589,22.407,-49.778,-15.18,-0.33742,-6.5989,-17.402,14.625,21.055,-0.39562,12.714,10.276,23.441,10.422,20.05,2.7794
-10.791,-2.0482,9.0557,-14.048,7.6406,2.8795,-2.2998,5.9044,-3.047,-7.616,-4.7293,-10.224,16.154,-5.0568,-22.517,34.524,5.4585,-11.643,52.47,10.337,45.158,28.956,-24.838,-11.258,1.2396,-8.2496,-16.77,5.7195,20.303,0.65047,0.55146,-1.0522,4.0312,0.64236,26.81,14.49
-6.6256,-1.3172,5.3651,-9.8591,4.0722,-1.3722,-2.5259,10.733,13.547,-4.1995,-1.4407,-10.7,17.278,-10.41,-42.026,37.83,30.171,-2.4796,43.166,1.3094,45.871,37.073,3.2788,21.304,-2.6223,-3.6093,-7.2747,-8.5574,6.7209,-2.9899,-7.5962,-17.495,-21.233,-6.7597,20.204,15.425
-3.3275,-4.2541,0.66303,-3.4372,9.3156,2.9695,11.303,15.322,11.667,-4.3409,-6.2264,-9.0053,10.749,-12.617,-38.56,19.213,43.803,1.3919,36.671,-20.299,-0.96762,10.107,21.399,46.892,-7.9277,4.0452,7.0867,-15.174,-9.6946,-10.636,-14.648,-23.469,-27.906,-10.799,11.86,7.4305
-4.3094,-4.5483,-4.8363,-4.3757,21.861,5.16,9.2513,7.4769,9.1282,0.095959,-0.72105,-0.23984,-3.5493,-2.7573,-24.832,-10.369,7.2085,-29.792,19.433,-69.345,-53.512,-1.9674,28.126,32.871,-9.1659,7.5672,16.92,-13.145,-22.692,-10.41,-19.618,-8.101,-13.653,-12.426,-2.4374,-8.9699
-6.5749,-6.7411,-5.1235,-7.1828,20.648,0.30928,10.147,-2.6169,-1.3215,-4.7102,5.6104,7.992,-13.07,11.342,4.3186,-17.247,-31.534,-51.165,-8.902,-71.682,-44.679,-5.5199,22.037,20.111,-6.2709,6.8498,16.538,-3.4525,-15.774,4.7996,-19.869,15.364,13.387,-8.5936,-14.266,-19.757
-6.7765,-1.4524,-4.1574,-13.171,2.0105,-14.938,7.7682,-14.97,-6.7148,-4.9985,6.704,-2.7632,-16.642,15.446,21.134,-9.665,-45.619,-28.252,-32.138,-13.504,-0.53677,-17.241,-9.2274,-10.155,1.3615,-0.056865,7.4044,4.6851,5.8823,22.918,-13.027,29.345,25.027,-4.5038,-17.437,-15.241
-8.6292,-0.13079,2.4829,-7.6631,3.4741,-12.564,7.5931,-9.2958,-2.7507,-4.5536,1.0796,2.3119,-14.059,12.53,21.147,1.5988,-8.653,24.62,-36.887,28.599,39.48,-25.224,-31.254,-30.382,8.0144,-5.5446,-3.9646,4.9524,18.289,19.728,-0.3778,21.53,13.497,3.792,-9.7718,-7.1952
-11.603,-0.1304,1.9273,-8.9681,7.6381,-2.5293,-5.5406,4.0642,9.5744,-8.6029,-3.0693,-2.4772,3.7526,-3.6356,3.7765,3.6333,25.18,46.905,-31.708,27.239,29.544,-14.634,-32.413,-18.088,9.2719,-7.3228,-10.126,-0.22934,18.194,0.7232,19.394,1.0655,-3.9909,13.878,-0.28821,10.081
-11.191,-1.1368,2.4077,-8.4849,13.507,6.4148,-1.6418,2.1655,10.274,-15.52,-5.1299,-7.342,16.805,-6.8395,-6.8261,0.8656,24.51,9.8986,-11.006,15.596,7.7662,12.136,-15.229,-11.899,4.6365,-6.4398,-10.431,-6.5986,3.9484,-16.097,27.627,-7.5476,-12.028,16.157,4.1791,22.187
-3.6193,-2.7671,-2.2316,-10.943,9.5839,-0.97536,-3.4684,-7.0812,1.5446,-6.8324,-6.3976,-6.9801,14.286,-11.483,-15.51,-10.445,28.77,-17.276,51.889,-1.675,-4.6339,33.466,-18.681,31.01,-3.7262,-2.346,-4.3857,-6.2207,-8.666,-15.138,18.213,-7.8924,-8.8778,7.2706,8.2555,22.36
-4.2189,-2.2322,1.1493,-6.2426,14.756,-8.3918,1.054,4.0751,5.1474,0.62936,-4.871,-1.3861,3.8572,-15.745,-21.365,-24.355,9.2939,-23.777,59.45,5.3181,-3.5687,31.512,-17.224,56.006,-6.6652,1.9374,2.0945,0.53305,-12.997,1.0809,-2.4364,-10.097,-7.6829,-4.9936,11.137,11.517
-7.9463,-5.3243,-5.1984,-15.312,21.399,-3.7638,19.056,2.272,9.8208,0.055488,-12.539,10.05,-8.4046,-10.913,-10.883,-14.86,-10.542,-11.947,24.131,-7.0838,-9.1779,12.031,9.8626,59.761,-3.9604,8.2282,11.035,12.21,-14.82,8.8312,-23.551,-6.7584,-9.5737,-7.9128,13.228,-13.605
-7.0989,-7.7306,-6.7915,-18.478,12.247,-4.0793,16.821,0.14798,4.3517,-3.2082,-10.671,12.146,-5.1762,2.5622,1.3326,5.7382,-20.82,12.639,-9.3088,-32.182,-28.376,-2.114,26.183,31.308,-0.8211,8.9332,15.153,20.421,-2.8249,13.638,-17.951,-3.6185,-7.7791,-6.1665,2.4185,-31.388
-6.3816,-5.4744,-3.7025,-12.256,5.5676,-9.1051,0.71381,-8.6596,-2.6465,1.1019,1.4339,16.135,-0.99942,20.504,28.316,35.556,-30.273,8.6726,-31.487,-16.717,-40.099,10.715,25.755,-24.668,1.1747,3.3552,9.0973,13.954,8.2258,11.184,-0.45411,5.7946,9.0696,-4.6316,-11.425,-33.922
-7.5893,-0.87602,1.0676,-4.9016,12.262,0.59837,5.5707,-6.5502,-2.8071,-0.95084,1.2339,11.226,-3.9509,13.213,34.801,52.543,5.0346,34.105,-2.4948,-7.9579,-27.004,1.3374,-13.078,-58.719,2.4639,-4.6202,-1.9733,-0.41157,14.23,2.5597,8.4219,8.9065,25.816,-4.1351,-11.922,-16.957
-8.2008,1.5005,5.0301,-4.322,6.2548,-1.7663,8.9376,-2.7373,-6.6492,4.2844,-5.6141,-1.8241,-3.1438,0.53793,17.87,31.505,17.66,33.238,18.454,9.7769,35.484,-12.852,-27.63,-64.834,2.9815,-8.3588,-15.841,-14.109,16.457,-0.69878,7.1123,4.3138,30.354,-9.5166,-5.4485,8.1711
-8.1647,-4.6116,6.2428,3.8265,14.42,9.3038,11.461,-6.7922,-7.1489,-4.1307,-13.686,-8.2342,8.2154,-10.556,-3.3105,5.7058,26.361,13.155,7.8304,-0.89641,62.91,-11.006,-6.7366,-33.395,2.1239,-2.6268,-19.288,-23.289,0.77327,-14.944,-4.2457,-0.070592,12.696,-4.8285,7.0975,25.304
-7.6658,-3.3376,2.6447,-0.86695,13.318,3.1611,6.9952,-3.6502,17.266,-3.7344,-4.9207,-6.5525,7.8251,-9.4058,-31.831,-11.572,41.351,15.654,-1.0881,1.3217,66.712,-30.696,-4.6578,3.5255,-2.2374,3.046,-9.9698,-17.39,-11.36,-20.316,-10.267,-7.4397,-21.418,-0.14798,6.769,28.548
-3.7492,-3.7348,0.60511,-3.7763,21.911,4.7121,10.457,-6.542,16.69,-2.4445,-2.4811,-3.1075,1.1842,5.0506,-36.787,-42.363,-2.9445,-31.822,-13.952,-4.0833,20.864,-13.883,10.923,33.622,-7.1433,4.9414,3.6868,-5.5804,-19.97,-16.9,-7.9631,-7.5023,-34.353,5.1611,0.67737,15.572
-6.496,-3.6409,-8.0668,-6.3066,23.185,8.3564,8.8957,-2.2015,14.787,-11.907,-13.546,-2.6247,-10.815,7.9647,-15.241,-31.411,-24.487,-45.851,-21.991,-25.828,-50.583,-12.154,-2.6147,44.395,-5.138,1.3756,14.824,6.4149,-17.575,-8.9121,-2.3828,-6.7376,-29.319,12.191,1.8449,-2.7438
-8.1575,-1.9347,-6.7948,-14.635,8.0147,-9.205,3.5351,-9.5581,4.5227,-6.9859,-3.9123,6.6127,-18.181,5.4661,6.8282,-12.277,-40.571,-40.591,-21.534,-24.833,-50.206,5.5284,-4.3713,24.031,-0.18183,-4.6258,12.385,16.489,1.7879,13.545,9.0965,7.3602,-1.604,7.2278,-0.45356,-17.288
-10.869,-0.25528,-1.276,-11.143,8.0225,-12.806,-0.53951,-15.056,-1.9414,-7.5406,-5.5125,10.785,-8.182,-2.7356,20.482,5.4598,-27.714,-24.522,-9.2117,-21.992,-44.347,20.555,12.214,-5.3984,4.6638,-5.1894,3.5114,12.665,13.116,23.875,16.48,22.243,24.938,-0.32194,2.8829,-16.315
-10.653,-2.6946,0.62386,-7.4968,9.2066,-5.0022,4.408,-12.531,-0.048513,-1.8634,-8.6833,2.2033,-1.0415,-12.728,7.2745,21.649,7.6085,25.237,25.14,30.8,9.7264,5.9013,1.2411,-27.921,4.9428,-2.7415,-3.005,7.637,20.526,21.528,13.379,17.921,26.404,-4.319,4.8477,-2.9083
-9.3392,-4.6287,-1.5348,-7.1459,8.7323,-6.0062,3.8535,-11.711,-5.1008,-4.1906,-5.053,-3.1192,3.9341,-8.8852,2.0927,14.954,17.001,40.607,37.073,57.57,44.141,-13.95,8.9935,-11.206,2.4841,1.0511,-5.4947,0.081004,13.243,9.3762,2.1929,-0.515,15.231,-5.3002,3.3428,9.1628
-9.4432,-6.1121,-3.0281,-5.8092,11.464,0.013787,13.909,4.169,10.966,-5.7102,-3.5215,-0.39576,0.47444,-5.1668,0.99816,21.161,39.7,34.484,22.217,24.994,37.572,1.1857,21.478,12.393,1.8364,4.0845,-1.6073,-6.0628,-6.5075,-14.302,-15.353,-28.738,-12.32,0.19036,2.8874,6.2701
-9.5071,-2.9891,1.5963,-4.5097,15.394,4.9896,13.246,5.3785,14.622,-12.592,-3.5967,6.4817,3.4803,-1.2609,-3.8529,6.1087,22.454,17.735,3.2146,-21.664,17.885,-3.5879,18.81,20.259,1.6986,3.3541,-0.37906,-5.7114,-17.73,-23.56,-18.669,-32.231,-23.401,4.3748,-3.0855,-3.3783
-10.332,-6.0978,-0.44264,1.7656,25.726,6.7421,10.82,-8.5792,8.8763,2.9302,1.3273,3.5994,8.3674,3.8823,2.2106,-4.2428,-27.655,-34.837,-34.697,-73.275,-38.744,1.6721,10.77,-12.303,1.7748,3.4317,2.1634,-5.8959,-19.709,-18.226,-14.718,-6.067,-17.344,-2.0022,-6.3845,-7.4602
-7.1546,-5.2663,-4.754,-7.8789,12.828,-0.5029,7.0052,-16.168,4.8865,-10.305,1.9275,5.0125,8.4808,3.3605,-0.40879,-0.90131,-37.97,-42.532,-27.813,-54.45,-34.708,7.6807,-1.0801,-15.749,-0.22638,1.6801,4.7413,0.70403,-4.9602,-0.50845,-2.5999,19.842,-5.986,-0.43646,-2.1099,-2.2565
-6.4358,-3.0323,1.2523,-6.2459,-1.0806,-14.659,-0.3191,-21.695,-3.5386,-6.0179,-0.89862,-5.8125,6.8481,9.6809,10.093,-4.8136,-28.635,-26.512,-35.858,11.051,-22.851,-14.46,-0.50001,-6.9042,-1.9893,-0.90169,2.6608,1.173,11.139,16.63,11.534,30.533,10.959,-3.6703,1.5591,13.385
-7.2148,-2.8416,0.54445,-0.95461,9.8126,-5.576,4.9093,-15.288,3.4757,-4.2778,-3.0238,3.3129,3.1081,4.2402,15.913,9.9143,-1.8572,11.03,-9.2046,35.384,-19.991,2.2957,13.895,6.277,-1.168,-2.9758,0.073476,-1.4227,12.348,11.877,11.698,14.644,15.602,-2.102,-0.25677,13.913
-6.8779,-2.4697,1.9547,-4.1033,12.916,-3.9773,-6.061,-3.4935,-1.844,-7.3131,3.553,0.99706,1.1074,-1.066,7.3537,-3.7858,9.9829,21.534,13.667,34.471,8.6925,-13.987,11.078,43.611,-0.24016,-5.8834,-6.3986,-2.3297,9.2383,3.0173,12.642,-7.3526,19.425,2.0798,-8.2395,7.4629
-5.3795,-3.4276,2.8511,-3.9931,4.9014,-0.3285,5.2738,-7.5774,-5.9562,-8.5093,6.6493,4.7462,5.5112,-6.1449,1.3283,-8.5289,4.4604,-7.1698,5.9157,7.0605,27.53,-3.066,-8.1529,28.556,-0.65946,-3.3941,-8.9623,-4.7719,4.3845,-7.7918,1.8465,-18.317,11.377,3.522,-11.865,-6.1827
-6.7997,-3.2724,3.7758,-6.6196,6.3664,-6.5153,6.332,-8.3147,5.5236,-10.896,-0.19623,15.276,4.4457,-14.544,-14.608,-7.2406,14.398,-2.3256,19.793,-11.55,50.515,-1.3797,-30.673,19.271,-2.8388,-0.070773,-5.3964,-1.6008,-1.3146,-6.7065,-2.9624,-22.451,-10.047,11.1,-3.7693,-19.81
-4.4983,-5.5127,0.29804,-3.9609,15.318,-7.8919,1.6707,-9.3475,13.557,-4.0195,-5.2256,10.451,-1.8583,-5.9916,-17.918,-12.218,17.858,-15.999,-3.0352,-33.189,15.985,13.602,-24.556,-12.466,-6.4973,3.6572,0.08567,0.40897,-6.7361,2.2211,0.68833,-12.972,-23.728,1.6542,5.8332,-14.184
-5.0956,-8.699,-4.0726,-7.7397,14.907,-1.3584,5.6371,-8.3834,13.657,-10.248,-5.8462,7.7797,-9.4016,-1.4965,-10.005,-9.9455,-3.2886,-7.584,3.33,-57.657,-35.768,33.179,0.4328,-34.927,-6.6082,6.0102,9.0373,3.9274,-8.2515,8.5214,-0.61833,2.8405,-19.11,-8.9237,14.661,-2.3954
-7.1607,-3.7101,-2.1838,-9.542,9.5598,-10.907,4.1037,-24.138,-2.0305,-2.0322,-2.8038,2.2613,-20.051,5.6177,-0.54469,-5.1316,-20.377,6.5647,17.589,-34.748,-47.967,-12.074,5.4598,-15.265,-3.1317,1.665,14.341,7.2125,-2.1026,23.42,-1.5653,24.45,7.5428,-23.925,10.272,12.616
-10.169,-4.9219,0.014256,-8.8018,7.6011,-8.8,6.7805,-29.748,-4.5666,4.7002,-1.1908,1.908,-19.499,9.7025,21.892,8.8531,-7.7425,28.999,6.3894,3.4321,-13.059,-33.16,27.626,8.6929,0.98071,0.70913,10.723,5.7871,11.581,29.944,-9.7036,36.214,30.016,-23.269,-0.74535,14.322
-11.987,-4.5923,-2.0177,-5.9956,8.7824,-0.88874,9.8934,-16.039,-1.3152,-17.531,-4.8234,5.7545,-12.468,-3.2663,37.84,14.446,9.5713,82.81,-12.391,58.518,42.344,-72.851,13.209,28.802,5.8586,-0.20716,-0.65153,1.3764,17.456,14.664,-12.616,19.84,27.402,4.7563,-9.7142,1.9103
-12.432,-3.4066,6.7903,-5.0864,11.425,8.1323,5.9369,-10.716,6.7698,-19.079,8.9764,10.38,-8.2897,6.4912,24.42,9.2013,39.645,104.01,-30.198,76.778,69.158,-52.775,-7.1686,14.651,8.2293,0.12695,-17.029,-6.2662,6.6869,-18.208,-9.1307,-4.521,1.5007,23.525,-13.606,-9.7943
-12.264,-6.1009,13.348,-4.1769,12.434,22.032,-1.6702,-4.3944,13.474,-26.568,-1.2828,12.427,3.6374,6.1876,-5.0665,1.5765,43.209,42.38,-27.196,27.78,47.934,21.515,-25.714,-8.6929,7.7577,2.8337,-20.748,-9.2388,-10.032,-48.392,0.68368,-27.137,-27.899,27.434,0.53856,-10.548
-14.176,-0.92205,4.5415,-5.1105,25.598,31.746,-2.5367,2.8185,22.618,-17.169,-6.5454,5.8973,13.595,5.6103,-41.802,-16.043,8.8734,-41.827,-31.862,-3.8039,-8.35,37.28,-20.942,-21.531,5.3543,-1.4545,-8.1384,-3.8785,-23.514,-47.727,9.9815,-29.868,-37.044,8.4436,10.171,-5.3672
-9.2963,-2.7408,-3.4266,-5.1953,23.3,8.4942,0.53204,-8.9169,14.727,-7.7284,-9.9196,3.6492,15.378,11.343,-32.79,-19.126,-25.201,-86.228,-8.1412,-36.874,-58.398,19.292,22.789,-5.8466,-1.6515,-2.5557,10.192,5.3135,-19.229,-10.625,13.635,-11.392,-20.417,-15.978,11.11,0.61902
-7.1179,-2.2815,-5.7232,-12.599,10.428,-6.0121,-11.095,-10.357,1.9679,-9.8588,2.8237,4.0027,12.611,-3.3589,-2.41,0.16033,-43.719,-70.32,10.182,-40.238,-62.895,-9.4457,19.435,-13.608,-7.8055,-3.9256,20.562,12.156,-0.85394,23.702,14.927,4.7106,9.9915,-13.771,2.6263,3.6179
-8.1036,0.25013,2.0855,-9.996,7.418,-2.2029,-1.4617,-16.244,-5.4005,-20.578,5.427,10.451,-4.1283,-2.1065,26.198,20.042,-26.642,3.5028,19.955,-10.965,-26.878,-35.012,9.6491,-9.5592,-8.3942,-5.6197,9.6797,8.3626,15.524,30.254,7.7557,19.263,30.133,5.4635,-7.1036,3.8865
-8.4666,-4.097,0.58047,-2.63,11.679,1.9348,3.5512,-13.637,1.2344,-15.467,-4.5011,-4.3076,-15.679,-7.2933,31.514,25.155,5.3241,31.819,28.725,6.7946,25.848,-4.4219,-1.241,-1.585,-4.4201,-3.8442,-7.1651,-3.6956,20.549,15.169,4.5396,22.096,25.655,18.07,-6.1352,8.1539
-10.686,-2.8863,6.5204,-0.1585,9.3538,6.2721,3.1863,-12.759,1.655,-22.43,-1.4326,3.0248,-12.447,-14.789,-1.3531,10.189,27.898,13.972,21.366,35.923,47.895,44.097,-2.3912,7.5744,3.0329,-3.4945,-19.562,-11.745,11.229,-11.198,-3.6104,10.479,3.595,18.067,-5.4173,2.0959
-13.666,-4.3599,7.8164,-4.9402,12.122,5.6599,0.94341,-8.702,11.364,-11.143,5.633,6.9231,-5.3298,-16.239,-24.46,-13.391,31.758,0.28946,32.175,46.797,27.993,41.35,-5.2207,18.594,6.5859,1.5433,-15.133,-9.4374,-3.6896,-18.725,-14.221,-3.3814,-25.849,-4.0157,-0.46742,-4.1649
-11.727,-7.0128,-2.2091,-3.7461,21.146,2.9204,10.525,-0.74934,13.482,-0.69066,-0.83561,8.6224,5.8616,-15.106,-43.626,-19.409,16.285,-36.72,0.17794,21.431,-9.9762,32.437,-15.447,-9.1694,3.1554,8.4808,4.2557,-3.48,-14.05,-5.7866,-20.952,-16.813,-34.928,-22.199,5.9429,-9.3897
-10.611,-10.153,-7.2847,-7.5318,21.662,3.7554,15.969,3.7565,9.3172,-5.6617,-7.4099,2.1908,8.0958,0.58193,-23.014,-7.2329,-7.3169,-36.461,-31.784,-2.8659,-74.461,-18.671,2.95,-14.038,-1.6728,12.282,19.567,3.1141,-11.603,10.745,-18.444,-18.407,-21.313,-18.641,12.606,-9.2054
-9.283,-7.5428,-7.7421,-8.5673,12.726,-11.136,-4.2376,-8.2733,-2.3098,-8.9525,-2.6349,0.80627,-3.3831,19.205,19.202,-10.29,-22.815,3.4141,-51.416,-23.309,-75.519,-36.888,23.238,-23.058,-4.8715,8.7791,22.712,6.481,1.1721,23.134,3.4056,-3.0402,2.8402,-5.8993,8.531,-4.9021
-10.841,-3.8039,-0.92383,-6.1461,12.674,-5.5427,-7.5674,-6.373,-17.971,-16.348,8.0076,3.8123,-9.0715,28.016,41.96,-2.3805,-6.707,33.945,-34.25,-22.867,-45.801,-17.195,38.464,-20.488,-4.2281,-0.0032335,10.161,6.1472,10.453,12.174,15.768,13.83,26.206,11.363,-0.47004,-5.8509
-13.304,-0.58501,4.2114,-9.5838,14.232,9.2765,-3.4147,-7.3389,-10.633,-13.792,3.0746,-3.7174,-9.9124,15.072,37.447,10.569,21.84,43.746,18.439,16.231,-10.105,2.2031,9.4504,-30.455,-0.37153,-9.0785,-7.2416,5.3913,12.544,-9.1529,16.317,21.549,27.533,13.551,-7.0287,-0.70787
-13.136,0.37591,7.7185,-8.2138,17.556,10.522,-1.5673,-8.1444,-9.4217,-11.839,8.9674,-5.7916,-9.78,2.6319,18.667,13.074,22.619,4.2415,12.128,46.514,23.86,18.601,7.4936,-39.594,2.1746,-11.489,-15.153,-1.9528,2.4042,-18.579,5.0975,12.786,14.705,2.7812,-11.549,4.952
-13.091,-2.0966,6.6603,-2.2487,21.205,2.7053,1.9817,0.72775,-11.637,-10.105,1.6105,-9.6191,-4.8865,-13.496,-5.3598,8.94,25.243,-27.499,6.982,49.743,27.314,12.969,3.5798,-17.045,2.9586,-6.0914,-11.379,-12.522,-7.5922,-14.83,-9.9414,-10.952,-7.2629,-9.0209,-6.3406,15.627
-15.837,-1.7322,7.1854,-3.2768,20.496,-0.13634,-4.2018,12.851,-5.5388,-8.8907,12.487,-13.034,-0.71165,-15.144,-12.401,-11.33,3.6124,-23.328,-3.0342,24.306,9.0157,-8.6712,-16.346,-2.4336,3.0988,-0.37233,-2.7377,-12.411,-8.5563,-0.22307,-5.9982,-23.486,-17.249,-13.092,-5.4493,16.526
-14.397,-6.2789,1.7981,-7.5823,25.384,0.85626,1.3934,7.0352,1.0825,-8.7816,3.105,-8.6187,0.34636,-6.4963,-3.9157,-39.838,-6.6181,-16.617,-23.687,-27.424,-38.997,-29.265,-10.333,29.101,1.5761,5.5266,4.5746,-1.6488,-6.7896,11.366,-2.0027,-16.873,-9.771,-6.2128,1.4945,0.74527
-12.839,-5.1051,3.949,-11.212,17.273,-0.21752,-2.7903,0.85491,-11.274,-16.837,0.047058,-7.5086,3.0976,-2.7295,4.2566,-24.591,-4.2324,-2.3147,-2.5289,-32.332,-29.23,-25.742,-12.797,19.964,-0.26396,6.1691,5.5311,13.301,-0.28699,10.105,3.2561,2.7631,9.1477,8.1228,6.7647,-13.022
-14.417,-3.6583,6.3207,-18.2,19.508,-5.5627,-10.568,-6.986,-28.268,-20.765,2.6639,2.1689,1.0893,7.9294,9.1841,7.3266,-4.7823,18.822,-3.284,-6.3029,-2.4184,-9.5597,9.2777,-24.517,-1.2173,2.2631,2.8509,21.676,0.0069307,7.9985,10.778,18.037,22.951,19.475,4.0443,-17.106
-14.278,-4.4073,7.0525,-10.263,21.318,1.9158,0.51431,3.6954,-5.4785,-15.77,6.3087,-8.4458,-2.4029,8.4881,8.7045,31.591,1.2596,9.4766,3.0449,27.561,36.465,22.09,7.6721,-40.732,-2.1283,-2.3069,-2.3839,9.3142,2.5161,3.3699,7.1091,11.021,12.985,16.9,-1.2098,-3.4563
-13.133,-2.6631,4.8384,-4.3933,20.97,9.2007,-1.9009,2.4634,-3.0242,-14.095,4.613,-20.409,-2.9897,-0.78944,8.1147,40.451,-9.3294,17.48,27.416,32.813,42.913,44.196,-0.34527,-26.081,-0.83392,-7.281,-7.555,-10.077,2.1578,-4.4933,3.6156,-6.3938,-0.73375,3.4566,-5.1742,11.575
-14.683,-1.3586,9.0424,-2.3197,17.172,-2.8609,-5.6012,9.9108,-5.6631,-9.1269,2.9085,-16.586,-5.5042,-9.9044,-7.1284,5.4181,10.622,15.206,17.667,3.2129,13.029,31.878,-14.034,3.4642,2.9574,-5.6831,-10.151,-20.504,0.58315,-8.5044,-5.4273,-19.855,-16.419,-13.776,1.91,14.712
-15.71,-5.5773,9.3831,-1.9462,16.917,5.5655,6.198,6.313,-6.7196,-1.9885,4.1913,-6.8013,-1.5296,-19.279,-20.675,-29.973,1.3254,-6.5089,7.4831,-26.098,5.6308,2.8294,-5.7404,11.258,4.8163,0.082435,-6.7687,-15.117,1.8919,-13.915,-13.56,-12.656,-17.428,-20.656,9.0938,8.1238
-15.742,-7.9024,1.2159,-8.7779,28.655,11.336,5.2981,3.3771,2.8836,-5.8845,-0.4975,-13.517,11.654,-10.682,-27.658,-35.718,-1.1521,-21.051,-14.126,-42.26,-26.991,-26.108,19.92,14.159,3.5343,5.3983,4.1581,4.6042,-2.9672,-8.6434,-8.6262,1.5906,-11.337,-12.654,15.005,2.6874
-13.368,-9.0309,-1.5858,-16.151,15.89,-1.1524,-3.609,-7.3185,-4.4822,-14.301,3.4458,-16.314,12.513,0.011674,-15.464,-14.564,6.0171,-33.966,-24.49,-7.731,-24.217,-30.091,28.147,9.1912,-1.1097,7.9935,11.572,18.114,3.3038,6.6893,0.25915,16.056,1.7573,2.0321,4.0498,-3.5683
-10.026,-4.9729,0.69779,-13.076,17.109,-10.028,-7.7605,-4.4032,-20.277,-16.025,13.241,-4.7503,5.1461,7.4417,11.057,20.735,-6.56,-14.282,-9.478,1.9825,-28.732,-14.932,44.047,17.935,-6.4603,5.2245,12.548,15.582,4.8113,17.098,5.544,16.394,17.736,11.795,-8.9893,-10.882
-12.311,-7.0362,1.9101,-7.0792,25.698,-0.73554,0.48261,6.3376,-7.2474,-11.964,11.395,-6.5892,-3.8243,11.626,17.825,32.369,20.548,23.553,6.4551,32.06,15.288,7.4017,2.4451,-8.4714,-6.0252,0.81705,3.7366,3.1183,1.3029,11.456,3.9381,2.1603,19.324,14.13,-12.441,-5.556
-13.697,-5.1789,4.9965,-2.9463,20.471,3.9868,-1.4866,-2.4597,-10.1,-14.519,17.551,-9.4123,-12.479,9.6328,18.437,18.728,15.639,35.678,-1.8777,19.814,41.934,14.123,-12.176,-31.422,-2.7515,-4.3426,-8.9862,-8.6607,0.072109,-0.45417,1.6848,-4.1306,13.903,6.3385,-12.626,3.8673
-13.445,-3.1147,5.1776,-5.0312,24.483,3.6171,-3.5184,7.7398,-1.9271,-11.353,2.5135,-18.219,-8.8012,3.0014,-0.47131,2.0301,1.4323,-1.6686,-8.599,-5.8449,37.072,26.03,-5.948,6.0893,1.0283,-6.212,-13.361,-9.558,-9.9711,-9.4183,1.5026,-10.602,-5.2171,-6.8975,0.82303,14.061
-15.699,-2.1173,8.2827,-4.736,25.536,5.6351,-6.6988,4.8025,-1.9705,-9.2686,11.594,-14.646,-6.123,-9.9587,-24.726,-7.3993,3.3585,-3.9423,6.473,0.28198,29.889,7.4467,-14.887,29.991,4.2484,-1.8535,-8.6483,-1.9363,-10.057,-8.4022,6.0913,-2.0369,-15.822,-11.567,2.3271,7.8334
-15.711,-7.0663,0.031334,-5.1693,23.882,-2.394,-1.2108,-0.21595,7.2239,-1.5737,11.4,-0.92755,-1.8604,-9.6377,-27.396,-2.3573,-23.167,-3.7278,9.7929,-11.183,-4.7752,-23.748,7.9157,31.13,2.9018,1.0641,1.4326,1.4579,-2.857,0.19762,3.0108,2.3706,-12.028,-7.8332,1.9311,-4.6944
-15.626,-8.1825,-4.7932,-6.5769,22.451,5.0212,0.5961,1.6592,0.2691,-15.685,5.6645,-3.0625,5.293,6.6847,-11.342,11.24,-22.347,-5.3032,19.383,12.298,-16.251,-18.825,-7.4719,-4.7747,1.4106,2.9555,7.6847,1.7156,1.645,1.1612,-2.2739,1.0619,-5.5003,0.88546,2.1858,-9.1111
-14.412,-4.901,-1.9825,-5.2894,14.442,2.0601,-2.2694,3.72,-5.4345,-20.019,9.4362,-8.4455,0,0,0,0,0,0,0,0,0,0,0,0,0,0,0,0,0,0,0,0,0,0,0,0
-13.702,0.14242,3.6186,0.94413,19.083,0.75649,3.5219,8.9837,-3.7666,-9.4586,8.8401,-13.275,0,0,0,0,0,0,0,0,0,0,0,0,0,0,0,0,0,0,0,0,0,0,0,0
