-6.2482,9.6476,2.8351,0.5796,10.003,1.6755,0.55285,-5.8231,-1.2137,2.6372,-3.8162,-2.5376,0,0,0,0,0,0,0,0,0,0,0,0,0,0,0,0,0,0,0,0,0,0,0,0
17.63,-6.3243,4.3184,1.6496,2.9805,3.2724,0.96765,6.1689,2.3431,3.4653,-0.50481,2.7461,0,0,0,0,0,0,0,0,0,0,0,0,0,0,0,0,0,0,0,0,0,0,0,0
5.9845,-6.5374,3.0371,-29.085,10.077,-7.9737,8.5838,-15.255,10.012,-12.812,-0.31152,-7.4506,49.7,-58.658,58.691,-1.1365,-0.85024,-4.4625,42.962,-35.39,-9.9775,-63.265,8.5138,8.5709,28.388,-10.051,12.689,27.579,-5.0282,16.234,-3.2245,9.6795,-5.5719,9.3221,-0.20425,9.9358
10.932,-3.4859,14.561,-16.221,10.622,-8.964,14.644,-13.119,3.1788,-14.522,7.3628,-4.4537,55.901,-43.584,73.717,57.281,-11.594,38.368,18.929,-8.7935,-29.916,-19.872,-7.8441,24.171,26.694,6.3443,-9.4144,22.723,0.38262,18.459,-15.269,17.928,5.7871,31.851,-1.1146,5.8604
21.951,-21.101,27.059,8.9468,5.7572,5.5624,15.196,-13.874,-6.6202,-20.002,-3.4931,5.3478,113.99,-28.462,26.588,109.25,-19.344,61.986,-25.587,52.794,-12.901,56.546,2.9008,37.594,2.4776,37.731,-32.14,2.2041,11.39,6.8758,-16.554,21.461,16.919,42.187,3.2157,-4.0775
37.598,-20.835,29.166,11.274,-0.65669,15.688,7.1262,1.0818,-4.2988,-2.8757,-2.8361,8.4323,101.32,16.623,-31.021,58.421,11.16,59.072,-42.072,45.547,30.397,99.348,-2.7667,14.791,-25.373,39.939,-33.514,-21.803,13.011,-18.09,0.30265,2.4945,15.494,8.9477,2.1609,-7.3822
49.647,-12.094,9.0287,11.794,6.0443,10.693,-0.45075,4.042,7.2998,9.6385,6.2384,4.9031,39.377,99.893,-49.641,9.3138,44.722,19.564,-9.3081,44.746,44.463,88.062,22.054,-7.1265,-54.508,19.938,-14.153,-28.596,2.9607,-30.582,13.627,-14.247,-2.6304,-29.54,-6.815,-1.3278
47.745,0.32215,8.0659,11.566,16.059,18.007,1.4314,0.69677,11.417,20.332,1.1137,3.1639,-33.656,91.936,-55.737,-1.7633,21.428,-30.871,12.303,7.7032,18.871,9.1085,-6.6159,9.6198,-49.803,-14.523,2.4177,-14.95,-12.086,-28.712,11.436,-10.962,-19.565,-46.516,-10.517,6.2761
36.566,18.267,12.789,13.458,19.76,14.185,13.389,8.6914,7.7533,12.426,5.5588,4.4187,-91.061,33.569,-31.817,-3.636,-9.6745,-45.952,15.361,0.47964,-20.29,-46.032,-29.25,33.54,-18.58,-45.451,13.379,-7.3476,-14.876,-8.2335,-0.53864,-5.0601,-15.891,-28.02,-9.6742,1.9266
27.31,9.9531,-0.58239,9.5606,3.1993,-1.493,6.3577,2.6088,4.91,0.28501,-5.8043,13.484,-82.472,-22.83,-27.844,-9.8541,-22.073,-51.73,2.773,12.87,-35.052,-66.187,-29.699,25.838,15.591,-33.236,25.629,-4.2574,3.848,16.928,-0.6495,8.9017,2.7078,9.0045,8.9411,-10.932
14.334,-0.12481,-2.5559,10.979,7.6369,-2.5331,4.7665,3.3259,0.40848,-3.3537,-4.9274,16.513,-29.114,-69.981,3.3098,-23.379,-7.9067,-11.174,-7.2364,16.862,-8.0285,-14.392,-14.776,-5.6028,32.995,-8.4641,27.989,1.1819,14.61,27.807,8.047,12.959,18.655,26.61,16.303,-17.916
17.625,-1.8967,1.8161,7.8781,11.084,0.50111,7.1292,9.8144,-2.4363,-4.8719,-8.4926,10.036,13.327,-22.467,54.846,-13.179,39.784,36.378,20.354,44.02,26.279,38.312,30.853,-25.467,20.411,5.9307,22.131,7.2228,13.277,22.275,14.178,6.7388,17.178,19.695,13.846,-13.196
26.851,-10.799,13.244,2.6098,11.865,7.601,9.3852,13.52,7.4122,7.8078,-0.48487,3.3416,26.012,-8.9328,66.78,3.9359,32.448,49.028,46.805,49.7,42.32,34.767,21.988,-30.388,-5.3958,11.015,1.7117,8.9963,2.5344,-1.8716,4.856,-4.5734,3.4785,-6.7829,5.2635,-3.9385
27.715,4.0567,18.941,7.1557,20.978,11.629,14.225,19.522,14.548,13.86,7.4008,7.3364,-7.9807,-23.7,51.078,12.602,24.134,29.544,46.644,30.145,25.663,7.7097,21.149,-27.749,-19.708,1.4662,-20.622,1.4985,-13.857,-20.605,-18.379,-20.768,-11.315,-23.818,-6.0719,1.2849
22.295,-7.5679,22.272,13.308,18.914,16.417,24.621,23.322,13.076,4.664,-1.8803,2.6687,-45.44,-14.287,13.753,8.7117,12.59,-17.116,3.8984,0.93302,9.6724,-33.006,16.393,-24.154,-16.96,4.4231,-27.412,-2.3076,-14.791,-22.084,-29.41,-24.583,-16.956,-10.597,-6.6636,4.8157
15.912,-15.362,22.841,8.8303,19.626,10.865,22.833,19.986,7.563,0.55487,2.7797,-3.5024,-49.487,-12.458,-21.752,-8.0741,-19.574,-33.576,-50.087,-35.436,-13.974,-46.894,3.2904,-22.16,-3.8938,6.5377,-23.13,-3.4012,-10.298,-8.4608,-19.489,-16.392,-12.832,10.605,-6.3018,8.8555
10.033,-8.2329,18.17,6.1283,18.835,-0.575,7.0304,13.754,15.741,-2.0427,10.022,-3.3159,-38.036,7.5615,-33.865,2.7361,-19.654,-29.831,-51.882,-40.427,-22.644,9.0851,-2.4012,-9.104,6.8285,-0.72884,-9.0278,-4.8687,-6.3448,3.5536,2.1173,-3.2392,-7.5844,25.851,-2.5879,10.123
9.1029,-1.84,10.115,6.7084,11.23,3.3372,-2.0228,6.5878,6.2284,-6.2334,3.0946,-0.75113,-31.151,-1.9364,-40.763,-1.4156,-11.233,-6.4018,-22.909,-31.134,-22.337,39.687,-0.96263,9.0028,10.039,-4.5534,4.4622,-7.7479,-1.5937,3.3234,16.444,8.7974,1.9184,16.982,0.92695,6.0443
6.6818,-10.548,11.702,15.737,13.286,5.2656,11.108,9.8077,2.4216,12.601,-3.2384,-3.259,-20.465,-23.193,-21.881,-18.961,-23.304,-12.935,0.89599,-17.414,-24.068,52.96,5.5805,10.878,10.608,-3.2698,9.3612,-10.019,-1.459,0.62398,10.631,9.1464,8.4306,-15.231,-2.4776,-1.3444
2.0124,-15.173,5.6941,3.3182,16.785,4.744,9.3397,6.3923,3.0541,13.077,8.9288,0.97047,-8.0779,-19.848,-5.433,-35.965,-25.717,-25.407,5.7452,-2.9554,-3.67,16.078,3.9342,-1.9294,10.33,3.4786,9.2891,0.43482,0.82097,-5.0783,-1.1619,1.9555,9.9978,-28.962,-12.036,-9.3739
3.3458,-13.163,9.4408,-1.6571,4.4056,-7.7457,1.7972,5.1449,5.2937,14.783,9.8956,1.2624,3.4662,0.16819,-4.724,-30.086,-19.706,-17.209,-13.054,-8.784,10.176,-55.265,-17.238,-10.36,7.3096,8.5323,5.0014,15.374,11.851,3.5607,-4.0549,-6.7646,7.8837,-21.346,-8.6126,-2.0691
6.732,-10.457,8.5297,-2.5773,2.8114,-2.8606,5.5054,7.4414,2.9573,0.71447,-1.5053,-3.9765,8.5325,3.7763,-2.8956,6.321,-8.927,-29.656,-21.743,-25.671,10.53,-51.009,-49.736,-27.248,4.2424,6.5662,2.7257,16.449,12.641,10.701,0.93167,-6.5299,0.4273,1.7461,6.6587,8.5042
6.0551,-12.822,7.9224,3.6416,10.419,0.4636,6.4986,4.8911,7.5578,-8.851,-6.6402,-5.9654,7.7777,7.6569,1.8576,36.765,27.556,6.9934,-5.634,-39.879,8.2502,-20.225,-10.648,13.192,2.2399,1.6891,0.1669,-1.0963,1.2517,11.378,7.9466,5.094,-5.4635,17.345,18.296,12.767
4.924,-13.455,5.0055,3.8293,9.3145,-14.189,-3.8827,-6.3164,7.1873,-0.61101,-7.6712,-9.0396,10.978,9.2382,4.9047,12.856,13.857,15.997,6.6937,-20.057,-0.57085,7.2878,33.933,28.816,2.5196,-1.8053,-2.8583,-19.265,-6.8891,13.344,8.7164,16.161,-7.8144,5.2549,12.312,6.9326
8.1387,-7.8353,12.132,13.522,14.932,1.4151,3.6742,-7.9159,7.3038,5.3327,7.6549,10.39,13.443,5.8827,-7.7897,-38.835,-24.84,16.854,12.46,13.879,-11.591,2.3133,32.41,25.444,1.5423,-6.7979,-4.02,-21.898,-8.3815,2.6857,1.5929,15.303,-9.4363,-6.8412,-12.334,-14.708
11.179,-8.3311,8.8774,-1.0896,7.4836,4.6624,10.264,3.8165,2.7989,-2.7335,8.3137,2.2536,18.298,-4.363,-12.363,-52.204,-17.174,32.135,12.792,28.256,-18.621,-36.003,-9.7034,1.2894,-0.37109,-8.555,-0.43654,-0.87739,5.4181,-0.50086,-0.56887,2.3785,-3.0543,-2.7132,-19.716,-16.867
9.6487,-12.443,2.0916,-13.317,-1.085,-0.53492,5.6552,6.7641,3.9564,-6.6331,1.5725,1.1099,11.829,-19.532,-9.6081,-40.196,1.1648,12.353,-0.71843,12.481,-29.907,-32.786,-50.5,-46.584,-0.049225,-3.9364,8.9979,19.312,17.191,-0.32734,2.7459,-6.3915,3.4317,7.4907,-4.7985,-7.7939
13.318,-13.333,3.8438,-8.8532,8.7359,2.8536,1.5226,0.47167,-0.44935,-12.63,-9.4818,-3.7548,9.9295,-20.83,3.6312,9.1493,27.945,15.743,10.439,-7.4655,-6.6844,11.271,-23.192,-19.506,0.12774,1.8171,14.435,23.579,8.6662,-5.1557,4.4955,-3.8655,6.5568,12.22,13.196,8.7441
12.984,-15.101,9.8444,-2.6938,14.889,8.4961,7.686,-0.0030388,-6.0254,-6.112,-8.6972,-9.8978,17.381,-5.5662,29.203,27.049,38.556,23.413,27.366,-0.21794,-0.40064,16.129,15.162,-3.1284,0.032193,5.5239,10.975,15.479,-3.8691,-8.8503,-3.9546,-2.7356,4.0293,0.17565,16.722,19.94
14.476,-17.417,6.8167,-1.8263,13.47,8.0186,14.468,3.4673,4.4476,2.6417,1.8526,-1.9954,16.161,-2.2604,40.406,32.068,7.4606,0.82646,21.226,15.278,-0.58984,0.64106,23.446,23.282,-3.5621,4.9281,4.1844,1.6534,-6.9492,-11.115,-16.901,-6.3101,-1.6296,-7.936,0.026873,4.2639
17.76,-13.184,15.206,-3.3054,15.826,8.589,12.865,5.1573,1.3076,-6.2043,3.4862,-1.334,8.8745,-1.197,26.879,25.739,-7.9382,-24.44,-25.885,-12.569,-12.808,-26.592,9.7931,31.723,-8.3751,-0.80038,-7.7624,-7.5163,-6.6489,-9.0783,-22.524,-9.3172,2.0541,3.3603,-9.201,-7.2232
19.01,-15.421,21.366,7.4865,11.997,3.2204,9.546,5.5305,-4.4108,-12.263,-3.8505,3.6044,-3.6278,1.6264,25.715,18.071,16.447,-15.906,-47.44,-32.841,-8.6289,-7.0479,-20.373,-15.612,-6.8717,-0.64912,-13.185,-13.525,-1.9463,1.8453,-10.346,-2.0333,9.75,18.061,-4.2375,-10.948
15.154,-16.697,16.009,5.5195,11.656,-1.3248,-2.7955,-7.319,-8,-11.956,-0.94906,3.1637,-14.6,-11.511,-2.2641,-3.5339,0.81889,-13.613,-50.92,-22.745,13.89,36.775,-8.9335,-19.798,0.27025,-1.0858,-13.333,-12.192,-7.4212,6.5847,11.574,15.295,12.049,22.591,6.0665,-1.7593
13.965,-14.847,19.273,2.7968,23.778,5.0225,-1.4211,-6.7149,4.7869,1.9935,-6.1162,-12.05,-6.4603,-0.34874,-10.947,-20.921,-6.6495,4.6391,-17.986,10.2,34.812,59.262,11.622,-5.7001,7.0099,-0.13352,-13.279,-7.5476,-16.867,0.97326,20.937,19.983,2.5241,6.3433,17.324,16.926
12.982,-19.226,15.121,-2.7275,10.345,0.88169,-7.1111,-0.092322,3.6535,5.0552,0.15231,-3.4056,11.642,-5.6384,-21.453,-15.724,-33.496,-1.7891,17.256,42.389,25.716,53.209,24.128,17.97,9.4587,2.3995,-5.7353,2.5763,-8.5916,-0.90154,21.125,10.037,-6.8816,-13.88,11.862,6.9781
16.866,-14.331,16.336,1.1493,9.3277,4.4367,2.711,7.017,7.1684,8.8627,1.4097,4.039,18.301,-1.9777,-31.086,-13.572,-50.728,-16.951,23.155,34.51,-1.9215,16.452,49.714,50.132,4.5513,1.3341,1.1749,8.921,1.9309,-4.1158,6.5418,-9.5196,-10.634,-22.885,-2.9185,-11.011
19.525,-19.774,6.7513,-1.5186,2.1328,-1.9264,3.7664,7.0093,3.6671,11.214,7.3521,4.1043,20.312,1.3006,-20.871,5.6728,-20.099,-7.325,34.134,15.287,-2.1519,-11.222,31.328,-12.823,-1.8135,3.0967,10.818,7.4612,14.962,2.1803,-4.4619,-22.126,-3.7363,-16.888,-21.371,-25.456
19.844,-15.562,7.9146,-4.5937,2.5202,-2.0492,4.7177,6.989,3.8194,7.1398,15.141,9.2609,11.961,2.8521,-5.3637,12.985,-3.6932,-13.172,6.2842,-23.847,-4.4242,-22.947,-6.5704,-45.36,-4.0737,-0.45317,13.591,3.7714,16.033,5.6491,-10.266,-20.144,0.23864,-1.5593,-26.852,-18.543
21.649,-17.961,8.8961,2.9804,3.6993,0.46214,8.9527,7.565,4.2521,0.30586,8.9508,-12.428,5.7443,7.4305,19.776,8.3036,17.795,7.2225,3.3822,-39.064,8.2853,-11.53,-54.583,-61.564,-2.7364,-1.5748,8.6142,-2.5852,5.7363,3.1507,-12.529,-7.7545,-0.068655,10.472,-6.6496,16.145
21.784,-13.812,12.582,5.3924,6.6979,-3.3436,3.26,-5.1845,4.6638,2.8432,-2.6748,-10.375,5.2164,-7.3085,16.547,3.9693,10.487,4.0204,-12.798,-39.034,-5.9469,8.8095,-41.588,-18.214,-0.071432,-3.5739,-0.42182,-5.7202,-2.6048,7.0901,-3.7782,11.242,-0.11508,8.5748,17.427,25.653
21.427,-16.934,14.306,-2.3599,8.9417,2.332,6.1864,-6.4361,7.3875,7.5974,-11.031,-16.86,10.003,-1.4934,11.244,-2.7455,1.4917,-0.16767,-18.969,-15.892,-1.7338,25.261,15.589,54.326,0.84022,-2.1464,-7.262,-4.3568,-5.2873,7.3725,1.4004,19.192,-0.3516,2.0105,28.477,19.444
22.564,-19.73,13.483,0.061049,5.1427,-0.97394,-0.29805,-5.5276,-0.72177,7.8988,4.3379,2.3697,9.4744,-10.556,-3.2068,-10.091,-8.5654,25.973,-1.4312,20.779,0.0099543,1.5312,45.478,24.961,-0.21844,3.533,-7.3444,-2.3561,3.8175,12.071,10.934,16.599,3.9327,-1.838,10.532,-7.2634
26.261,-15.748,14.067,4.2733,5.2227,-0.8065,1.2473,-0.20968,6.078,10.409,13.239,8.3629,7.8164,-1.6778,-6.6565,-6.45,0.88532,33.109,4.7008,26.987,3.5488,2.1615,44.268,14.07,-3.1341,3.4484,-2.6992,2.2739,6.764,3.3465,9.632,4.3704,1.7504,-3.182,-13.972,-19.865
24.105,-19.682,11.098,-2.9699,4.2746,11.212,5.0139,2.0916,5.3236,2.2031,7.9288,-10.505,5.2175,10.449,-11.224,-5.959,29.878,47.735,30.035,22.521,11.075,11.17,-3.2665,-34.403,-2.4973,2.3672,0.68376,7.8811,0.022588,-12.758,2.4885,-6.0422,0.28441,0.22585,-21.547,-0.27034
24.565,-17.797,12.17,-4.0694,9.8184,12.793,5.8808,3.2479,6.1393,11.526,9.3073,-3.3873,-3.5394,5.2463,1.7568,6.5579,16.09,5.6842,13.458,5.0884,1.4853,4.5324,-29.897,-15.314,-0.63034,-3.1337,0.34203,9.0962,-10.255,-18.8,-6.5263,-7.6401,-2.5108,-9.018,-14.744,10.385
26.021,-13.481,8.8198,1.2529,17.784,16.094,12.403,4.0041,4.7852,12.925,4.6705,-8.9566,2.666,-2.1819,-3.9947,22.81,-16.055,-24.102,6.6325,1.5173,2.4638,1.475,-25.177,38.302,1.4648,-6.7549,-0.62447,3.1297,-15.668,-16.714,-17.725,-5.344,-3.86,-15.976,-0.28375,14.879
23.533,-16.226,16.085,5.4409,6.5132,-0.40502,4.2819,1.3782,7.0898,7.314,-0.080397,-0.068408,5.9405,-11.031,-8.5612,24.646,-27.423,-24.973,-16.23,-0.71153,-4.6993,-38.081,-18.498,29.641,4.6783,-2.2933,-3.5193,-4.6395,-5.1299,0.11366,-15.301,-1.7709,-4.0125,-14.544,5.3081,0.20581
25.953,-21.559,7.1431,3.68,-2.1002,5.7603,9.1296,3.7851,6.0802,5.0466,0.034224,6.9862,7.8017,-15.187,-9.1877,0.64529,-26.706,-20.507,-43.748,-1.2992,-5.1321,-47.402,-10.385,17.516,3.4074,4.4608,2.4638,-4.9269,8.6484,7.313,-5.9388,2.2196,-4.1636,-9.6441,2.7821,-10.221
27.569,-19.273,8.7281,7.0402,6.0486,5.4732,-0.59742,3.0016,3.1421,-3.5754,2.3765,3.4619,17.284,0.28216,-13.243,-5.557,-4.234,4.4548,-37.858,-2.3577,-14.779,-43.749,-10.752,-3.8918,2.0366,7.489,5.7498,-2.2168,8.2237,6.6041,9.8623,5.4882,-2.4526,7.592,2.4437,-2.5776
27.904,-19.551,7.9043,0.77589,4.6631,2.901,-7.0315,2.5428,4.193,-5.3314,-1.7504,-1.9639,14.031,14.465,10.665,13.277,15.592,-2.2516,-12.247,13.438,-13.314,-43.912,-15.139,3.9624,-0.46238,5.3744,5.2522,3.2131,3.0196,2.276,18.552,2.6184,-0.46951,18.017,4.4274,2.5161
31.2,-17.089,9.0826,4.1144,1.0146,3.2521,-6.5666,0.82051,0.64385,-9.3712,-4.5643,2.4607,13.009,11.588,10.261,7.2466,-7.454,-1.0807,17.331,19.361,-12.871,-1.8663,-3.9025,23.53,-5.1754,-2.7879,2.4712,0.073317,-4.336,-2.1578,12.88,-5.3854,2.4732,23.873,7.4534,-2.1645
31.153,-15.418,12.299,11.782,8.2129,5.7451,5.9908,11.595,0.67217,-14.011,-4.0649,9.468,7.6276,6.0322,5.3212,10.309,-9.998,-6.3593,21.417,0.93332,-8.4337,21.743,8.3271,16.385,-5.999,-6.4943,-5.7064,-5.7871,-8.788,-3.8406,-2.3728,-14.739,4.4874,21.357,6.0286,-11.552
32.448,-15.546,11.662,5.1607,0.54671,3.5108,1.5571,8.1561,-1.533,-0.1686,1.5825,9.511,-5.3909,-9.4409,1.7853,-3.7063,-13.119,-4.2801,9.7093,-23.032,-4.8535,42.791,14.782,-20.926,-5.4452,-5.4425,-6.5371,-2.6896,-2.8373,-2.3415,-11.934,-11.036,6.8429,5.5577,-0.47392,-11.179
31.094,-17.306,9.2754,5.4073,-0.10196,-0.40804,-0.38484,-0.65829,1.0645,0.93874,-0.66025,2.7035,-6.7642,-7.4916,-13.629,-10.182,-25.516,-19.855,-20.3,-39.059,5.1139,40.544,5.662,-31.568,-2.7923,-4.2698,-2.6695,-2.5917,-0.90254,4.0266,-6.856,5.3126,10.933,-2.4742,-3.7433,0.96325
28.534,-20.865,11.487,5.4485,-1.3874,4.1886,1.4758,-4.5689,-1.9791,4.5491,1.1242,-4.62,-7.0212,-8.863,-12.949,4.0438,-13.882,-6.0403,-21.481,-15.825,14.57,16.521,-4.9395,-8.3891,1.2027,-0.54822,2.2077,0.73803,1.5511,4.6397,3.0511,17.773,10.81,-10.937,-2.5516,14.072
29.728,-16.505,5.5717,6.5467,-3.5778,-4.5211,-4.1184,-1.5721,3.4522,3.9021,-1.0048,0.7497,-5.5188,-15.606,-0.65915,-6.5248,-14.129,14.654,2.7319,23.893,36.518,22.507,-0.52876,14.933,1.7496,1.1744,8.488,3.489,8.7507,7.7266,14.561,15.723,1.6023,-12.381,4.653,14.281
29.62,-20.378,7.0388,6.6128,-4.6561,2.5472,-7.3164,0.70045,4.5582,6.6104,-0.71503,6.2934,-0.00010438,-8.1249,6.3388,-1.8447,-11.056,1.6639,13.449,34.359,33.496,-2.8737,5.1192,26.186,1.0058,5.3868,7.1475,6.4217,14.345,3.4959,9.5971,-0.52817,-12.173,-12.93,5.848,5.3754
27.791,-25.353,11.17,1.5627,-5.5322,7.7395,5.3772,8.6534,16.055,11.161,-0.0050226,4.7134,-1.5265,-1.9885,19.167,10.207,16.825,14.926,35.039,14.462,3.662,-11.663,23.898,22.548,-0.24343,9.1422,3.4628,11.211,20.196,2.5909,-4.1205,-13.766,-24.514,-14.967,-2.2868,-4.4361
29.503,-20.503,11.857,7.0181,-5.9384,-1.1098,3.4526,7.498,8.4675,-0.51739,3.1839,6.491,-3.9883,11.262,12.875,27.786,42.367,11.303,10.352,-13.75,-29.866,-31.041,12.087,14.68,-1.3917,6.3479,1.5084,3.9208,16.529,9.4894,-8.567,-9.524,-16.587,-1.953,-10.403,-10.801
29.024,-17.436,12.746,11.448,5.4759,4.7705,8.0164,2.26,3.3285,1.6342,8.9945,11.925,-4.7419,20.411,13.387,34.714,60.139,22.789,-16.322,-20.882,-54.368,-38.245,-15.447,-1.4947,0.088718,1.3636,-1.1979,-4.9971,-2.5582,4.7224,-5.886,3.2446,-1.3361,7.4172,-12.31,-13.483
27.01,-18.705,12.688,15.564,11.023,9.6831,-3.4602,-2.978,-4.0114,-4.1466,0.82892,10.028,-5.351,12.415,16.771,5.5057,49.932,45.18,-3.7058,4.4116,-20.426,0.65231,-27.221,-15.798,2.5641,-5.27,-4.7448,-9.3273,-21.451,-2.6632,8.9626,16.941,15.803,13.637,-4.3109,-11.495
26.667,-16.046,17.448,14.647,16.056,13.737,0.67279,3.4502,-4.8895,-6.1467,-6.5509,2.1977,-0.40159,4.2531,11.23,-3.6377,0.25197,21.6,12.637,21.604,-7.7383,9.5758,-17.999,-29.63,5.1559,-8.3609,-10.871,-5.1135,-30.322,-10.139,13.611,13.857,21.886,11.858,3.491,-6.3823
28.006,-14.991,17.892,8.1712,13.737,16.997,5.2715,9.1087,2.3636,3.6992,-2.6541,3.4558,6.662,-7.0085,-9.7703,0.32601,-34.943,-1.4186,40.685,49.713,25.834,13.231,-8.1913,-28.73,4.9267,-5.2156,-12.134,3.8329,-20.113,-10.395,6.6976,1.4642,11.924,-0.89242,6.9996,2.5001
28.325,-17.167,15.759,13.325,4.2449,11.914,9.9692,7.0184,-3.7281,2.4992,1.7367,0.39583,15.031,-11.681,-27.696,11.737,-49.034,-4.6064,29.538,25.752,31.931,14.756,-7.5066,-26.94,2.2285,-0.063038,-5.6272,3.8247,2.4184,-2.0034,-5.3772,-8.0663,3.0141,-6.9891,6.5243,10.646
29.512,-21.649,8.6474,16.388,-0.54274,9.8858,12.234,20.094,8.3248,-1.854,-7.4105,-3.436,11.566,-5.696,-24.436,16.983,-25.988,6.3078,21.332,9.6583,19.361,-6.4,2.5306,-4.6419,-2.4764,2.7941,4.9197,-0.18061,17.776,4.208,-14.711,-15.83,-10.568,-4.7042,7.3009,13.357
33.429,-18.558,8.2221,16.407,-1.3205,14.99,11.961,10.833,8.0955,4.008,-7.926,-7.8266,8.2887,3.2817,-9.5741,7.1572,7.8663,7.7195,-4.5723,1.2993,10.568,-15.554,9.2616,11.556,-6.6612,2.6749,10.374,-4.8345,17.902,1.7293,-9.4766,-7.1008,-9.8136,-3.6498,4.4025,12.225
31.237,-17.143,9.4425,15.122,3.5257,18.612,14.942,12.03,6.1323,-0.25512,3.4425,5.2461,-2.3489,-0.5197,5.7676,1.7127,25.485,13.458,-15.816,-17.213,-16.326,4.8653,19.929,18.805,-4.4171,2.0595,7.0116,-5.3771,5.9515,-3.9752,-2.8898,-1.0613,-5.3328,-6.3868,-7.948,1.25
31.607,-17.779,10.574,17.537,6.1438,11.41,6.3293,11.7,2.6523,-6.0772,0.94098,1.833,-11.317,-0.89495,9.0715,-4.8009,14.739,0.4649,0.72934,3.6835,0.70678,-9.1257,5.8068,22.459,0.15945,3.3553,1.1082,-2.3357,-5.8833,-3.8722,4.3798,-1.8473,1.3206,-1.2694,-5.9193,-5.4019
29.248,-22.299,10.355,16.679,8.4677,18.405,7.1419,11.055,2.8834,5.6213,-1.8793,1.1368,-0.7161,6.6899,1.2996,-3.9232,0.3331,-9.9409,4.2318,3.1596,-2.3721,-41.548,-35.482,-3.8429,4.9326,5.2945,-3.4641,-1.5323,-12.435,-3.1422,0.69682,-5.4798,6.4104,6.9859,5.6962,-2.894
28.765,-16.428,12.302,13.228,3.5778,15.326,16.225,13.163,10.073,-3.4931,-2.3616,5.4574,8.2695,16.453,-1.7988,-1.7036,-8.9743,0.058171,7.3029,-18.123,10.194,1.3057,7.3709,-4.1288,4.4228,0.76624,-5.8684,-2.3437,-8.0018,4.033,-6.3248,-10.919,3.7261,24.909,16.522,2.31
32.3,-14.474,9.2287,15.314,4.9753,11.684,12.11,12.879,1.2358,-22.321,-12.647,1.5125,12.521,17.278,-6.1177,-7.4977,-24.834,-2.0494,-15.619,-33.708,10.982,34.579,47.628,17.629,0.029346,-5.0209,-5.9242,-4.8233,-5.1159,6.681,-2.5067,-2.6309,2.3868,30.826,19.853,7.3668
34.216,-13.464,10.238,17.367,3.4029,14.799,7.497,1.7263,8.5732,8.5468,10.01,-0.41925,4.1785,-2.358,-16.562,-14.732,-12.687,16.684,-20.969,-32.476,12.66,77.356,46.864,23.272,-1.2144,-5.2084,-5.6712,-4.2848,-1.8208,-0.34504,3.014,10.926,-8.3819,-1.3641,-5.2014,2.5787
32.783,-15.141,8.328,10.861,-3.862,17.643,3.6967,-0.081199,9.1245,16.891,15.749,12.89,1.4762,-9.0087,-20.94,-21.525,-23.39,15.151,5.8343,-2.8186,8.3288,74.559,44.034,19.291,0.98549,1.132,-2.1649,2.4418,3.5943,-5.8799,8.2862,15.142,-15.838,-26.946,-22.973,-12.099
30.612,-17.273,4.4711,8.0887,1.6531,20.688,9.947,3.4052,12.459,15.579,6.8723,11.405,7.7197,3.5549,-22.743,-16.114,-18.8,-10.267,11.646,21.059,-30.389,-25.505,-16.839,7.9342,3.1296,7.8829,3.8172,7.4354,4.1418,-8.4781,4.3052,5.486,-16.005,-37.586,-22.516,-16.119
34.84,-17.074,1.6421,9.191,-5.845,16.315,13.802,10.63,3.4571,11.442,10.939,5.2456,15.678,19.982,-13.851,5.4022,-3.8063,-17.973,9.5044,15.234,-46.682,-48.722,-35.383,-35.197,-0.16206,5.0564,8.7398,8.4626,9.4801,-5.6868,-5.5886,-10.003,-2.1271,-21.204,-13.567,-7.9844
37.047,-10.72,2.2094,10.145,-5.0057,10.33,8.2676,6.9006,-3.7874,-1.4814,3.9961,7.3699,12.726,22.561,-1.0201,8.9813,-1.77,-9.1442,-1.2782,-14.072,-39.858,-48.933,-26.005,-30.079,-5.492,-5.9547,10.035,6.6275,7.4687,0.068891,-5.2419,-7.5564,18.853,9.2058,2.2171,0.16007
37.405,-8.4265,2.5333,12.534,-2.4357,13.836,9.2886,5.7882,-6.093,1.0602,-0.50479,-2.6913,-1.8372,6.7701,11.897,8.24,15.495,-13.845,-15.647,-35.269,2.4279,-19.745,-19.216,-1.6252,-7.9599,-12.723,7.4975,4.4773,3.1411,-1.1283,-6.5065,0.43808,25.198,14.891,7.6719,9.2211
35.693,-10.316,3.5155,10.908,-0.93657,17.356,11.564,-1.21,-2.6946,-3.6966,-0.40846,0.3341,-10.983,-19.613,14.558,15.605,8.8922,-11.987,-1.9876,8.5292,39.321,6.035,-13.837,-8.0514,-4.7712,-7.8212,3.4387,4.7297,3.4267,0.89819,-5.8303,8.2596,10.931,9.879,5.5386,3.2768
34.599,-13.891,6.9375,12.93,-0.13202,5.8798,4.3301,-2.9495,4.1246,2.6778,3.5329,7.9509,-12.267,-22.544,15.847,24.477,6.5681,-22.193,-22.673,6.1238,39.719,-1.7524,-3.108,-0.10516,-0.34024,5.5138,2.1573,2.2062,5.4389,8.3215,1.7041,6.6714,-9.6374,-2.259,4.8594,0.91339
32.959,-17.794,7.2864,17.75,-1.7115,8.3144,9.7531,15.534,10.764,0.72725,-4.941,-1.9769,-5.9152,-1.8873,14.198,24.511,19.827,-0.479,-26.916,6.5297,-3.8491,-8.5344,-6.3662,-14.455,1.2655,16.081,1.7329,-0.30098,10.276,12.841,10.46,-3.9434,-16.067,-5.1084,8.046,8.8088
32.638,-15.96,8.5715,21.351,1.2357,7.2601,-1.1423,0.47805,7.037,-2.028,0.20747,-1.5884,-6.0723,25.476,22.864,14.818,37.222,22.009,5.3384,-0.91214,-24.174,-23.755,1.3457,6.1434,0.41569,12.079,0.22885,-1.1606,6.2958,12.373,22.025,2.4391,-5.3903,1.2173,6.4132,6.5227
33.715,-10.226,9.7976,18.953,8.2931,16.426,0.84239,0.34106,-6.0753,-5.6109,-1.9288,-2.1236,-7.7529,36.783,19.715,18.93,44.944,30.117,36.309,-7.6697,-9.0672,-8.5058,24.167,32.869,-0.70243,-2.2027,-3.9721,-3.1259,-4.3535,2.266,16.844,7.1494,13.495,11.307,4.1228,-0.058193
31.184,-4.9373,17.114,19.737,13.477,12.828,11.455,4.1909,0.45761,-6.0305,2.6996,11.096,-9.27,18.517,14.233,21.465,25.488,24.374,55.841,25.419,15.376,4.3201,13.691,8.8468,2.0115,-13.731,-9.0082,-8.0171,-16.101,-4.8831,-3.8046,7.9608,13.318,17.096,-0.080452,-12.123
29.809,-4.914,12.873,28.022,14.64,20.589,21.609,9.8427,9.5205,-1.5244,5.8962,8.1152,-7.8285,-9.4209,-1.3473,5.5582,3.9263,9.6684,32.051,29.111,43.85,33.966,8.0751,-16.097,4.5173,-12.613,-5.5526,-10.894,-17.642,-13.542,-27.018,1.4377,-1.2101,7.9442,-4.0487,-10.542
29.956,-9.3571,14.151,27.549,10.806,17.366,16.395,8.4368,6.9272,-1.9112,3.1406,-2.2844,4.023,-20.077,-11.647,-18.582,-22.772,7.8172,-11.556,20.501,15.958,40.488,8.9892,-29.99,4.3802,-1.421,-1.5571,-5.6374,-6.5072,-12.607,-32.132,-12.656,-11.856,-1.7485,0.61879,3.1384
30.415,-12.726,10.606,17.826,11.591,18.992,14.398,12.774,12.615,9.3122,1.8882,-3.4821,8.1872,-6.9844,4.8915,-15.516,-19.137,-29.316,-65.085,1.9776,-15.409,13.131,6.2742,-0.42445,1.6027,9.6541,1.4805,5.3145,6.4068,-4.1582,-13.812,-12.352,-13.703,-12.483,-0.72045,6.8702
32.893,-11.07,12.424,15.544,3.615,17.535,9.2824,12.976,6.8895,8.7954,9.1982,1.8995,4.6232,10.193,3.3283,3.8149,4.484,-19.169,-56.25,-24.296,-14.276,5.9947,17.686,16.702,-0.9939,10.248,-2.5363,6.4467,12.736,4.1828,7.9916,-6.8504,-4.0117,-7.7058,-3.2838,4.2707
32.435,-7.5499,16.182,26.267,8.6675,5.846,-7.377,8.5619,1.8349,-0.3123,6.0045,5.811,-0.11489,23.714,-1.4321,20.932,22.332,2.3707,-14.66,-10.249,-9.546,-11.201,0.12458,-5.0929,-0.19991,0.36265,-12.241,-3.8439,3.2252,14.222,25.01,0.77878,5.6009,2.98,-4.4905,-2.6029
31.258,-6.8486,13.027,25.236,14.51,14.354,-0.84276,-1.6053,5.1795,5.8984,9.9254,1.4201,3.2046,15.813,-21.166,-4.5723,20.171,12.888,3.19,-7.6375,-7.0314,14.125,-4.355,-6.3027,1.4897,-10.043,-12.308,-11.82,-10.668,8.2207,20.634,6.6847,8.2093,4.3973,-6.6196,-0.53052
31.175,-2.9796,9.5881,23.446,17.31,21.768,12.13,14.94,8.6971,5.1604,1.5869,-5.7889,7.897,-7.9811,-44.067,-30.541,-10.854,25.767,30.246,-2.4577,8.9736,23.966,-5.1579,-1.9365,1.8357,-14.629,-5.501,-11.106,-16.155,-4.4923,5.8638,-4.465,5.4627,1.83,-1.8609,8.5349
35.125,-5.4483,5.1377,14.668,9.3793,16.018,1.1238,5.9683,-0.057316,13.122,9.2296,4.5481,8.0659,-24.176,-36.896,-29.548,-32.262,10.236,24.464,5.2319,17.511,10.398,-12.771,12.471,-1.3338,-10.124,4.0848,-1.5323,-8.427,-10.204,0.098259,-7.0155,0.81692,-8.5915,-4.6011,4.3189
34.45,-12.241,-1.9075,16.28,5.8059,17.897,6.763,3.5462,8.9401,8.0589,3.7735,3.2788,6.6331,-29.436,-21.072,-22.109,-32.229,-18.765,4.0218,-39.009,5.4962,-0.18737,-4.9718,28.195,-4.211,-1.7813,10.24,4.4724,6.1329,-10.107,-8.7098,-4.0153,-9.3725,-8.3046,-1.6164,-1.9471
33.654,-14.306,0.32658,14.045,4.1315,21.407,14.073,6.7074,13.814,9.6483,2.4466,3.122,-2.8324,-24.077,-12.24,-16.45,-11.277,-15.865,16.794,-24.44,-1.2081,-16.756,-27.454,0.22623,-4.1949,6.8082,9.6797,7.0691,15.369,-3.4529,-9.469,8.9757,-7.7531,0.0075148,5.7128,-2.7007
35.227,-13.269,1.4575,12.703,3.8195,9.6908,7.6666,-4.9342,4.5097,6.8034,2.4926,9.0216,-7.709,-16.937,-5.1973,-14.729,9.3179,-11.719,-9.467,-7.6986,-28.529,-3.9804,-5.8986,-5.5496,-1.7221,12.187,5.3187,7.2874,9.6641,5.051,1.5978,30.192,5.9652,9.8984,11.764,0.39257
33.32,-16.973,-2.6646,8.2319,4.734,12.189,9.0688,-2.0113,1.5538,5.3715,-3.8567,1.7898,-5.7377,3.6158,3.5652,2.1066,23.811,-10.551,-16.136,34.455,-4.2414,12.332,16.256,15.84,2.448,12.147,2.6593,6.6975,0.065705,7.0502,8.7327,27.08,13.987,10.505,18.474,6.6176
30.762,-19.376,-3.0105,11.822,10.164,16.646,4.5317,4.0562,0.80535,8.207,3.9758,1.1701,-0.5247,17.654,-2.3811,5.0496,-1.4519,3.8332,28.476,82.506,36.839,34.76,31.992,22.351,4.6992,9.1945,2.484,3.7767,-8.0839,6.8218,15.333,9.2394,11.095,-0.28975,6.1102,-1.0698
33.017,-9.4446,4.3432,15.539,12.865,12.654,7.5725,19.44,13.545,15.113,9.8331,14.968,5.8154,19.363,-0.35105,7.1486,-5.5636,11.61,41.486,65.86,36.042,16.397,45.973,19.364,4.1056,1.0316,1.1345,-0.47436,-7.0679,8.0461,7.2583,-20.804,-10.618,-12.388,-10.833,-13.255
35.116,-8.2059,-3.2369,11.574,-0.97192,11.375,22.653,25.593,16.933,19.313,11.644,13.608,10.011,21.162,9.181,1.6339,-16.415,11.309,38.388,22.796,6.8038,-7.4615,9.7942,-12.661,2.223,-3.517,0.61585,-0.8757,2.4745,4.048,-8.7333,-36.728,-22.619,-20.353,-23.443,-10.831
34.05,-12.876,-2.7269,11.93,7.52,20.63,20.751,20.15,11.511,8.017,15.296,5.2529,9.5225,7.0195,3.4566,1.4427,-4.0474,25.941,15.199,-39.712,-42.315,-28.496,-26.808,-32.93,0.20765,-3.7608,-1.0276,1.9517,2.6034,-8.9273,-14.671,-28.976,-11.936,-12.341,-21.835,0.92905
35.251,-7.0786,5.115,14.444,4.6287,18.313,17.136,15.099,5.2244,8.024,6.1416,-0.30281,8.7367,6.2408,-1.2056,3.5241,10.163,16.908,-2.0475,-48.349,-37.078,-44.557,-48.835,-5.6564,-1.6421,-6.5897,-5.2699,2.1936,-0.069975,-18.637,-18.108,-13.251,6.9475,0.65346,-4.5394,7.4087
37.711,-6.4986,1.8955,14.826,8.0409,22.156,17.93,4.8311,-1.7581,6.5089,-0.81974,5.4584,7.4907,8.0195,-0.29564,15.962,-5.8353,-35.825,-11.652,-43.449,-1.6989,-26.758,-33.887,20.507,-3.5936,-7.9463,-3.626,-0.072787,-7.5447,-21.515,-14.866,5.2842,18.282,8.2507,4.3503,-2.7039
37.654,-8.2743,-6.151,11.889,3.8489,19.066,23.039,9.0783,5.029,-2.2112,-4.7158,10.677,2.8163,-12.286,-15.293,5.3424,-15.871,-50.99,-38.725,-41.588,21.233,-5.0634,-9.3635,-2.3357,-3.7433,-7.7535,-0.75665,0.026487,-4.6199,-7.2178,-9.2855,11.63,10.114,12.618,5.2137,-13.305
36.594,-8.2686,2.7582,21.189,4.9922,2.3407,11.974,1.436,10.759,-0.24438,3.7812,10.017,-5.4851,-23.448,-7.6297,0.16962,-28.754,-47.685,-40.793,-16.671,19.939,-6.9897,-24.792,-48.109,-2.7505,-3.3894,-0.7341,-0.98876,5.1143,14.206,0.058863,12.368,-8.4502,8.4966,4.9839,-6.4278
37.218,-12.337,-2.9627,13.933,-1.7823,2.7249,0.75186,-3.9977,9.5825,8.869,-0.84064,-3.7497,-3.4918,-16.793,-1.3218,11.553,-1.4773,-13.252,-33.904,-3.5891,2.6731,8.6471,-27.314,-37.872,-0.3499,6.5046,2.8781,0.16609,11.485,20.726,11.864,10.846,-15.127,1.8907,14.68,16.325
35.187,-16.192,-3.5135,13.888,-3.5207,6.4839,8.6772,3.0335,5.9345,-2.526,-15.153,-11.383,-3.108,-6.6742,-10.952,7.9131,12.54,16.337,-13.768,-0.60745,-34.67,8.8697,0.0078517,6.1361,2.7235,11.294,2.6833,-5.0739,8.7114,16.898,14.761,6.4554,-4.356,7.2638,27.407,28.683
36.612,-12.709,-3.676,21.315,7.3667,10.369,7.7356,6.4849,8.7778,3.2532,-8.9054,2.4409,-0.12181,11.85,0.75869,2.301,20.908,20.631,7.0819,4.6083,-27.099,-3.5394,51.637,52.168,2.6162,7.3443,0.59426,-12.283,-4.3322,5.2223,15.214,8.3591,12.942,9.2879,18.783,10.276
35.343,-11.419,-2.3609,21.454,6.6875,6.6873,1.5979,-4.1091,-6.1736,6.9984,7.8175,9.9892,6.4472,18.698,4.7466,-20.574,3.6102,19.863,12.517,11.507,13.044,35.422,72.769,50.285,3.739,2.0934,-1.1577,-6.5163,-6.7479,-1.7332,8.354,9.514,21.837,4.9521,-4.8196,-11.011
37.079,-8.7981,-3.1596,11.301,3.5675,12.939,7.8325,1.8778,2.0869,2.3371,13.493,11.648,4.8117,7.2423,-6.1996,-35.616,-18.674,11.097,29.022,32.149,43.525,41.81,30.22,-8.566,2.5858,-2.1094,-3.4436,4.1036,-4.0689,-2.8654,3.5173,3.8709,6.7299,-4.5215,-27.907,-20.37
38.177,-8.7978,-1.3984,8.6085,0.18403,15.13,14.887,11.091,15.802,15.643,10.032,9.1558,13.12,6.0962,-13.261,-5.71,-1.4094,12.438,17.032,33.192,39.204,10.955,-13.382,-18.55,0.15154,-1.7458,-0.85389,14.569,3.0056,-3.1951,-0.14516,-3.8549,-11.603,-21.997,-31.416,-11.094
37.601,-10.399,-7.2571,9.9302,1.2816,11.696,15.602,14.96,19.552,19.836,5.0974,-1.4253,9.4707,7.6038,-7.4557,15.387,3.073,10.016,22.411,13.121,-6.5293,-13.913,-44.823,-15.264,-2.6202,-0.036557,6.8067,14.902,6.7825,-6.4577,-4.07,-10.648,-17.274,-22.145,-17.244,3.9796
41.642,-7.571,-6.9426,19.284,7.1258,13.528,6.2291,5.946,4.6957,3.7266,5.3243,7.2508,4.8754,9.7888,1.1052,26.769,7.7647,4.428,15.097,1.7472,-19.946,-46.703,-46.791,-1.8384,-7.0824,-3.292,8.1317,5.2175,4.8263,-8.0876,-2.1045,-8.0382,-8.1499,-5.4481,-2.0242,3.5486
40.081,-5.6096,-4.1154,13.656,1.6331,18.748,23.367,11.01,4.3755,1.3387,-6.5648,4.9686,-4.167,5.2132,20.651,22.657,10.652,-17.186,9.6397,-5.3663,-13.272,-40.085,-39.293,2.9761,-6.0914,-6.7186,0.47621,-4.1361,2.96,-7.7559,-13.382,-7.9448,-1.3561,11.889,16.235,3.7153
39.374,-6.298,-2.4166,20.13,3.8906,13.818,18.553,13.939,13.417,1.5404,-7.5322,5.0396,-15.473,-9.1685,13.344,16.743,18.933,-14.399,12.895,2.2446,1.8258,-3.1993,-26.267,-9.9273,-2.4372,-4.9222,-7.4734,-10.605,-2.4181,-0.12473,-15.508,-10.99,-2.1262,20.535,22.573,3.4971
36.651,-8.4287,0.8053,20.836,8.225,2.9576,14.26,8.28,8.5554,0.88655,-8.1208,1.1683,-10.812,-16.511,-11.194,-0.28036,12.289,-19.35,-43.4,-26.852,-24.196,23.78,26.093,7.3569,3.0291,0.39384,-11.762,-7.8385,-8.1803,9.0499,-7.6546,-8.227,0.064213,15.146,19.466,1.4033
35.621,-10.746,-2.7307,24.066,13.296,14.224,17.23,8.4335,3.5186,2.353,-7.0315,4.1873,-3.988,-3.9602,-20.339,-14.785,-5.1447,4.8862,-35.926,-42.46,-25.115,24.039,33.383,13.457,6.4054,6.2979,-5.0912,-1.1802,-7.2391,6.9956,4.0061,0.49966,6.1155,-1.1911,5.2066,-2.356
36.552,-11.641,-9.5555,11.548,3.0748,8.8706,2.329,0.33688,-2.7729,12.822,6.2311,9.0733,5.2359,4.5783,-21.318,-0.77185,-18.211,18.421,-4.2228,-24.149,0.51975,22.028,28.211,-1.6991,4.189,7.4812,5.794,7.3978,2.9359,5.9901,19.72,17.101,16.102,-14.704,-15.542,-4.4705
37.43,-6.6719,-7.4058,17.381,3.8934,13.305,6.5558,-3.3192,6.5241,7.5923,1.9835,7.8154,8.5298,11.777,-7.0497,11.088,-2.0122,1.6937,13.337,3.3912,20.046,-8.2789,-1.2934,-17.179,-0.89756,2.8964,12.602,6.455,9.748,-1.0509,15.724,25.161,10.21,-12.992,-12.799,1.2956
38.364,-8.1764,-7.5164,23.792,3.8208,12.627,17.486,2.0818,7.3126,9.281,1.4769,-1.4953,3.874,13.027,11.131,23.772,25.402,12.197,30.569,35.729,33.735,-33.583,-34.279,0.32215,-5.1378,0.36358,15.427,-1.2735,7.755,-3.8025,3.6016,17.678,-2.8339,-6.7389,-4.2801,9.3923
38.979,-6.5897,-7.2751,23.488,11.917,13.192,16.321,9.2567,8.4988,-0.015878,-5.3011,0.88187,-7.7948,6.2974,26.447,5.2176,21.788,2.7438,25.297,53.406,9.3278,-13.116,0.63429,18.924,-4.9772,-0.71727,10.083,-6.4191,-1.9676,-2.559,-5.8525,-1.0169,-16.219,5.4829,6.6932,6.1124
37.715,-5.1686,-4.0552,20.381,11.764,15.025,12.731,11.913,13.107,-0.16517,-7.2663,12.701,-12.291,9.1357,39.067,-4.2043,8.6632,-1.1164,7.8057,39.234,-8.2906,-9.248,5.8462,27.211,-0.72851,0.72422,1.9309,-5.6871,-4.1425,-1.3048,-14.536,-16.897,-19.946,13.428,10.603,-7.9737
33.857,-5.0272,4.0873,21.696,10.816,13.478,21.582,18.468,8.2905,5.7574,6.6723,10.179,-8.2737,10.136,29.395,-7.0198,-3.4804,-4.4448,-4.5435,-3.4456,-40.039,6.9681,12.11,-0.061621,4.5886,1.207,-7.8406,0.52736,2.8803,4.5696,-17.265,-21.56,-6.7905,11.097,-0.34025,-11.16
34.78,-4.3899,6.3357,22.586,8.703,11.926,18.758,17.093,3.2714,1.7704,-1.5866,7.4614,0.47095,14.729,19.312,1.4553,17.324,9.267,-27.191,-20.329,-41.309,23.517,12.998,-30.054,5.1982,-2.8269,-15.387,-1.007,5.914,6.2563,-9.443,-12.369,8.1378,10.813,0.39491,-6.9457
36.31,-1.9112,2.227,18.875,11.707,12.519,11.035,4.944,-6.6025,2.5004,-2.0861,3.4709,8.7673,9.5359,-2.8784,5.0246,31.859,20.4,-43.533,-24.613,-8.1153,25.985,-4.643,-8.2431,3.3427,-6.4429,-17.37,-7.1655,-3.9671,-1.0958,1.4084,-1.9016,17.391,4.59,0.71321,5.4393
36.724,0.63787,6.5308,22.519,19.981,20.138,4.4086,8.5107,-0.10059,13.222,3.612,1.0282,5.18,-4.6986,-21.734,-15.261,20.563,17.743,-19.915,-12.029,16.437,35.306,16.197,-3.4272,0.35562,-8.2723,-16.434,-15.649,-20.529,-13.88,11.317,-0.037489,11.905,-8.7976,2.2682,15.915
37.269,-2.7731,2.5505,24.242,21.107,19.572,6.9899,10.452,5.9189,13.024,1.7515,9.2741,6.0854,-12.365,-36.93,-34.489,-24.935,-14.162,-1.1396,-17.104,18.044,24.024,14.076,13.822,-2.0323,-5.6274,-7.3336,-13.06,-21.708,-17.272,12.869,-0.49075,1.5468,-14.158,2.5603,8.5958
36.89,-6.3082,-4.693,12.272,14.285,17.271,10.823,8.3246,5.2291,14.162,4.5931,2.8462,3.59,-15.682,-45.832,-57.034,-56.924,-42.85,8.1998,-24.271,5.1374,-19.49,14.98,38.489,-2.682,-3.1467,3.314,2.6085,-10.318,-9.213,1.5285,-1.0319,-3.2826,-12.995,-3.0342,-0.06461
39.269,-4.6204,-10.626,6.7541,2.0875,6.8717,7.2582,-3.5147,-0.24523,14.042,4.4614,9.4728,-0.59911,-13.109,-27.497,-39.39,-37.935,-35.661,6.7564,-20.946,5.2685,-17.408,8.7673,13.778,-3.2203,-0.63199,11.556,14.43,7.5516,6.2829,-5.3461,3.6792,-0.64926,-2.6649,-1.7644,-12.313
37.519,-6.2794,-9.797,2.7454,1.028,5.0633,8.3744,3.3586,5.5501,2.9675,9.7469,20.174,-4.8876,-20.06,-9.8804,0.23169,-24.525,-17.572,-16.22,-15.267,6.4117,-8.9545,3.6807,-3.7281,-1.7127,2.2876,13.271,18.245,15.329,14.953,-8.2824,6.5783,2.882,8.3807,-2.1886,-19.981
36.655,-9.3422,-8.646,9.31,8.7679,7.8456,11.593,2.4625,8.3926,9.917,3.5582,7.4992,-5.7771,-13.336,2.8721,9.0277,-3.377,4.6136,-15.66,-3.2095,14.161,5.4309,10.904,-26.632,1.2072,7.2805,8.9005,6.7991,8.5549,9.3907,-4.6198,11.415,3.5027,3.9323,-1.3632,-6.7838
35.754,-13.977,-10.623,11.11,-1.3177,7.9983,0.54602,-2.2977,4.116,11.747,6.8851,1.9689,-2.3845,-4.1307,5.3394,9.9834,2.4402,11.778,-22.004,-0.24815,15.101,10.994,2.9683,-41.211,2.765,10.762,4.9143,-1.6971,7.9456,4.5191,10.754,14.697,1.5762,-4.5414,-5.2753,4.4162
37.263,-7.4394,-8.777,7.0856,1.5719,7.7111,3.3423,-2.2914,7.5522,12.368,11.344,5.2589,4.1853,15.328,9.3953,-10.271,-8.6431,-3.3827,-13.451,28.622,18.438,-7.7205,2.3076,-1.4001,2.8369,7.5558,-1.11,3.8025,6.9826,1.1485,22.017,13.874,-4.4327,-9.1858,-9.4884,12.118
36.023,-9.2962,-7.0618,8.8493,5.8462,11.019,1.4975,5.6115,13.521,7.2389,7.338,0.6881,3.9564,19.419,11.43,1.3955,17.836,9.0211,36.447,42.3,12.154,-25.086,-18.398,5.7367,2.7444,4.5461,-5.0859,8.8954,8.6389,2.0182,26.83,4.5558,-9.8231,-5.8724,-4.6399,15.798
38.614,-4.0185,-5.7292,5.3051,0.86444,4.6437,4.3915,12.819,12.909,8.3109,4.4856,7.4396,5.2369,12.668,-5.7229,32.334,23.838,11.734,65.198,44.885,-6.5293,-22.458,-25.855,10.484,1.2187,0.4473,-6.3428,10.229,7.76,2.9284,14.576,-12.289,-11.176,4.0059,2.5078,6.3245
37.057,-5.978,-6.4324,12.698,7.9539,14.043,18.245,11.297,7.5148,1.2328,1.1157,3.747,10.812,19.93,-12.531,33.158,29.394,14.31,72.822,14.4,-21.531,-11,-6.1499,31.835,0.42438,1.6844,-3.4416,2.1769,-1.9394,-2.2866,-9.1747,-16.681,-7.9643,8.2558,10.185,2.4985
39.365,-2.7643,-11.953,21.328,12.437,12.067,27.567,17.308,7.2906,4.1419,1.5278,8.9713,6.8514,17.31,-10.338,24.992,24.378,8.615,41.243,-18.872,-20.6,5.2658,8.723,17.173,-2.7007,1.6133,1.1466,-7.6577,-5.427,-2.1954,-24.503,-14.356,-1.1703,4.7369,11.619,-2.8053
41.053,0.041708,-10.215,17.417,14.757,14.463,26.321,10.567,5.5647,3.8235,5.7419,15.84,5.2711,25.521,-3.4705,15.951,7.8693,-0.85229,2.551,-9.2284,-20.632,2.3314,15.24,14.884,-7.3009,-1.5662,2.834,-10.606,-4.3263,-1.0212,-27.568,0.24418,7.16,5.5419,4.0695,-10.28
40.041,1.6265,-9.0068,15.442,9.6516,8.7409,20.975,3.748,3.584,9.6484,6.5339,9.9797,-5.4964,17.939,-4.5204,2.6489,7.4656,8.339,-22.18,-15.081,-12.83,-5.4393,21.543,4.9324,-8.0827,-4.2673,2.0051,-12.16,1.9367,4.0489,-16.754,12.914,13.667,8.8402,-0.66432,-7.6577
39.354,4.587,-9.6408,23.617,13.281,15.279,22.817,13.463,-0.9478,-0.35478,6.2324,10.685,-19.519,11.784,-1.2698,-8.7027,16.219,9.3423,-33.305,13.725,10.384,22.062,7.7875,-13.443,-5.2677,-10.219,-1.3536,-11.934,4.7121,3.3963,-2.928,11.237,21.135,19.229,-0.94161,-1.4187
37.466,3.9327,-14.501,19.553,16.908,15.828,18.229,8.3195,4.1317,3.5114,12.054,14.015,-21.167,2.8416,-1.4129,-23.479,29.887,23.762,-24.599,34.223,32.228,39.601,9.1274,-6.9514,2.136,-9.8508,-2.0351,-6.293,-2.1226,-5.2019,7.2035,5.4086,14.602,17.088,-0.48495,4.4477
32.581,4.7807,-8.1032,11.01,19.238,15.591,11.041,15.143,10.483,17.923,6.8757,7.1006,-13.232,-18.025,-11.792,-30.657,20.219,8.4175,-10.88,22.306,62.514,75.956,16.739,13.733,8.125,-8.7487,-5.1506,-0.56363,-12.352,-12.201,10.929,-8.6391,0.31755,-3.7369,-0.59236,2.854
32.844,2.9505,-10.482,10.005,21.616,20.466,14.564,20.02,13.982,20.31,10.776,8.2962,2.0401,-16.41,-9.4346,-17.839,-5.1479,-17.208,2.625,7.6718,34.114,53.052,14.642,13.583,8.0315,-2.5769,-3.6988,4.2396,-16.575,-18.307,3.4626,-13.11,-7.1859,-19.833,-9.322,-5.4055
35.049,-3.9343,-17.546,13.062,21.037,17.169,19.21,18.766,25.384,29.224,15.241,20.411,9.5026,-22.333,-23.012,-14.341,-28.027,-31.177,7.7287,-16.195,11.029,-3.3478,2.0684,-9.4404,3.616,6.4644,3.811,5.8636,-7.0655,-9.7381,-3.5697,-5.3978,-9.9569,-30.269,-18.647,-12.51
37.252,0.085053,-14.496,9.607,13.435,6.4348,15.458,10.344,13.738,24.387,15.192,14.151,7.6231,-7.8883,-14.297,-10.439,-28.868,-47.974,-16.59,-12.075,22.041,-19.91,-30.147,-22.392,-1.2182,8.6417,4.9746,4.2607,4.1593,4.8052,-1.5556,3.1417,-5.2762,-17.393,-13.305,-7.0733
35.128,-4.9533,-17.602,4.0386,9.316,7.0177,14.458,11.883,16.12,14.211,5.7018,-0.54705,2.0566,10.036,9.6943,-5.0385,-3.2482,-24.89,-19.121,5.19,18.766,-38.91,-54.099,-30.831,-2.2756,9.3962,5.9858,4.066,8.4599,10.782,2.266,2.2657,-11.918,1.5986,3.429,6.8397
36.616,-0.48411,-17.603,9.2976,13.043,1.5549,8.6444,17.424,29.635,17.862,0.47216,7.5791,-0.32767,10.613,-0.91437,-1.1869,3.2595,3.6743,8.2714,12.688,3.8641,-16.132,-23.797,-11.088,-1.25,4.7976,3.6805,6.0144,4.3589,12.653,4.6,-7.1307,-22.879,6.5567,18.813,11.982
36.395,1.3684,-11.146,10.698,19.608,7.164,13.056,17.821,26.819,13.032,-4.4484,8.2814,2.0999,15.397,0.22579,1.3629,-1.7906,-3.0893,6.628,-17.248,-39.474,2.7561,16.038,19.106,0.84807,1.1276,1.4891,8.8499,-2.628,6.2779,2.0784,-8.5922,-17.11,10.027,15.863,7.6362
36.455,2.2309,-18.182,5.6841,9.9182,8.1989,20.295,13.719,10.321,16.911,8.3689,4.1927,1.3514,13.419,8.8392,16.432,-7.8023,4.3909,-6.4643,-36.509,-63.235,-7.9596,28.848,12.547,0.5895,1.0276,6.252,9.8505,0.67186,4.1975,1.07,3.8154,1.9404,3.4677,-2.4095,-3.0082
36.259,1.3877,-17.2,6.5268,9.983,2.1511,11.947,5.1117,6.0396,16.064,9.7726,10.699,5.4574,14.271,12.263,30.402,-10.857,6.1411,-1.3608,-13.172,-33.233,7.1398,-1.1062,-4.468,-1.0456,-0.70917,3.9395,2.9601,3.9051,1.895,4.1136,16.588,16.262,-0.85965,-11.895,-12.203
37.36,6.216,-10.156,19.599,13.954,6.2568,5.9665,5.5236,8.4068,12.366,7.7857,12.644,0.94109,16.314,24.327,33.546,11.152,20.047,17.616,29.727,10.445,-0.98516,-27.272,-14.342,-1.7991,-3.3802,-0.83203,-8.5155,6.2288,-4.5846,4.9252,18.078,15.845,-2.489,-7.8998,-8.1361
38.672,6.5113,-9.0269,18.941,12.162,11.206,19.539,15.333,11.159,18.874,-4.71,1.8219,-2.9228,10.404,12.179,7.6061,8.2576,-1.4423,15.156,32.572,4.994,-5.0293,-15.375,-28.463,-3.0171,-6.8209,-5.7853,-14.196,7.6913,-5.3026,-1.2171,4.2711,2.2777,-11.139,3.4827,3.1138
35.719,7.826,-10.105,16.25,14.405,13.695,25.306,23.472,12.983,15.013,1.9741,1.4603,-3.4541,-1.5482,4.7209,-14.748,13.784,-14.741,9.9033,31.009,-3.1257,-14.32,-3.5165,-16.136,-0.44542,-6.2902,-8.1621,-10.948,2.4859,-1.4377,-5.6305,-14.835,-9.7222,-8.7658,4.4467,11.114
35.618,5.7845,-11.136,12.004,13.887,-2.2892,9.8553,12.423,6.2483,12.226,4.9907,2.0596,-7.4303,-10.902,-6.8604,-16.432,26.283,-2.9781,-3.59,7.5421,-15.059,-41.888,4.4295,11.998,1.7864,-0.62412,-5.4801,-4.2632,-2.3863,10.084,-0.95759,-18.914,-3.7001,-0.86794,-1.7233,13.41
37.16,5.8053,-6.7415,15.694,19.984,5.6339,15.76,22.483,9.2994,8.53,1.1772,4.4568,0.96774,-4.4842,-6.9635,-9.1731,14.569,13.626,-1.1636,-31.932,-28.14,-26.385,-14.941,20.999,2.3746,3.7839,-5.0945,-2.8033,-10.834,7.4118,-2.4166,-20.029,6.7744,13.01,0.14163,8.949
34.236,2.0706,-14.139,11.003,22.513,13.747,22.518,19.598,5.4717,1.1717,-2.0967,6.3226,3.7982,8.7512,-9.379,-16.497,-4.0661,34.794,15.902,-30.528,-0.99954,-3.3366,-18.279,20.019,3.3573,4.8387,-0.39834,-1.8655,-13.603,-3.864,-5.4976,-4.9359,17.132,26.433,5.3949,-2.6327
36.894,7.4409,-12.085,12.164,17.376,12.49,18.393,3.9187,-0.69803,7.3477,-1.9527,9.8281,2.8046,7.5444,-19.492,-28.732,-25.213,3.4322,-11.925,-50.102,23.717,31.453,8.5461,24.598,0.46947,-1.6124,0.41619,0.7334,-2.4093,-7.5851,-4.2661,16.354,19.373,23.847,10.755,-11.159
37.65,9.3423,-13.154,5.5206,13.158,11.68,16.489,6.4415,10.747,11.149,-2.584,9.3837,8.4376,7.2768,-2.5878,-15.98,-21.842,-17.201,-25.697,-8.0522,44.674,61.359,19.66,-2.9653,-1.1784,-7.2722,3.43,6.8635,4.9774,-6.7199,1.997,23.287,4.14,5.6795,10.385,-9.3348
36.855,5.9416,-16.98,4.0693,12.055,8.3836,12.812,4.0103,18.52,19.268,5.6939,15.225,0.99543,-11.809,-8.2782,-5.7644,11.411,1.6983,-1.6947,38.598,45.886,60.502,19.864,-23.304,-1.454,-4.1528,7.8772,9.2012,5.5615,0.86131,9.3516,18.969,-11.824,-16.381,1.9399,-4.2953
38.474,6.4586,-12.985,7.0607,14.253,7.1997,12.46,15.527,18.2,25.891,3.9102,2.1413,-1.189,-17.933,2.1642,6.3368,2.5089,2.0615,20.771,41.559,8.6155,10.536,27.985,-2.7032,-2.15,0.55778,6.6831,5.445,1.4486,0.25678,1.9722,-5.7992,-21.769,-28.181,-2.1296,8.7727
36.979,2.9782,-16.308,8.512,22.534,15.579,19.561,18.675,18.519,30.228,4.732,1.7971,0.34774,-0.61488,17.518,6.1158,-9.5811,-1.8926,11.598,19.939,-17.374,-25.042,14.083,2.9906,-0.85965,6.3344,4.5506,2.4399,-3.3116,-8.2664,-11.305,-24.97,-20.698,-20.782,-5.1723,11.262
36.993,1.8574,-12.407,6.4676,9.1729,9.1127,23.5,19.888,15.056,10.937,11.889,14.746,-1.9888,4.4686,17.93,5.3046,-4.1028,-14.122,-22.483,-27.719,-32.54,-36.776,11.903,27.751,-1.7654,5.9953,-3.4575,1.052,5.5074,-4.8514,-13.919,-21.918,-4.8676,1.1796,-9.8349,-1.5136
37.769,7.9347,-8.51,7.4237,9.8049,6.4808,13.091,11.799,11.405,14.224,8.7458,10.418,-2.9029,8.6623,6.5922,6.9512,-1.8412,-31.542,-36.592,-51.615,-37.025,-19.753,2.0433,17.778,-2.3637,0.71911,-9.0354,-0.27852,10.476,4.2865,-0.15492,-5.1835,9.3303,11.151,-4.0166,-4.5514
37.085,6.2147,-7.9193,10.257,18.566,4.688,4.4534,5.1055,5.4863,15.505,7.8548,11.706,-8.3904,7.405,-9.6604,11.179,26.176,-7.3707,-24.726,-32.253,-5.8972,13.79,-15.169,-17.665,0.075907,-0.59105,-7.4883,-3.4236,4.6867,10.768,16.398,11.84,15.58,9.9351,0.24539,-8.1325
35.482,5.1308,-15.256,10.093,16.917,2.0207,10.789,0.25908,4.7914,18.067,7.771,12.206,-8.27,1.5125,-13.864,1.7858,27.661,16.164,11.945,-3.7116,15.956,5.4301,7.5362,2.9411,3.0884,-2.6304,-0.8838,-4.4059,-1.4492,7.453,13.701,19.548,11.996,3.5456,0.28026,-4.2236
33.942,6.9619,-13.864,10.723,18.705,7.6574,12.288,9.5319,15.414,15.91,4.7921,5.0197,1.0743,5.0883,-9.2835,-9.2309,4.5794,15.865,35.236,7.5287,18.87,0.30718,10.383,-5.4934,3.5891,-4.3248,3.155,-1.1538,-4.5899,-2.7969,3.764,15.816,-0.02525,-2.5541,0.060429,4.1293
35.206,8.3174,-12.47,8.0838,23.566,13.078,15.146,7.7297,14.42,16.736,14.045,15.232,7.807,-3.3313,1.9847,-4.8733,1.7114,-5.8947,1.9314,26.232,10.569,4.7162,-9.3318,-9.4256,1.1038,-2.8708,2.4392,1.8202,-5.1645,-8.4352,-5.1468,10.237,-4.961,-3.2058,-9.3522,-3.9603
37.76,7.1655,-13.954,6.6462,17.531,7.0918,19.893,5.1345,10.107,16.324,9.9094,7.4465,1.5165,-11.797,-1.8099,8.7396,16.202,-10.325,-0.89938,31.855,-3.33,1.3761,-6.4332,9.1649,-1.5743,0.92631,-0.44002,-0.31887,-3.0293,-2.0613,-5.3896,3.8212,-7.0707,-3.7707,-4.2946,-2.8636
37.476,3.3633,-14.219,9.6945,18.359,-0.64386,7.952,15.574,12.729,20.219,0.54648,6.2801,-2.9719,-4.3988,-5.4051,1.9018,-3.9722,-12.916,4.279,35.309,2.2515,-11.133,-30.816,-24.19,-2.2012,5.6304,-3.1918,-6.5767,-4.8807,9.344,6.8762,-5.0413,-7.7406,-3.4533,6.2533,-0.8426
33.565,3.5404,-13.895,14.287,29.409,9.3558,15.436,21.537,14.594,14.857,8.3248,14.078,-1.408,10.254,-7.7886,-14.213,-7.7254,9.0693,7.1141,22.096,-12.324,-10.622,-0.3474,-12.429,-0.045015,4.1254,-1.4249,-8.7027,-9.6386,8.8884,3.2505,-8.9064,-6.973,1.368,4.6213,-4.2086
35.818,7.9306,-15.202,5.2142,15.641,5.4882,19.514,17.183,13.302,11.903,-0.57079,-0.17872,-1.7367,13.795,-10.985,-26.281,-10.729,31.128,32.306,5.9049,-23.637,-6.5514,18.892,-2.8415,-0.3068,-3.0579,2.0835,0.41651,0.42335,4.6505,-5.9608,-6.181,-2.5773,4.9968,4.3416,7.2387
37.885,10.009,-17.357,1.7799,15.027,8.5604,17.669,15.378,3.6587,15.17,10.294,4.4612,0.6739,-0.26692,-6.1447,-20.683,-28.613,12.095,1.3398,2.0246,-25.251,5.9251,-8.1808,-22.552,-1.7781,-5.3363,6.8596,9.8385,6.1905,-5.4887,-8.5368,-3.2754,6.8544,1.5003,-4.5194,11.563
34.448,7.0269,-17.98,2.8078,20.186,15.318,22.988,21.606,6.3787,16.786,9.0077,9.6678,-5.5469,-14.428,4.1907,7.2193,8.5885,8.8234,-22.638,14.44,-4.1719,5.5776,-5.1919,17.065,-1.1676,0.18163,8.6946,12.88,7.9659,-12.19,-9.989,-6.6707,7.6032,-0.61274,-2.0716,14.328
34.587,3.8588,-15.578,5.149,12.83,10.488,14.368,20.338,5.43,15.378,-0.55479,-2.1215,-8.3934,-2.3159,18.922,18.23,13.568,-7.2219,-8.098,1.4518,12.215,-9.1847,-10.902,35.434,-0.82791,6.8843,6.2366,9.2282,9.3903,-5.0446,4.5688,-10.936,3.7387,-2.1162,5.523,13.06
34.693,3.7914,-13.996,7.1393,21.034,8.9359,9.8452,21.922,10.33,14.588,2.2578,11.645,-3.0409,15.728,19.955,18.663,8.0102,-20.164,-12.92,-27.162,-4.3537,-2.0602,9.8949,39.806,0.62606,7.9683,0.28494,-0.34286,-0.60064,3.3697,14.879,-9.8323,-1.9772,-0.059205,3.2876,-8.2324
33.566,10.469,-9.8882,8.7291,21.388,8.1403,20.191,15.946,7.7904,11.677,8.2181,21.19,-4.7186,19.077,17.156,19.736,18.628,1.3653,19.325,-31.853,-6.4667,-0.83696,11.891,31.377,1.2957,2.5565,-4.562,-5.376,-1.4106,8.9616,11.364,1.6592,0.57355,3.4162,-0.51675,-18.462
33.438,11.586,-10.848,10.349,19.912,6.4096,13.617,10.221,3.0216,17.606,9.5687,17.915,-4.254,14.717,6.4981,4.7518,3.0557,21.378,38.046,-18.07,-4.7172,1.1077,-0.15029,-22.068,1.1158,-1.9702,-4.4152,-8.1377,-2.3462,6.3586,7.6402,13.586,7.6291,0.90905,-2.6634,-13.854
32.855,9.4998,-8.5741,13.412,22.705,12.434,22.145,10.262,5.851,13.45,1.7352,10.432,-1.3083,10.972,2.8403,-1.6945,8.9926,16.815,23.238,5.2018,15.265,6.3124,-8.4635,-25.941,2.0749,-1.8639,-2.722,-8.5532,-7.7143,-9.3903,-9.38,14.068,6.7646,2.7395,3.3012,-0.15706
32.922,11.634,-11.404,7.1737,21.903,17.478,27.892,15.729,8.9415,14.255,5.4242,5.9902,0.83317,9.9293,5.0368,-11.31,1.0968,3.9041,23.325,22.239,22.926,-1.0896,6.7551,-0.80594,1.6922,-2.3242,-0.25232,-2.928,-7.3125,-20.014,-17.673,8.988,2.1504,3.956,7.0078,10.66
33.17,15.93,-8.1897,9.4697,24.888,11.013,24.673,15.792,12.463,16.509,6.0587,14.181,3.1124,12.151,4.2768,-14.999,-18.965,-36.849,-20.214,18.335,13.535,13.959,24.944,19.96,1.3643,-2.0567,-3.1114,-0.88437,-3.8358,-11.551,-14.009,0.46824,-5.6305,0.091585,0.35198,-0.14027
33.697,13.335,-8.5215,6.6656,19.369,9.072,24.015,18.575,11.179,15.532,10.785,15.637,1.9966,2.5064,4.5182,-3.2363,-19.528,-51.857,-28.59,20.303,6.8995,17.065,18.185,8.2807,0.12695,-0.90228,-5.5555,1.0403,4.4836,3.7883,-10.628,-8.5417,-7.0484,-2.4324,-10.312,-11.076
34.024,14.725,-7.8771,6.1668,14.49,-1.7874,13.976,18.007,11.5,19.791,11.527,15.588,4.9314,4.3998,-12.457,-10.153,0.1262,-13.059,-20.852,8.5107,-4.8746,-2.3068,-12.419,-31.186,-2.0606,-2.4341,-3.5823,1.046,10.551,22.243,3.7894,-9.9443,-4.4821,-7.3397,-15.549,-10.661
33.493,13.49,-9.3015,7.207,17.339,-2.0501,18.945,24.774,12.873,21.146,11.783,9.427,0.55846,9.2934,-14.374,-8.5312,13.97,10.951,-29.499,-15.557,-3.1109,-5.1187,-26.123,-30.614,-2.856,-1.9474,1.2171,-0.038879,3.3476,22.666,9.0073,-9.5991,-2.9535,-7.1085,-9.2617,3.2096
35.737,18.053,-14.028,4.1224,25.967,10.045,16.782,16.949,9.1785,12.549,-0.64971,1.6937,-6.4717,-3.4133,-4.1887,-7.1214,17.043,42.959,-0.81321,-13.456,-3.8709,-11.648,-30.646,-13.899,-1.9406,-3.5429,7.0943,4.0627,-7.4684,5.0925,11.64,-4.9099,-1.8419,-5.1339,4.3124,15.782
33.12,16.318,-12.633,3.4222,20.615,8.631,7.8628,11.326,10.784,16.594,3.8116,7.2779,-6.5816,-3.3239,6.4694,-4.9466,-11.249,33.465,6.4267,-16.709,-8.3696,-13.808,-19.009,15.685,1.4308,-4.403,3.2337,4.0433,-9.3476,-7.6294,12.455,1.3178,-1.9477,-7.2053,9.8806,13.279
30.975,11.604,-8.3058,4.4985,21.373,14.352,19.11,18.003,10.609,16.244,0.18925,9.7135,-1.2015,-7.0061,12.593,8.3682,-24.607,1.1466,19.386,-15.463,-11.455,-23.632,5.5867,24.573,3.6596,-1.2704,-5.0045,-0.0039719,-9.096,-18.401,-0.46909,1.2488,-0.079787,-3.6209,9.481,4.6805
32.583,15.053,-8.928,4.5457,14.011,12.529,20.994,15.892,7.973,12.395,1.8586,13.26,5.0774,-10.925,-6.5961,3.9405,-11.943,-6.2899,22.678,-7.9647,-9.0574,-35.153,5.164,16.544,2.3009,0.30021,-6.6234,-3.2541,-1.6458,-14.286,-7.5055,3.5766,2.1468,7.1845,4.8901,-1.7847
35.405,15.182,-9.5842,7.7448,16.965,8.6695,19.909,6.934,4.8565,2.8325,3.1201,10.989,5.9966,-5.9647,-22.678,-11.585,-28.089,-29.17,-11.284,-11.584,-3.9259,-19.079,4.6719,9.0741,-1.0475,3.8023,-3.1099,-7.7314,4.6796,-1.2073,-8.7911,6.8296,6.6856,17.96,0.23102,-3.1714
33.443,9.0662,-15.292,3.7693,16.847,8.3272,18.803,12.878,9.1313,5.7233,4.9281,14.912,1.3237,-2.3435,-9.0122,-11.241,-17.737,-22.809,-15.766,-0.76519,-1.4004,19.839,5.8986,14.511,-2.8843,6.8085,6.8319,-3.1629,10.128,11.605,-1.7626,5.1245,5.999,14.869,-0.12291,-2.945
33.543,11.615,-16.463,-0.90571,5.9104,1.8678,14.564,13.718,8.0664,10.04,0.99041,13.424,-4.5623,7.7148,-1.7485,-22.698,1.6879,3.3695,-5.348,15.085,18.144,38.672,6.3745,9.7325,-2.9628,4.0099,11.075,7.8746,20.384,19.587,5.4001,4.5358,2.8177,3.1283,2.1665,-3.3605
34.176,15.665,-9.9946,3.2504,10.67,4.5253,15.784,12.118,5.6679,18.711,5.8727,19.298,-4.0644,16.277,17.098,-6.3175,23.81,35.465,10.897,4.323,9.9024,10.314,3.6982,1.4896,-2.4815,-0.19686,6.1241,13.206,16.616,12.29,2.3783,1.0111,-3.0882,-10.407,1.0972,-6.2255
32.757,15.741,-13.107,-3.3449,20.898,12.255,18.745,14.857,15.66,15.675,5.8351,13.663,-6.1235,4.7745,19.643,25.326,53.059,39.629,2.3845,8.5509,4.5112,1.3243,16.605,-1.2179,-0.95922,-2.4956,1.2301,15.035,5.3755,-0.42532,-3.6532,-4.1218,-11.138,-14.214,-2.9714,-6.2238
31.804,15.142,-8.4206,1.8302,21.258,20.866,22.161,14.47,10.286,8.0626,4.3549,15.538,-10.303,-1.8577,10.913,30.776,39.656,20.511,-7.7408,7.5578,-10.025,-13.523,6.2695,-11.141,-0.73607,-2.9202,-6.8175,4.2611,-5.9637,-12.681,-5.4837,-2.3055,-4.6661,-6.4676,-6.2054,-7.4199
31.667,14.264,-7.4287,12.468,27.146,13.512,12.568,16.817,8.0132,16.026,10.052,14.696,-6.2389,4.3041,7.4946,33.93,20.642,8.7202,-14.295,-7.1409,-27.581,-20.477,-9.7682,-15.071,0.2788,0.095629,-7.1998,-10.222,-15.57,-12.726,1.7584,-2.0877,4.5698,-3.5183,-7.0366,-3.4525
29.569,15.474,-7.3774,10.732,27.374,14.152,15.002,14.916,4.4792,11.774,6.8991,13.211,-7.687,1.9118,-10.915,10.686,10.199,-12.487,-8.1815,0.64131,2.6183,-11.123,-14.142,-28.683,1.7677,1.8338,-1.6123,-11.655,-12.483,-4.76,6.8742,-0.52935,9.019,2.8116,1.5209,6.5104
30.755,17.726,-9.8813,9.1689,28.161,19.972,15.177,11.063,4.7729,3.5809,-0.32111,7.2906,-6.0376,3.3679,-5.442,-15.737,-10.065,-7.5043,11.397,1.5706,21.039,-17.467,-8.3723,-9.7093,2.1904,3.3774,6.1022,-8.5679,-8.5146,2.4266,9.4892,7.6099,7.0312,7.2496,7.7158,11.341
28.417,14.367,-12.652,8.8227,25.85,11.392,16.766,17.668,13.215,8.7234,2.4702,4.8984,-1.5652,7.7794,9.3195,-2.666,-7.4058,4.8228,13.784,0.55528,10.761,-0.97046,13.176,18.73,3.2903,6.8704,11.819,-1.3604,-6.0818,9.8028,6.2943,6.7656,-2.2214,6.6049,3.5951,5.9693
29.225,16.501,-7.5125,5.5539,22.875,11.14,17.384,16.227,14.165,8.8174,8.0801,13.997,1.6521,18.257,27.888,-2.2336,-13.128,12.198,22.168,30.952,3.5038,10.694,15.151,17.929,3.0494,5.5795,6.4585,1.75,-2.3869,3.7209,1.3478,4.9277,-3.1347,5.5086,-6.7685,-9.1154
29.552,19.977,-3.902,11.207,26.314,20.98,20.79,12.612,5.1635,8.67,9.2867,19.222,4.9197,28.819,31.514,-2.8673,-18.678,26.676,17.904,19.779,0.2788,7.8202,-7.9288,-12.656,2.3785,-1.4727,-4.9717,-5.2473,-0.30774,-2.4355,-2.5354,1.3483,-0.39062,-1.1993,-8.9736,-13.212
31.013,24.05,-0.31198,6.8602,21.365,21.278,24.248,29.067,10.55,8.9547,3.8464,9.0931,5.9672,20.745,15.753,-6.8858,-16.364,0.17386,16.076,16.598,10.606,5.6809,-31.662,-39.593,2.2982,-9.9961,-15.358,-6.4631,2.9251,-5.3112,-10.212,-10.895,-3.5441,-3.5122,-1.693,-4.9374
29.982,25.002,-0.49478,6.7359,17.266,19.661,22.286,21.137,15.161,12.565,0.62265,1.0223,8.1697,-0.82824,-9.4711,-26.576,-7.3269,-1.3423,4.1534,14.474,5.2561,-4.4605,-8.285,-18.567,1.8539,-14.044,-18.485,-8.0502,0.68251,-8.6732,-14.877,-11.927,-10.457,-3.8064,9.1129,9.2062
31.993,24.362,-1.3397,4.3463,19.217,11.886,24.674,20.263,14.469,9.7105,-3.4191,3.3003,11.518,-16.9,-28.408,-22.695,-4.1783,-0.34844,-22.015,-20.871,-16.705,-0.72625,6.8645,-3.8023,-0.59775,-8.8607,-13.006,-4.4679,-3.9103,-3.0292,-15.663,-13.735,-12.456,-0.15189,14.407,15.773
33.147,19.407,-8.1237,-0.82473,23.725,25.005,22.654,24.251,5.8323,6.0619,8.7769,12.835,11.414,-22.576,-38.83,-35.214,-21.358,-16.429,-37.437,-21.119,-38.351,-8.0083,18.372,15.479,-3.5975,-0.60577,-1.4793,4.016,-6.0045,-8.085,-9.5271,-9.0181,0.62794,3.9099,1.4008,9.7678
35.19,18.398,-10.702,-0.70684,16.047,18.432,13.056,17.074,6.8623,11.843,3.2015,1.2856,1.3564,-12.684,-34.596,-24.907,-28.899,-7.4289,-41.445,-34.281,-29.871,6.6953,27.042,22.247,-5.7231,2.1848,6.7848,8.8945,-1.5512,-10.76,0.49687,1.6562,11.696,2.6678,-5.5302,8.2084
34.091,16.696,-15.229,-8.3444,8.1722,8.1738,9.3759,12.172,-0.21095,7.4944,6.4985,9.7693,-4.7368,-5.9651,-13.773,-5.3905,-24.989,-38.227,-33.768,-23.912,14.979,11.378,-11.37,17.247,-4.1294,1.1692,9.0901,14.338,5.8849,-9.0243,7.2334,5.7351,14.821,4.2767,-10.052,-0.51849
32.2,19.375,-15.085,-4.3471,12.544,16.587,10.591,9.1624,2.5553,12.342,11.241,15.956,-9.0223,-14.281,-7.0124,6.8659,-10.119,-43.25,-21.366,-11.194,15.11,2.9192,-5.9156,36.356,-0.41478,-1.0123,2.3724,5.4824,6.4367,-7.7731,6.8262,5.6182,5.4724,-2.4725,-12.324,-9.9647
32.274,15.935,-12.818,-1.6998,12.982,6.8135,7.0029,16.251,15.475,11.502,-0.92791,14.123,-4.0442,-15.932,-7.1715,20.588,-1.3236,-43.64,-11.309,-3.9873,13.262,15.264,-15.406,5.8321,2.8886,1.6084,-4.267,-4.673,3.2275,8.6434,7.9882,-0.58101,-5.2932,-7.9402,-1.4886,-11.075
31.588,11.637,-15.413,-0.59619,8.5824,-2.5131,3.56,9.4379,6.5743,11.299,3.9569,17.286,-1.0638,-12.762,-26.035,-10.484,-8.5485,-43.588,-18.543,-16.152,-1.6507,-7.6095,-32.559,-21.869,4.9406,8.1347,-0.71852,-7.5082,2.9661,18.698,9.5057,-2.7864,-0.84512,-5.7466,1.8601,-8.8382
32.374,12.599,-18.651,0.074138,9.491,-4.0963,7.2366,10.04,4.4105,15.648,2.4374,12.02,5.7272,1.3173,-25.597,-20.081,-9.637,5.1586,4.7617,-24.338,-3.1071,-23.058,-5.4917,-9.0154,3.6274,9.5122,7.4384,-3.1613,6.2429,21.011,11.85,3.6105,3.6076,-2.7668,8.7876,2.4522
31.617,14.662,-25.187,-10.476,10.015,0.24801,1.2026,4.1918,7.2622,6.4642,-6.7208,6.0733,10.795,17.768,-1.3925,-10.341,8.8683,25.842,18.127,-14.95,19.069,-6.6529,-1.5722,-0.41132,0.58929,7.0305,16.489,8.0665,8.9989,13.583,13.133,13.712,4.0363,10.014,12.119,4.3627
35.122,15.081,-20.73,-6.8003,7.447,8.0123,10.562,6.705,13.578,2.3901,1.6651,15.222,8.1634,16.364,17.699,4.7099,21.182,26.701,29.604,13.465,20.94,0.95109,13.038,7.364,-4.7091,0.092386,12.934,7.406,4.9082,-3.7652,0.5233,14.461,-4.4837,12.418,1.6875,-7.3321
35.611,19.28,-15.07,-2.3294,14.039,4.3535,10.961,3.6305,11.525,14.601,3.557,15.48,0.66458,14.867,34.764,17.453,21.037,13.557,34.7,33.508,6.507,30.456,18.771,-8.2453,-7.3064,-6.9234,2.6618,2.5481,-4.806,-10.566,-10.309,7.6424,-11.591,2.001,-1.5636,-12.236
34.459,18.472,-14.86,-1.6442,18.07,7.2014,17.16,17.053,12.749,12.055,3.8176,10.999,-12.753,3.2297,20.993,3.0524,8.8199,-7.5252,-0.90804,23.739,-19.244,20.477,-7.2262,-41.759,-4.3904,-6.0431,-4.4358,-2.0938,-10.321,-7.5143,-14.238,-4.4843,-7.7913,-5.833,-2.8681,-4.5599
32.281,20.4,-10.74,-4.3273,15.221,7.4321,15.254,15.771,10.93,16.86,1.5886,4.0622,-15.279,-10.282,10.269,3.2283,-8.9807,-9.8741,-18.161,18.125,-18.794,-6.4111,0.742,-37.029,0.63732,-2.6869,-8.4183,-5.9125,-10.245,0.080207,-7.5475,-7.3838,3.9967,-12.005,0.8879,9.4614
30.411,16.136,-12.398,-4.2752,11.265,2.7104,7.9619,12.504,4.2531,11.5,-0.96383,0.051377,-5.817,-1.2768,7.7673,1.3534,-15.413,0.84524,-15.153,-1.2655,-5.3659,-9.7804,7.7127,-1.0435,4.6869,3.6126,-5.8984,-4.2206,-5.0409,5.8016,3.1807,-5.5494,13.509,-3.9591,7.6182,19.731
29.996,15.307,-11.166,0.60025,12.951,1.662,6.4789,14.968,6.3765,11.673,6.3187,2.4393,0.38317,3.6856,-0.71472,-11.26,-18.073,9.7731,4.0849,9.0906,19.551,-14.44,15.741,18.704,4.2343,5.5405,-4.5118,-4.4994,0.023158,3.5115,4.7351,-5.5873,9.5482,5.2496,3.1314,13.442
32.693,20.381,-10.763,-3.4313,11.499,10.509,13.97,16.822,12.343,9.7577,5.3089,11.289,2.8506,14.309,-3.0068,-10.806,-11.838,11.659,3.8721,0.50891,29.131,4.6962,23.365,29.03,0.54847,1.1755,-3.1489,-0.41771,3.7737,-2.687,3.0726,-0.96065,1.7315,7.8891,-0.52559,0.87366
31.332,20.121,-11.915,-10.379,6.0677,8.4193,14.292,18.157,16.661,10.511,6.3229,7.7956,1.559,9.6276,-6.9026,-13.189,-10.652,2.2764,-3.9985,-10.699,11.699,12.599,8.5728,15.142,-0.73413,-1.8562,0.84949,7.2176,9.1934,-3.4096,1.0772,-2.0488,-10.543,1.373,-4.6699,-2.1548
31.168,20.884,-13.527,-4.1887,8.7878,5.1613,5.9913,11.164,13.676,14.429,10.717,11.888,-3.6626,1.6298,-4.8833,0.22929,-0.25463,-8.8414,4.2511,3.826,7.2177,16.146,8.669,5.1057,-0.60233,-5.1068,5.6137,9.9251,8.7557,-1.733,3.3056,1.3708,-13.905,-7.8031,-7.9674,-3.0183
31.538,19.869,-13.235,-5.6153,8.9804,5.474,8.4692,12.448,11.559,15.637,7.9012,9.7108,-0.030882,0.74436,4.4709,19.311,22.102,2.9753,9.2816,-2.812,-22.205,-13.299,-0.25998,19.892,0.44057,-2.8351,8.0239,5.7925,2.1414,1.7461,1.1759,1.1665,-8.8621,-7.7941,-5.5903,-1.0538
30.759,21.321,-12.545,-5.6985,9.9157,7.561,19.007,21.59,18.502,15.267,8.8542,12.884,0.6339,-6.7832,19.375,22.569,15.563,2.645,13.76,3.4192,-23.443,-21.371,-12.055,11.564,1.211,2.4163,6.0822,-4.1923,-5.116,4.0835,-5.4314,-1.5124,-3.3926,0.020784,-3.5039,-2.5505
31.521,20.274,-10.171,0.031036,16.555,8.7071,12.425,11.538,3.1451,3.4419,7.1241,17.244,1.6136,-0.34118,21.088,4.6036,-7.854,5.2639,-2.8732,-4.6631,-17.281,-7.6136,-9.0165,6.6441,-1.5305,6.7843,0.80432,-9.7161,-4.668,7.3786,-0.39087,4.1437,6.0499,11.808,2.8078,-5.4053
31.494,17.29,-5.3722,4.2728,12.782,4.8673,10.893,13.328,6.1621,9.8412,5.0776,13.903,1.5701,14.254,17.219,-13.379,-10.857,10.432,-16.828,-2.8106,-12.207,13.407,-4.4724,-1.023,-1.3367,8.941,-6.2724,-7.0081,3.633,8.7853,6.8955,7.109,6.8734,10.456,5.0385,-6.0564
31.977,21.714,-6.2773,-8.2992,3.6201,9.4528,11.09,14.247,9.0887,14.543,5.2814,12.523,-8.1513,24.147,9.5703,-11.296,11.972,35.975,22.621,21.021,2.4265,28.351,9.9876,-0.84113,-0.18466,3.6117,-7.576,4.9927,11.929,4.5941,12.18,4.5097,1.8428,-0.83195,1.9274,-4.1208
31.316,27.728,-5.8818,-8.2227,10.954,12.404,11.261,18.83,9.427,16.42,7.5395,14.733,-1.167,25.678,-6.2283,-4.521,23.815,31.216,35.49,26.122,1.0702,12.925,3.6353,-14.976,0.19901,-4.2456,-4.1081,11.841,6.6983,-1.3823,9.2597,-2.536,-0.39127,-11.514,-4.9568,-1.816
27.534,27.129,-5.1306,0.63072,23.454,22.926,23.552,19.297,2.7259,14.328,10.887,16.408,2.0589,12.005,-5.0686,25.139,34.454,17.842,31.868,3.419,-14.706,-11.532,-3.4331,-6.9836,0.1827,-7.737,2.6161,9.1844,-5.7999,-9.5848,-3.4396,-3.9635,3.9284,-13.939,-11.143,-1.3011
33.132,27.421,-9.0597,-2.4527,14.773,13.739,22.407,23.864,9.8786,16.411,4.0924,4.4729,-2.54,-0.90296,3.998,27.607,11.393,12.587,24.846,-6.6894,-5.5973,-24.222,-22.546,-7.0318,-3.3659,-6.1831,7.1527,1.4472,-10.845,-9.1533,-12.108,-1.3819,4.5133,-11.202,-3.3352,6.6605
32.099,27.871,-7.2226,1.3851,18.938,17.707,21.45,13.44,1.5099,8.7815,5.2884,14.161,-6.5513,-1.2475,17.537,18.562,-10.817,-2.6343,10.745,17.61,25.402,-22.768,-32.637,-11.319,-3.95,-1.9445,4.4663,-6.6411,-10.681,-9.0953,-15.785,3.95,6.2219,-0.61333,5.2829,6.136
27.764,26.906,-2.8367,5.2038,18.909,21.307,24.735,18.414,7.2364,7.0822,-0.93425,12.34,-13.692,1.3885,18.232,6.0033,-7.776,-4.312,-14.488,12.117,3.5826,-37.465,1.5615,20.494,0.71603,0.17261,0.81555,-6.3458,-3.3499,-11.289,-20.895,-4.2405,-0.67109,11.369,14.098,4.1315
26.943,26.763,0.52666,6.0834,15.978,17.825,27.761,30.827,16.748,7.6089,-2.9183,6.8154,-12.115,1.1373,10.146,2.7349,-9.3661,-19.185,-27.388,13.766,11.814,-7.9777,10.928,9.9334,5.8465,-0.084045,-2.6875,-2.7708,2.4249,-7.0887,-13.594,-15.826,-10.551,18.889,14.833,-0.30484
28.864,28.67,-3.8182,-1.8002,12.365,11.524,12.008,21.229,4.0507,-1.735,8.9765,18.393,3.8221,-1.2323,11.772,3.7918,-6.0815,-35.582,-60.562,-25.97,-2.1584,25.23,26.16,2.9998,8.8679,-1.7779,-4.1057,-0.20563,2.3428,0.046841,6.3233,-7.9064,-3.6829,18.81,-0.33257,-13.027
25.491,27.557,-1.659,6.2545,17.527,13.006,14.12,18.915,9.0095,9.2012,5.7968,16.102,13.924,-0.35733,7.3305,5.8136,0.46085,-22.443,-34.186,-42.478,-24.483,40.332,29.229,-4.0956,6.4016,-2.8057,-5.8858,-5.2532,0.44897,10.044,17.781,4.0225,-1.0629,3.1469,-7.7692,-13.203
30.401,25.892,4.1419,7.0142,15.094,5.9254,1.2741,11.385,10.027,18.901,7.7882,9.1972,17.628,-6.7539,-0.88853,3.4357,-0.97552,-2.4489,20.528,0.70726,3.3161,32.429,-9.2519,-37.627,-2.3721,-1.3364,-8.4833,-9.8762,-0.84291,16.623,22.077,15.846,4.5046,-11.999,-11.204,-6.2548
33.137,27.973,0.21183,4.583,14.844,9.4024,16.035,14.51,1.5189,17.457,12.29,9.3654,12.99,-10.131,-12.953,-23.353,-9.6743,14.469,20.971,20.54,3.762,4.1567,-10.212,-35.768,-8.0263,-0.27696,-5.5449,-10.546,-3.4815,6.6377,5.6134,7.6004,5.8973,-18.211,-8.0529,4.9067
33.855,25.085,-5.1979,0.75343,13.219,12.101,21.315,23.786,9.4541,10.352,1.1039,2.9472,-7.571,-3.0277,-20.503,-31.006,-5.2285,29.075,22.245,21.751,6.2425,-16.677,-10.141,-12.438,-7.1041,4.0114,-1.1877,-3.7305,-3.9923,-9.6721,-12.298,-10.399,-1.145,-12.551,0.53045,18.049
30.258,22.896,-3.4657,-2.2918,13.628,17.152,14.585,22.985,11.177,15.554,4.0329,1.3429,-13.608,-3.6052,-10.587,-29.694,-14.82,-5.0164,-6.9777,-14.998,3.5404,-26.171,-10.592,7.8431,-1.2213,5.6618,3.3507,7.7071,-3.4203,-19.388,-12.597,-13.425,-2.3906,-7.0116,-1.0141,15.61
28.054,26.917,-4.271,-5.0514,13.088,16.588,13.121,18.024,8.3189,11.514,6.8465,6.9894,-4.5933,10.041,-8.0104,-12.046,-18.364,-41.067,-26.988,-33.518,-2.2983,-15.16,-6.4099,30.811,3.7143,0.86884,5.3412,10.615,-2.0424,-15.23,-9.5863,-7.258,-2.2486,-1.5694,-0.4596,2.4426
29.233,25.254,-5.545,-7.3617,7.4993,4.6508,16.643,9.8919,3.8567,3.7904,4.123,11.266,5.3945,11.644,-2.4463,5.7026,-20.208,-47.4,-17.398,-18.953,-3.9207,-31.66,-17.148,20.656,2.8353,-2.3654,3.5347,7.5459,4.8071,7.5253,-0.02654,6.9334,3.498,6.7276,2.6289,-9.7892
32.071,28.926,-8.1635,-2.7347,7.1011,-2.1817,6.7917,13.573,11.965,8.6538,-2.1462,13.391,1.4992,-6.3081,2.1325,4.3707,-12.746,-25.881,-20.477,-12.561,-1.27,-21.78,-9.1604,-6.6316,-1.8482,-7.0669,1.2998,-0.53704,10.73,25.038,10.171,10.633,5.5372,9.5707,6.2102,-15.248
30.947,27.713,-2.7426,-0.59877,6.517,2.8369,9.0509,15.734,7.3934,1.1537,-0.044882,8.4698,-2.4775,-7.2581,2.0153,-0.17326,6.407,25.017,-10.366,9.1902,20.516,10.777,3.928,-22.381,-5.1488,-5.5581,-1.9929,-5.9898,11.374,23.887,6.1741,5.1343,4.3536,14.221,11.367,-7.1688
27.947,22.533,-4.6059,-6.2475,7.2057,4.554,6.6789,8.8221,5.9156,1.9421,4.3503,5.0716,-9.8982,-15.843,-3.7424,-11.793,21.98,47.912,20.351,5.5758,13.169,11.475,14.103,-23.911,-5.1657,1.9946,2.2071,-1.7702,4.6162,9.606,0.34035,3.122,-0.063769,9.326,12.766,6.1443
30.057,24.821,-6.3161,-5.6919,10.65,13.792,11.516,16.863,17.139,12.535,2.8388,4.235,-14.651,-11.379,-9.4736,-16.164,19.299,35.138,-6.9413,-2.3497,10.628,22.817,28.055,-6.5486,-3.9574,4.3627,8.6659,4.7442,-3.5192,-5.8692,-2.7465,-0.67143,-5.9,-0.13878,4.397,8.7069
27.567,22.451,-8.2479,-6.0849,16.024,16.297,15.735,15.797,13.676,8.701,3.4634,3.5532,-18.243,5.7252,18.913,3.5151,3.889,17.088,-20.488,8.8189,3.3554,18.83,42.606,16.174,0.054815,6.8288,13.248,11.774,-5.4559,-10.729,2.1001,2.4905,-3.1484,-0.24017,-8.0277,2.1196
23.812,22.065,-5.6584,-8.7623,11.757,14.534,1.0523,11.072,8.8268,9.1829,14.426,5.9548,-18.092,3.7713,34.017,15.893,-2.1432,11.083,-3.6796,4.2115,-4.0771,6.4053,11.661,1.111,5.4549,5.2182,8.1373,11.862,-1.1707,-10.649,15.797,1.2489,-1.2287,-0.38284,-18.561,-4.1574
21.948,26.774,4.5215,-2.9547,8.597,12.727,1.6669,16.127,11.75,13.033,19.86,12.298,-7.9034,10.726,40.751,31.047,5.4216,6.2955,29.221,14.748,4.7793,18.48,-17.839,-17.143,7.8587,0.5338,-5.1879,2.3883,3.7732,-6.3701,16.382,-3.7358,2.2647,-2.3943,-15.806,1.1966
23.82,24.545,4.3079,0.6897,13.293,21.118,16.71,18.803,16.064,13.571,0.47143,0.41783,7.4539,12.212,20.294,29.379,12.679,-12.712,47.188,0.93028,3.7724,21.078,-34.529,-10.677,5.9513,-1.1833,-11.598,-6.5593,0.69308,-2.1817,4.244,-6.9072,0.84085,-7.2987,3.2552,13.15
23.611,26.574,7.1446,4.7127,17.967,16.153,22.516,19.305,12.447,15.747,1.5211,-2.2497,8.278,4.1741,-0.16509,8.7136,15.344,-2.8646,35.99,-8.2193,10.754,-0.47777,-13.328,28.051,1.2174,-5.414,-11.663,-11.798,-5.0747,4.658,-11.828,-8.5306,0.099612,-13.734,8.9746,9.041
26.707,28.271,3.1769,2.0936,13.411,6.4655,14.222,9.9478,10.364,18.365,6.3304,7.8903,3.5738,1.1308,-3.5127,-5.7364,-3.6389,4.7546,14.156,-18.841,-2.8601,-20.609,25.682,44.266,-4.5368,-6.4284,-5.4369,-9.0746,-7.8343,9.4394,-14.803,-0.88704,1.3754,-12.772,0.38876,-6.8907
24.644,26.998,5.0045,0.70009,16.21,18.621,20.906,16.445,19.977,10.397,10.266,22.588,0.12379,-10.803,-5.6613,-10.386,-11.793,20.852,-13.404,-18.02,8.5936,-29.344,-3.0712,0.5903,-5.1752,-2.655,-1.7386,-1.2642,-7.552,2.5257,-8.5489,5.2707,-2.3513,-2.8368,-12.973,-19.416
25.091,24.898,3.6216,-0.17222,12.352,22.261,24.593,10.813,10.87,5.9415,8.9398,10.132,-11.153,-12.442,-4.1426,-6.4441,-12.924,22.627,-2.1289,1.3954,11.729,-28.348,-37.714,-31.401,-3.7658,3.1763,0.17333,2.2766,-5.3322,-9.0838,1.3258,10.973,-5.7421,3.8026,-15.141,-10.326
24.481,22.858,4.0916,0.65258,12.601,18.681,10.629,9.8625,16.491,7.2865,-1.3192,-3.0756,-10.235,-2.3145,-8.5431,2.7466,-17.774,0.82755,1.3875,8.0161,-8.2975,-10.792,-46.497,-31.195,-2.4934,6.3468,0.30758,0.056466,-6.3573,-17.477,9.1333,10.43,-9.7212,6.924,6.7465,9.6107
21.212,24.12,1.562,-1.1047,8.7536,17.749,18.296,13.937,17.971,5.7459,-6.7339,5.0217,-10.076,12.768,-1.2052,-0.91958,-27.309,-30.652,13.39,23.008,-23.125,-10.873,-28.313,8.5299,-1.3831,0.34993,-2.2439,-5.6261,-4.6149,-14.483,0.90984,1.4828,-7.1707,7.2591,25.031,13.615
21.466,26.23,1.7627,2.5396,9.1221,21.291,24.748,18.891,12.277,5.099,-5.1458,9.5454,-12.882,8.326,-5.5921,-12.866,-36.387,-39.895,24.504,23.323,-22.585,-3.4619,25.961,28.679,-4.0225,-9.487,-4.9906,-8.505,-2.4533,-6.6223,-10.618,-8.013,-1.5095,3.0729,22.796,3.3935
21.56,29.596,4.1835,-1.5755,0.43668,5.6304,24.228,17.803,1.4142,1.599,-3.3032,8.0867,-16.745,-16.012,-16.838,-26.768,-26.692,-29.427,-9.1379,1.1562,-16.98,4.282,51.214,6.7368,-3.5317,-11.694,-5.8,-4.4705,1.7748,3.9632,-22.544,-16.309,4.6738,1.5487,4.578,-9.3672
17.866,24.283,-0.01514,-5.545,-1.4343,4.7925,19.914,19.591,13.478,7.629,9.9458,9.7313,-27.013,-35.359,-25.68,-26.854,-30.348,-32.896,-40.44,-21.123,-18.917,-3.0048,27.72,-13.331,1.2917,-2.3674,0.634,2.0923,5.0823,5.5048,-22.852,-16.787,3.0665,-3.475,-20.852,-13.776
14.639,17.087,-5.9678,-10.447,0.68563,11.285,16.144,14.165,8.8812,6.6219,11.327,8.2972,-20.669,-23.862,-20.161,-16.278,-21.454,-14.336,-66.856,-36.316,-1.59,-3.3575,-6.3024,-17.301,6.6061,11.016,10.867,10.636,10.577,7.3377,-4.2519,-5.5177,1.8301,-4.3548,-23.405,-4.6024
11.42,14.805,-6.0015,-6.4518,-6.1767,2.0156,8.5705,10.149,-0.91524,1.0851,1.3991,2.7748,-4.4611,0.41377,-0.76029,-7.6498,-13.594,-19.917,-60.895,-41.877,-14.948,-17.017,-49.54,-28.184,9.3355,14.817,14.494,13.73,18.276,14.853,18.127,9.3274,6.8512,1.7722,-0.39696,5.5861
14.449,22.405,-2.9039,-9.2612,-7.9192,-0.149,-3.5278,4.3656,7.8156,3.1922,-2.1811,2.9144,5.0096,21.182,25.038,16.81,17.815,0.77163,-20.17,-16.055,-9.8142,-10.486,-27.181,-8.8486,3.4515,7.5397,12.868,13.801,15.48,13.111,32.309,20.674,9.2885,7.3963,18.206,10.3
15.731,21.831,-1.9273,-9.9626,-3.9289,0.5508,-0.69739,3.552,6.5365,0.83538,-8.0699,-1.6691,6.8253,16.206,24.19,25.251,41.394,33.813,26.851,15.383,19.451,9.4205,36.174,10.373,-4.762,-0.4409,7.3585,8.2695,3.9791,6.6746,25.918,15.94,7.6704,10.025,24.086,14.701
14.989,24.165,4.5141,-0.28638,8.4694,12.403,10.693,9.4359,0.2483,1.5037,2.4712,6.0948,-9.0548,5.9409,31.705,36.275,28.451,24.354,50.815,38.422,27.654,20.405,41.871,14.922,-7.9653,-5.1487,-0.42058,-2.3814,-13.791,-9.2602,5.1476,1.4331,-0.31717,2.1831,4.3867,10.668
14.563,22.028,2.3847,1.6862,6.3262,12.646,14.886,15.305,12.594,6.6396,17.16,6.3712,-21.239,5.8298,32.699,23.965,0.98347,1.6648,33.2,10.583,4.6704,17.663,36.365,33.434,-7.917,-6.2236,-5.8751,-9.6479,-19.947,-15.818,-9.9619,-10.584,-11.527,-8.6586,-20.088,0.70686
10.505,25.277,10.792,3.0522,1.1789,5.9804,14.088,17.7,18.614,10.493,6.1392,6.3554,-20.785,0.62655,18.681,5.5452,-30.936,-29.455,2.3932,-6.4892,-4.01,-3.692,-5.3428,32.961,-5.4587,-10.526,-14.122,-9.55,-10.201,-5.5561,-14.929,-8.801,-10.18,-11.677,-21.656,-8.0486
7.3528,24.19,11.283,0.35058,0.2081,4.5943,14.205,4.7117,-0.31106,5.1725,8.2787,14.917,-26.895,-12.255,1.3266,-7.6238,-28.647,-18.37,1.2521,-15.083,-22.351,-21.824,-40.66,4.8882,2.9742,-4.9931,-10.73,-4.9155,2.1231,3.2717,-7.6647,-0.74281,-1.5065,-4.9873,-9.5283,-11.088
8.2013,23.397,9.4055,3.154,-3.9393,1.7012,12.23,11.488,4.6957,0.3913,4.2406,18.302,-33.52,-37.645,-23.219,4.3198,-7.7379,6.5916,-7.8538,7.2496,-9.7345,-18.238,-27.895,-11.048,6.8464,1.1002,-3.8689,-0.34667,9.0518,7.7281,-0.60385,2.8061,3.0371,2.9208,5.1346,-7.081
2.2674,16.84,3.7415,-2.1767,-5.4382,5.6008,16.441,10.87,8.3771,0.7785,-2.2208,2.8419,0,0,0,0,0,0,0,0,0,0,0,0,0,0,0,0,0,0,0,0,0,0,0,0
-3.7122,10.13,2.9539,6.4757,0.13314,8.773,9.0433,18.246,9.4025,3.5707,-2.5587,6.8694,0,0,0,0,0,0,0,0,0,0,0,0,0,0,0,0,0,0,0,0,0,0,0,0
