30.233,-40.092,35.26,-55.189,21.303,-26.736,4.3518,-7.7098,-5.5645,8.6166,0.72886,28.87,0,0,0,0,0,0,0,0,0,0,0,0,0,0,0,0,0,0,0,0,0,0,0,0
34.963,-40.889,44.536,-55.695,35.742,-27.171,10.457,-12.279,-1.457,7.3388,-6.459,18.703,0,0,0,0,0,0,0,0,0,0,0,0,0,0,0,0,0,0,0,0,0,0,0,0
26.968,-34.431,38.86,-38.984,28.622,-1.179,15.457,-2.072,-3.5345,6.9164,-13.35,2.8277,-8.1067,31.361,23.274,69.084,-0.53624,42.995,46.332,7.16,17.435,-7.8272,5.1068,-37.904,0.60676,6.1017,-5.0162,13.432,-7.4637,2.4093,3.1009,7.4526,9.4898,-4.4767,7.9079,2.9518
29.528,-33.716,48.175,-33.689,32.105,-12.81,22.681,-12.008,-3.243,2.9602,-6.4963,7.2498,-10.312,34.155,-17.494,63.168,-42.817,26.459,21.16,37.414,33.402,-8.1405,27.473,-12.832,5.2105,-3.8915,-6.8679,-2.0932,1.2512,-4.3554,-8.7771,3.4721,6.6774,-2.672,6.5056,9.8572
28.898,-27.998,45.077,-31.65,22.853,-12.419,21.406,-4.2654,4.0458,6.8923,3.3009,15.644,8.1898,13.431,-16.334,35.575,-15.91,-1.1832,4.9245,18.556,30.748,-18.313,25.803,21.175,7.7114,-16.028,-5.631,-21.983,8.8888,-10.762,-23.451,-1.919,-9.1508,6.6039,-1.1619,12.46
28.843,-27.028,32.68,-27.777,17.218,-8.3215,18.062,7.5251,11.454,3.2806,-1.048,5.8781,17.904,-10.492,-14.535,6.2885,13.943,0.31239,-23.182,11.663,26.73,-8.1171,22.18,19.747,5.7231,-18.845,6.1186,-24.377,12.08,-8.0406,-19.821,-2.3651,-25.768,15.751,-8.1479,7.2193
31.405,-31.06,38.441,-24.152,28.111,-4.015,20.228,-2.5604,4.4911,-2.4005,-3.1731,14.101,16.342,-26.458,-6.3602,-12.389,15.528,2.2614,-48.754,10.441,-24.983,25.181,1.9442,8.1067,-0.11559,-6.718,3.5823,-16.295,-8.812,-1.7346,-13.587,10.102,-29.14,15.717,-14.336,-4.8987
37.226,-37.432,44.226,-34.294,36.448,-16.856,11.679,-7.0289,9.8994,3.548,7.8307,17.895,14.227,-40.128,8.1118,-34.733,1.8648,-15.466,-51.107,29.646,-67.572,48.867,-1.3369,29.798,-3.0714,6.3457,-2.6536,4.6735,-19.582,7.0977,-4.9223,10.102,-22.142,1.0985,-20.013,-13.637
32.877,-36.025,36.124,-34.587,21.002,-7.0208,0.22042,8.2321,-7.6686,19.349,-0.16631,13.689,9.4503,-5.3413,-9.746,-25.39,-53.931,-1.967,-49.046,60.075,-67.799,31.781,-34.118,-8.3447,1.6439,8.1286,-5.2296,16.671,-3.4036,10.935,5.5135,0.29301,6.4991,-12.759,-13.932,-15.879
35.22,-44.609,37.894,-39.927,21.705,-14.552,2.5129,16.952,-16.252,16.839,-3.2198,20.983,5.9929,10.678,-26.11,36.157,-49.236,37.915,-47.647,37.356,-62.572,-5.9248,-59.855,-40.215,4.9232,4.1277,-6.5091,17.424,18.807,11.713,12.018,-13.535,30.073,-5.9458,-3.201,-16.605
37.133,-30.142,36.733,-34.031,8.5172,-6.1507,0.28818,15.487,-16.333,6.8443,-14.707,8.3844,28.679,-11.217,-15.397,35.521,24.06,30.247,-22.917,8.051,5.0126,-11.219,-38.458,-36.279,3.8158,-5.1829,-0.14809,3.832,32.421,-0.14159,16.408,-19.473,35.683,9.8552,15.044,0.58731
38.094,-35.034,30.866,-16.493,18.073,1.6664,-12.179,8.0221,-17.054,6.838,-14.827,0.43958,29.229,-16.552,-21.608,21.929,56.902,26.992,-4.0822,-12.019,46.387,40.638,-15.172,-39.26,-2.4369,0.22294,6.0506,-14.571,9.9808,-16.089,22.115,-7.9408,27.994,16.534,24.119,15.617
45.78,-46.421,31.939,-28.543,34.848,-0.0064176,-3.8921,16.723,-4.7611,18.74,-13.592,5.8215,16.911,-17.641,-12.738,0.88318,55.108,2.7865,11.213,-12.605,56.138,57.775,18.758,-5.8859,-13.742,12.91,4.0651,-12.069,-23.986,-16.986,18.256,-3.0781,6.5443,-1.4861,19.088,14.796
45.512,-44.745,29.487,-31.706,36.99,-4.1277,2.562,10.325,1.1559,31.21,-11.363,2.6347,-0.30786,15.005,2.8129,-19.381,-14.856,-28.799,45.864,7.9801,51.837,42.249,32.131,22.675,-15.365,12.221,4.0371,-7.5214,-30.046,-12.13,14.038,-5.6995,-9.3407,-35.832,8.8566,5.7549
41.88,-34.107,31.054,-25.983,26.612,-1.8604,-1.4756,8.0328,2.631,23.546,-7.0594,4.3439,-25.264,37.552,-7.2823,-4.167,-59.992,-26.79,43.389,-17.339,35.009,-19.455,33.332,6.7312,-9.6962,2.6372,1.3017,-4.0106,-11.17,0.33137,8.4226,-11.929,-14.243,-45.191,-5.3751,-8.9789
39.89,-33.689,32.715,-27.464,14.763,-11.806,9.5449,16.357,5.1679,25.559,-2.0275,12.516,-26.509,16.955,-4.1503,-13.153,-35.777,-18.87,50.022,-38.149,10.248,-99.909,21.824,-16.794,-1.792,-6.8976,-4.1134,-0.64855,13.39,13.892,-3.9351,-15.359,-12.177,-32.292,-12.879,-11.91
35.958,-33.173,26.684,-32.748,15.966,-9.562,14.311,5.0369,10.738,11.838,-1.5936,4.2465,-18.469,-5.4303,-2.7474,-22.284,9.7182,-0.52092,51.247,-49.185,5.7184,-97.098,-2.9642,-31.046,6.495,-9.4841,-2.9098,-3.9008,20.362,5.3911,-5.6942,-1.656,1.8197,-8.4336,-11.629,4.6795
35.218,-36.735,29.597,-34.9,24.425,-9.7121,19.68,-7.2518,2.2268,-12.89,-3.1842,-5.7136,-12.666,2.0079,-20.021,-13.565,17.239,27.529,22.259,-52.891,5.5967,-80.391,-14.117,-17.985,8.6339,-4.4345,-3.6307,-2.2505,6.57,-9.7747,-8.6234,13.618,22.056,18.394,-1.7537,26.212
34.982,-35.299,31.24,-33.406,26.64,-3.1679,19.08,-4.7553,6.9607,-5.7786,-7.9632,-2.0641,0.28912,-2.3954,-13.896,-23.465,15.313,-23.034,28.799,-18.248,46.434,-71.382,-6.8442,30.724,7.9194,-2.0226,1.9023,0.74902,-7.197,-22.863,-12.381,23.263,16.236,23.051,5.5861,33.906
34.046,-31.622,20.427,-33.917,18.046,-1.2387,18.29,-5.1924,9.8546,-5.828,-5.9011,6.6788,7.2819,-6.7355,-16.73,-23.815,-5.724,-56.487,18.129,14.474,100.17,-20.795,14.996,83.379,6.6377,-2.8647,13.09,4.2031,-9.8959,-17.919,-13.919,23.668,-6.5878,32.31,4.368,20.373
36.689,-36.927,24.321,-44.972,26.812,-25.315,29.405,-5.1168,30.141,-27.384,-3.6573,13.412,11.154,-11.171,5.1182,-13.414,-14.785,-72.825,-8.5943,33.447,39.61,-11.641,10.41,87.804,4.0898,1.691,14.327,13.862,-8.8319,12.836,-21.157,14.668,-39.573,39.292,-1.8331,-4.0165
38.005,-39.289,24.691,-41.025,21.477,-26.882,23.582,0.16569,40.723,-12.485,2.1607,28.238,15.09,-7.9275,35.923,2.4244,-17.191,-37.169,-28.637,39.601,-23.93,51.288,-0.9041,55.34,1.9555,4.5456,8.3402,14.578,-2.6515,33.077,-14.557,5.3762,-53.375,22.213,-6.5498,-29.111
38.579,-37.051,31.666,-36.559,17.532,-26.759,12.137,9.2894,11.332,-8.2711,-6.7889,31.059,16.834,6.6554,31.414,32.725,-23.113,31.49,-53.601,42.527,-89.382,89.037,-8.0599,24.661,-0.11907,3.5599,-8.2995,11.266,0.31374,43.89,-0.66202,-5.3199,-25.329,5.6945,0.60494,-39.08
40.646,-35.524,34.716,-36.911,14.09,-19.102,12.606,7.4048,7.2938,10.259,-4.7874,25.526,14.22,7.0793,11.823,26.008,-14.818,56.738,-32.154,36.815,-102.21,39.933,-8.5182,-30.604,-1.0867,1.2159,-17.741,4.4567,2.0587,38.915,4.3968,-4.6467,-1.5232,-18.721,4.8108,-40.143
43.786,-35.482,35.016,-30.666,18.949,-13.461,8.0931,12.527,2.1642,5.7624,-4.2132,27.099,10.994,-0.87513,-24.33,31.126,-14.403,99.671,-10.146,8.2407,-47.896,22.509,17.242,-64.622,-1.4179,-0.12983,-10.505,-1.4079,-1.4276,18.123,6.3637,1.9897,16.282,-23.929,-0.54515,-33.248
42.512,-36.534,28.928,-30.968,13.36,-5.162,9.5265,16.954,-5.797,0.46504,-3.3863,14.915,12.577,1.9173,-24.912,25.507,-11.253,123.32,-28.381,33.51,-52.289,-9.0526,10.499,-100.73,-1.2156,1.5709,3.4693,4.9052,-3.364,-7.9263,-2.2023,5.5988,22.868,-9.9225,-3.8791,-4.7481
43.143,-36.984,22.396,-23.968,10.696,16.107,8.6037,8.635,-6.0707,7.8805,1.1316,4.053,10.566,8.5873,-2.742,25.936,-32.034,88.817,-23.669,54.128,-32.929,-6.1146,-20.294,-106.52,-1.5168,2.3153,12.942,2.0033,0.10167,-36.152,-1.1073,6.9937,19.957,-3.6723,-6.9651,26.548
47.256,-33.814,28.57,-27.506,12.59,27.773,-1.84,26.106,-14.733,4.6742,-2.2103,-13.317,8.3559,10.203,18.376,53.129,-22.823,22.534,-36.404,41.865,4.6502,4.6319,-9.1455,-33.397,-3.6961,-0.5158,3.5986,-5.5167,6.8028,-45.587,8.458,-19.552,24.112,7.6111,-3.9085,49.135
46.697,-32.548,33.824,-19.429,3.3169,14.48,1.9417,35.015,-9.8322,0.60058,-14.948,-12.044,5.5208,6.5587,18.734,27.332,-8.1097,-30.697,-11.67,39.032,23.421,-2.695,-7.761,34.45,-4.9917,-2.5494,-12.214,-19.282,15.004,-29.21,12.155,-37.947,18.728,9.7453,-3.9856,43.879
44.913,-33.65,32.401,-6.6726,5.6378,6.9182,-5.3445,24.697,-1.5911,6.4209,0.080898,6.2653,-3.3811,0.35257,-17.657,-2.7737,10.8,-44.863,7.91,-56.702,40.098,27.293,-15.31,74.462,-5.7452,0.18289,-16.791,-27.777,9.9341,-8.7663,20.108,-31.607,9.4653,9.6623,-11.886,16.988
47.075,-33.786,29.847,-20.719,10.117,11.185,4.5209,28.855,-0.93138,5.6596,-3.8946,11.487,-8.524,0.76524,-45.794,-42.523,26.175,-23.536,14.95,-86.325,42.988,31.281,-37.14,58.947,-6.9968,2.4144,-7.335,-10.708,5.0716,2.9818,12.741,-15.499,-1.0981,5.8641,-5.838,-3.4248
45.376,-33.019,21.73,-28.248,14.59,6.9884,0.82535,0.835,0.86493,15.791,-15.392,12.149,-13.348,14.014,-33.315,-50.83,9.7056,-24.879,50.828,-53.49,42.193,35.955,-53.885,39.297,-6.8291,-0.48874,7.9055,4.3915,-4.5564,4.7852,2.0134,16.834,-11.651,-9.2802,12.5,-9.5094
42.203,-32.481,16.263,-29.902,11.929,2.6775,6.3315,3.7838,10.434,11.556,-25.782,14.488,-24.48,11.8,-10.112,-2.1787,17.795,-25.781,30.575,-40.069,16.882,22.294,-17.663,34.909,-4.9472,-5.8028,17.695,12.504,-8.4476,3.2589,-12.639,23.647,-22.438,-17.331,26.136,-13.467
40.675,-27.296,22.536,-27.496,9.585,-1.2672,19.164,10.488,13.823,21.45,-15.918,24.413,-29.549,-7.6085,4.0294,-0.98852,-7.7925,-19.815,10.165,4.3393,-5.1069,-14.615,37.45,38.934,-3.0537,-7.5648,16.61,7.5084,0.75057,-1.6935,-20.86,15.116,-17.056,-22.896,18.105,-21.554
37.186,-30.748,24.388,-22.184,21.518,2.4229,10.639,3.9944,1.0309,13.977,-12.463,22.809,-25.16,-17.437,24.009,-4.9231,-7.3136,-9.7732,-27.913,2.9957,-45.552,-30.089,47.874,-8.2049,-1.3469,-6.7351,11.556,-2.2105,8.0434,-8.9702,0.5788,10.029,3.6,-12.669,-1.5335,-24.957
33.111,-37.69,19.682,-32.602,5.8992,-2.7917,3.7541,2.8993,3.0129,7.2733,-3.3265,27.456,-28.276,-9.1911,32.675,-11.916,26.013,-41.35,-24.226,0.5583,-11.869,-52.333,3.8704,-46.915,0.19053,-7.5042,10.531,7.7142,23.464,-13.757,20.056,5.203,22.501,1.4534,-17.999,-21.201
33.405,-36.003,29.694,-29.811,10.115,-1.4469,0.080155,9.0759,-6.9375,3.6001,-8.1408,8.8643,-31.85,-21.084,33.346,-7.7672,41.11,-59.864,50.664,11.965,38.263,-22.192,-8.5409,-46.95,3.0818,-10.055,4.3934,13.538,21.273,-13.557,24.683,-0.61593,27.033,2.2477,-18.189,-4.4582
28.427,-29.264,36.22,-29.641,28.293,-20.007,12.331,8.2263,11.873,0.47213,-16.144,7.9279,-25.251,-43.306,52.017,39.005,85.313,-63.554,71.158,25.87,65.488,-11.296,-24.336,-47.696,7.4879,-2.1313,-8.6113,12.208,-5.9685,2.7432,-1.6101,-5.2763,-0.34696,3.9285,-3.4327,7.1909
23.602,-45.503,32.792,-27.548,30.876,-18.901,31.682,7.3133,15.733,6.2817,-10.325,9.0982,-11.264,-50.657,36.305,37.305,69.4,-66.456,47.808,-12.74,50.934,-39.369,-28.97,-30.105,9.1485,14.483,-10,-0.89342,-20.177,11.955,-30.241,-6.3796,-19.631,6.9049,9.7627,12.886
25.387,-54.593,44.142,-14.231,38.175,-25.841,23.532,16.716,24.422,0.28431,-14.402,3.4907,-1.1301,-5.061,-11.862,26.588,-17.975,-24.338,-30.848,-13.471,-19.939,-24.102,-3.0785,-19.382,4.0822,21.922,-9.1425,-20.392,-24.225,21.416,-30.488,-1.5779,-28.671,20.57,22.506,21.861
29.294,-48.667,43.886,-18.864,39.874,-31.758,18.384,-1.5385,12.255,-15.991,-23.497,-3.9697,1.8317,32.208,15.283,-6.0258,-8.1311,-19.697,-49.54,-0.26329,-17.178,18.736,29.644,3.3214,-1.9284,12.716,-1.1479,-23.579,-13.998,26.041,-17.569,8.8703,-25.264,30.218,22.001,21.87
25.016,-30.212,24.742,-20.689,14.807,-25.748,3.5559,5.9167,3.6416,-0.44289,-11.097,4.7707,-11.388,24.871,16.815,-41.292,2.953,20.145,-32.607,11.742,-43.811,62.501,58.889,44.894,-0.73475,-6.3484,6.2509,-20.196,1.7227,16.099,3.5682,-3.8334,-9.5438,5.3546,6.1935,11.908
24.703,-41.59,50.133,-27.332,38.494,-28.797,16.9,12.581,17.534,16.013,2.8446,10.119,-15.777,-2.0417,16.227,-46.649,-11.053,41.51,-39.156,19.005,-63.449,68.421,50.052,47.106,2.9326,-8.5933,-12.094,-13.622,-10.144,7.4297,9.7308,-21.438,0.49042,-21.975,-7.6623,-5.6724
21.988,-45.696,49.425,-30.642,40.341,-17.25,7.9698,15.527,-0.12314,15.533,1.8713,18.894,4.0005,-19.678,18.921,-54.079,-7.9003,25.552,-18.199,-42.272,-44.523,-22.172,17.685,18.266,7.2517,0.0622,-21.138,-9.2824,-14.922,-11.027,12.854,-32.619,20.39,-32.004,-13.143,-20.812
22.919,-41.946,39.658,-37.212,21.58,-15.253,-3.4013,3.1591,-17.587,10.232,-4.9555,12.522,8.8007,11.516,-46.242,-67.744,-53.422,14.748,-8.0899,-80.444,-14.37,-48.801,11.934,-11.726,5.6359,6.1155,-17.561,-4.5734,-3.0556,-24.072,19.762,-25.132,32.53,-23.58,-3.1698,-15.265
27.909,-39.873,39.44,-42.789,19.314,-19.744,4.6073,-10.509,-1.0596,-8.6383,1.6451,12.702,12.582,18.403,-57.642,-77.156,-50.472,-21.61,16.128,-101.63,33.599,-38.909,12.231,-29.75,-1.01,4.5323,-5.1025,5.9526,11.598,-21.678,13.371,-2.7981,22.704,6.6681,9.1111,1.0875
26.143,-38.743,32.005,-55.131,22.297,-20.175,14.537,-14.623,10.817,3.6984,8.9248,7.3514,8.1118,9.4949,-33.296,-57.977,-5.045,-55.272,42.49,-76.977,60.141,-41.111,36.93,-5.2096,-2.9518,-0.78221,16.282,22.116,20.939,-5.8736,5.4507,19.309,4.9616,21.977,7.6922,12.823
26.667,-38.096,24.431,-60.26,14.747,-25.593,7.0648,-26.395,2.4742,-0.65502,1.0465,6.6035,-0.70504,3.9942,-13.065,-29.199,25.899,-47.83,23.364,-57.996,31.743,7.3236,50.743,20.445,-4.0149,1.7579,21.433,31.129,12.007,17.848,-1.8946,35.456,-9.7369,24.871,-5.4078,12.938
27.596,-38.087,30.515,-57.464,21.341,-39.964,16.615,-27.386,10.716,-14.315,13.809,12.966,0.68519,14.81,12.88,18.857,13.087,-1.51,15.546,-5.7124,11.366,37.97,31.139,27.29,-0.54227,4.177,14.353,23.157,-3.5866,29.941,-7.992,32.491,-11.899,16.362,-23.988,1.0889
26.83,-38.204,33.653,-56.222,32.741,-33.765,15.25,-33.125,14.862,4.0302,24.574,20.117,-3.7792,24.536,26.436,40.073,0.49803,40.75,20.127,40.02,9.3014,45.905,-11.913,18.688,2.2261,2.8474,4.952,10.098,-8.7122,18.412,-2.4096,25.339,-2.9562,-11.232,-28.554,-7.635
26.405,-31.284,33.834,-47.722,19.843,-16.844,18.217,-14.114,10.306,20.341,12.73,14.239,6.9375,20.109,18.717,23.171,-10.277,50.145,4.1485,36.47,11.865,21.41,-51.682,1.1134,0.34977,-5.2963,-5.0253,-6.1182,4.8242,-5.5395,3.5971,3.8742,6.2784,-27.561,-12.657,-8.3182
25.373,-29.229,35.989,-45.095,15.744,-16.778,16.328,-13.021,7.3301,4.9696,-4.371,15.311,7.2993,15.581,8.7773,19.132,-5.9801,18.401,17.015,47.608,16.712,-40.556,-50.616,-4.6417,-2.8077,-8.7291,-12.04,-13.271,10.851,-20.611,8.336,-4.193,10.937,-18.434,11.562,-7.033
31.793,-32.52,38.705,-51.442,24.701,-23.385,18.151,-19.203,20.415,-4.0795,2.4406,15.926,-3.1052,-7.1948,-3.4165,-1.2641,40.447,-18.033,35.087,9.8644,39.053,-56.605,-12.796,-2.6363,-9.9827,-5.4427,-11.044,-10.126,5.4833,-20.022,6.8469,-5.4166,4.9691,2.6083,16.406,-9.1232
27.785,-29.795,35.606,-44.796,27.323,-21.294,23.791,-6.7764,18.164,-4.0374,4.4116,16.953,-12.796,-5.4581,-22.695,-14.065,29.389,-28.214,46.338,32.358,50.394,-7.2573,26.456,-14.602,-10.093,-1.6505,-3.9373,-10.329,-1.9377,-13.166,-3.6629,-15.249,-8.2935,19.117,5.8346,-3.8103
23.646,-34.599,32.317,-48.504,34.277,-23.603,32.029,-12.305,24.415,-3.458,1.941,12.1,-32.928,3.415,-20.769,-10.861,-0.5457,-26.659,23.721,17.012,19.869,17.803,-8.1872,-39.523,-5.1349,2.5798,2.5573,-7.9752,-7.3196,-6.2367,-11.533,-15.496,-28.315,13.441,-10.572,1.1851
23.049,-30.919,27.836,-53.597,25.651,-30.776,32.558,-0.29154,30.527,1.0301,9.1069,9.9231,-28.256,2.0239,-2.2333,-27.714,4.8274,-43.118,4.3833,-32.21,-15.164,17.824,-23.747,-5.2498,0.73995,-1.2909,7.0367,-3.4596,3.8321,-3.8445,-10.724,-21.88,-37.918,-4.6274,-14.648,7.571
17.697,-30.251,32.206,-52.472,25.264,-31.974,25.628,-13.939,24.168,2.2881,-4.0006,-0.32017,-21.05,1.9633,-0.86098,-34.316,16.129,-41.765,-1.5986,-35.33,-69.745,-1.9414,-40.553,-1.3867,7.2903,-4.4622,4.2725,-0.021837,10.346,1.7828,-2.2136,-8.8567,-23.785,-11.688,3.3331,11.824
16.631,-30.957,34.546,-56.669,34.243,-38.667,29.183,-22.064,10.706,2.0016,-4.4912,20.538,-15.036,-11.187,2.5345,-19.635,40.212,-39.884,5.3772,-50.871,-94.391,-20.522,-30.602,4.185,7.2546,-4.491,3.5553,8.2839,1.572,17.022,0.66689,11.498,6.2678,-5.8733,12.27,0.67193
16.33,-33.598,28.532,-64.126,38.046,-40.539,32.917,-19.084,-0.5466,-4.9144,-11.537,6.0992,-3.0868,-12.291,-1.7898,-15.009,33.494,-19.362,12.157,-17.94,-59.442,-21.463,11.906,14.878,4.9896,0.29688,7.81,14.573,-12.165,30.647,-1.9066,24.65,27.707,9.288,11.428,2.4482
16.215,-34.838,30.94,-57.587,39.366,-46.436,31.602,-23.155,-4.3111,-5.6297,-2.4263,8.8059,-0.9644,-13.304,16.007,4.0524,4.005,30.79,0.8401,16.587,11.024,-1.7818,11.373,-10.023,0.79054,4.5992,5.3616,12.865,-21.848,30.191,-10.993,24.136,25.857,16.433,-3.9964,-0.20966
16.362,-34.455,33.114,-59.517,39.45,-37.771,30.497,-22.364,1.9555,-4.6278,0.91989,12.985,-3.1377,4.5064,31.453,26.708,-26.594,76.135,-8.8629,54.193,16.084,35.128,-4.3999,17.958,-0.062721,-3.9665,-1.5925,5.3292,-15.2,9.6798,-20.15,10.164,4.8325,19.902,-17.729,2.9812
16.133,-37.181,40.258,-56.947,35.544,-24.657,30.813,-12.13,14.967,0.96735,-5.0329,12.084,-11.057,3.4109,12.721,23.833,-38.984,63.324,-39.077,33.743,-2.8705,33.345,-42.432,1.5966,3.7778,-17.258,-12.176,-8.4172,0.25129,-22.616,-19.975,-4.6502,-16.049,15.49,-13.563,6.2904
14.802,-30.174,39.599,-51.092,26.66,-13.361,28.88,2.5005,-2.1436,9.3512,-12.433,13.439,1.6461,-40.481,-8.1093,1.747,-21.012,12.77,-68.634,24.303,-28.332,60.483,-49.839,23.974,7.8107,-27.332,-15.285,-21.857,10.607,-43.261,-9.7551,-14.29,-12.204,6.93,2.2018,2.0052
11.466,-35.274,34.058,-49.883,26.269,-26.978,12.872,-18.716,-3.6967,4.0535,-16.965,9.3772,15.532,-77.099,-25.092,-25.554,2.4705,-50.606,-69.15,8.2815,-47.012,62.991,-33.724,18.421,9.7244,-16.138,-5.4819,-24.475,12.736,-34.166,8.41,-10.292,-1.1063,1.8138,21.34,5.0136
19.519,-55.649,32.159,-62.175,33.581,-30.225,5.1504,-6.9197,-2.8789,24.071,-18.033,26.326,22.621,-91.897,-26.067,-57.887,5.7124,-83.207,-42.602,-4.5269,-22.863,54.955,2.2553,19.572,1.1997,18.644,-1.6068,-3.4317,-3.7191,-6.2857,14.097,-12.816,9.7704,-11.201,31.196,-1.7499
21.541,-62.992,31.432,-64.182,33.318,-41.528,8.1022,-3.2791,-8.1715,25.103,-19.095,14.851,27.077,-51.573,-5.7091,-68.727,11.334,-59.516,-10.043,-3.3016,-11.136,45.178,38.221,28.866,-6.9591,40.243,0.77279,18.09,-14.419,21.959,11.376,-11.829,12.374,-14.418,26.754,0.95456
21.075,-62.263,27.878,-72.886,25.991,-47.69,9.9634,-7.4813,-11.338,26.304,-10.241,20.488,1.8723,39.977,-25.835,6.1752,-44.039,-14.204,-27.703,-33.988,2.5819,13.384,70.169,10.002,-8.7112,36.38,2.5935,30.135,-9.0319,38.098,9.8813,-0.77432,3.6233,-12.725,10.431,-0.73966
24.227,-57.753,33.344,-78.891,35.731,-48.004,5.4437,-20.086,-5.0355,25.526,-1.751,26.729,-8.8886,58.18,-21.345,32.864,-44.751,24.689,-19.721,-36.134,2.1344,11.686,66.087,27.979,-4.3112,9.2946,5.2565,23.581,7.4582,33.027,11.031,9.57,-0.58874,-6.9198,-9.0301,-2.3621
19.112,-38.28,18.286,-51.733,10.355,-34.089,-7.3716,-15.511,-3.156,30.552,8.3793,25.388,-2.952,35.127,-5.282,41.991,-11.405,65.181,11.644,8.0176,-11.382,8.0768,40.477,16.317,3.347,-20.015,10.294,-1.0915,29.593,18.416,16.068,21.28,4.708,1.1497,-21.212,-1.9394
18.078,-45.894,25.556,-58.327,18.761,-35.984,6.9091,-17.331,-11.195,28.822,4.6385,26.391,7.9333,-2.6749,10.297,31.27,32.308,65.926,25.44,23.545,-7.0979,13.233,7.9166,13.898,3.7281,-18.346,3.23,-4.1264,21.818,6.2047,8.8534,24.281,14.465,0.12289,-21.79,-10.195
22.673,-50.629,29.131,-62.173,28.774,-21.11,15.052,-4.8497,-13.949,28.694,6.8026,28.816,10.196,-29.671,9.817,1.5144,65.397,57.257,30.059,42.57,30.738,18.359,-6.8063,7.3454,1.6489,-7.0813,3.0359,-3.6285,6.9645,-11.693,4.5229,10.223,17.949,-7.2625,-21.165,-12.996
26.412,-52.916,33.07,-58.036,42.676,-21.531,6.9516,-13.644,-3.1879,33.071,2.9956,31.965,3.1778,-1.153,-12.744,32.47,25.937,59.674,15.338,67.997,53.398,7.159,-19.223,-18.511,-1.0976,5.8912,3.593,-2.0638,-9.6692,-14.561,6.6343,0.57496,5.3649,-14.698,-16.107,-8.5013
20.043,-49.604,19.438,-51.121,31.096,-12.687,7.6367,3.9305,8.2094,37.606,5.7975,26.274,7.6704,-1.0404,21.418,23.248,26.604,9.8398,39.309,36.906,48.114,-25.199,-51.779,-32.459,2.0287,9.9865,7.1992,-2.305,-14.412,-21.724,1.9993,-12.754,-13.004,-12.681,-6.3,1.6234
20.982,-46.983,24.031,-47.618,30.568,-10.358,18.286,12.277,4.4247,27.946,-4.4704,18.406,3.708,12.465,22.461,10.084,3.3586,16.83,53.986,29.252,11.039,-38.479,-50.132,-8.7061,3.6878,4.6326,2.597,-8.3494,-10.634,-23.666,-10.452,-20.121,-19.297,-0.16522,11.498,14.006
29.224,-54.116,44.36,-55.758,48.129,-21.776,29.04,0.64302,6.3017,18.658,-15.354,19.365,20.075,13.452,28.21,1.1822,4.6236,-29.942,20.731,-1.826,-13.103,-22.226,-22.852,10.56,-0.21928,7.0104,-12.734,-2.8544,-17.067,-10.587,-28.454,-11.31,-15.528,9.0558,24.099,13.084
23.676,-44.428,31.839,-50.675,35.838,-8.5712,23.243,2.6264,3.2853,23.306,-11.494,31.066,15.415,14.764,-3.1553,1.7567,-16.243,-38.763,-27.634,-13.242,-12.479,4.8467,23.806,30.009,-3.1738,1.9409,-11.267,4.147,-11.31,1.623,-22.296,-5.1422,-5.5735,6.7847,17.113,-2.6868
28.733,-44.156,29.639,-49.001,30.773,-28.551,15.524,7.8429,2.2275,28.813,-2.1164,25.224,0.72071,32.862,-29.445,13.14,-48.933,-15.297,-62.149,1.6043,-17.766,-1.5826,31.749,13.603,-8.5939,-6.9806,-0.033439,3.9856,-4.0342,19.515,4.1855,6.1141,4.0734,1.2688,0.24974,-11.054
28.935,-44.581,29.814,-50.118,31.125,-26.352,11.227,2.0564,0.22248,25.291,0.81376,30.481,-2.4839,12.465,-5.047,24.841,-26.415,17.622,-16.051,1.8262,-14.498,-14.878,8.1312,-23.662,-6.6381,-14.555,14.139,-3.4855,3.1982,10.39,17.701,8.7173,10.203,1.3341,-8.6524,-7.4258
26.955,-37.608,30.65,-49.467,26.02,-20.534,3.9733,1.7301,-1.0498,16.874,-5.6335,26.459,-13.945,-20.302,28.989,9.568,-10.461,39.443,35.867,21.211,8.2731,-6.02,-13.766,-17.873,-1.3575,-14.098,13.814,-8.6279,8.0156,-7.0993,11.37,-2.795,11.745,7.1747,-4.1239,5.641
23.323,-41.469,28.81,-38.022,25.007,-3.7687,20.993,6.5958,-2.3251,21.837,-5.6703,18.618,-10.443,-31.43,38.323,-13.885,-19.487,-14.183,11.861,20.541,25.517,13.736,3.3011,8.6178,4.2922,-1.0657,3.1266,-8.6166,7.9169,-17.74,-13.886,-16.944,5.4729,3.736,2.0339,15.878
24.566,-55.863,44.635,-50.265,28.601,-20.121,28.574,16.179,7.6378,27.53,-5.7574,22.219,-2.0871,-15.682,17.939,-10.637,-12.318,-34.89,-19.255,-21.728,20.954,19.984,13.544,25.669,8.3537,12.497,-5.6945,1.4615,6.1684,-13.942,-20.993,-24.781,-4.0779,-5.5451,-0.40772,9.7836
24.908,-51.169,41.983,-56.661,20.09,-33.65,4.8567,5.1029,8.637,26.831,2.5262,36.91,13.048,4.8266,16.111,-8.1397,14.098,-33.911,-57.919,-61.426,6.5259,-9.1999,4.6455,33.957,6.1185,13.655,-3.5229,11.883,6.1772,3.4478,0.30911,-10.97,-10.211,-12.672,-14.147,-7.1066
25.119,-40.599,33.033,-45.466,22.319,-23.039,2.4138,-8.3875,3.9463,24.369,-2.9596,30.147,16.078,24.057,11.622,14.003,3.5879,-20.401,-34.208,-61.712,-2.6208,-22.278,-16.477,18.376,-0.11598,5.3153,-1.5349,11.825,-2.598,10.372,14.456,11.832,-11.786,-12.408,-15.975,-19.451
29.571,-46.687,42.667,-44.492,35.197,-19.266,5.1136,-11.834,2.7837,18.818,-4.7465,31.632,11.067,16.977,23.866,33.212,3.4453,-4.1887,20.883,-14.314,-13.751,-28.494,-52.423,-23.269,-4.1532,-2.1842,-4.2977,6.7828,-6.1327,10.454,15.571,19.536,-11.191,1.3408,-9.4292,-24.39
30.273,-46.075,50.105,-49.348,22.841,-37.514,11.342,-6.2093,9.2541,20.398,-10.359,34.046,-1.6767,4.8195,6.3863,27.814,-19.982,2.1074,13.626,13.878,-27.838,-32.41,-37.795,-42.973,-2.5157,-7.5176,-7.4833,-2.3296,2.6116,11.679,1.7353,12.409,-9.5269,9.4837,4.8344,-14.65
27.864,-39.942,45.38,-38.114,21.552,-28.506,10.834,-3.1432,-0.89259,14.569,-19.985,23.326,1.1588,3.5246,-2.759,18.868,-4.7802,7.1039,-3.9803,-1.5386,-36.819,2.57,-31.841,-57.319,3.1957,-7.1414,-8.9963,-13.414,6.7793,6.6483,-6.2986,1.8426,-1.8739,17.659,18.146,5.7895
25.134,-41.562,34.869,-34.748,19.151,-17.364,6.3668,-5.7938,-8.1345,10.288,-14.238,12.814,8.4533,-6.8045,-12.481,9.5266,20.759,32.345,-13.1,-6.0528,-38.721,9.6086,-2.5958,-37.849,7.2233,-2.2875,-6.4033,-12.273,8.8893,6.2409,1.3409,7.1819,6.4856,15.648,14.515,14.581
32.72,-47.181,48.905,-42.358,34.653,-25.789,5.611,-12.811,-6.9317,25.157,-18.728,13.588,21.981,-12.918,-11.681,-24.714,16.971,13.934,2.7527,4.8647,-17.679,38.789,20.709,3.1171,4.872,1.901,-5.7588,-6.0769,-1.4652,9.4888,2.7364,22.07,12.002,6.6878,9.5553,13.011
32.072,-45.857,42.102,-42.463,26.671,-22.7,7.4037,-4.4018,-7.087,19.908,-12.286,19.99,24.029,1.6034,-21.169,-11.762,13.589,29.897,16.964,46.586,-4.98,27.72,8.5043,-0.28359,0.48629,5.4195,2.8416,-0.59759,-4.2728,2.303,-3.1723,18.439,11.906,1.9838,-2.3993,6.902
35.385,-44.254,35.924,-46.613,26.278,-18.872,11.692,-1.4068,-10.256,29.154,-10.606,21.296,17.731,8.8258,-27.209,-0.87144,-8.5212,55.772,-5.3303,82.49,6.3199,26.953,10.385,-11.047,-7.078,6.7352,5.7864,7.6328,-6.0837,-3.6769,-10.193,1.5082,9.421,-9.1499,-6.1008,3.3808
35.816,-42.224,30.775,-38.501,30.133,-5.8745,11.808,11.797,-8.9625,22.15,-14.046,8.8183,13.01,9.4211,9.4908,-5.3824,12.141,22.941,-24.92,47.331,8.81,25.446,-9.43,3.7429,-11.396,2.4849,2.8394,3.3932,-11.936,-22.18,-11.757,-22.413,6.4112,-13.658,-0.91485,6.7538
39.713,-44.585,40.964,-44.774,28.661,-6.3155,0.74346,20.334,-2.8341,37.513,-12.655,13.651,-7.8994,16.849,1.921,10.26,-12.723,-0.97281,-27.269,12.033,22.531,-5.8226,-0.82739,18.008,-10.837,0.3905,-4.0629,4.571,-5.5349,-26.137,-0.98496,-31.524,2.8855,-17.153,2.6898,0.74144
36.413,-40.981,44.327,-46.074,31.55,-17.508,0.41804,8.393,-6.3929,28.451,-15.977,25.684,-20.135,10.016,-21.537,-0.36175,-43.988,-52.629,-30.852,-30.253,18.97,-24.183,9.5365,18.958,-4.3036,-1.5902,-7.4016,6.2146,1.2817,-8.8457,10.939,-17.348,3.5414,-6.2489,8.0142,-8.6761
31.137,-36.451,30.108,-37.697,19.208,-13.541,3.7523,6.3118,-0.27494,23.092,-10.055,21.867,-19.883,10.481,-32.01,19.473,-8.1309,-37.129,-7.2891,-36.338,15.667,-33.997,14.351,-14.948,5.3938,-4.8724,1.3113,0.73836,14.967,5.2928,14.321,-6.8659,4.017,13.96,5.4837,-2.1145
30.037,-41.283,25.434,-42.221,12.865,-28.576,-5.1219,3.6821,-0.75697,17.269,-10.578,14.189,-2.5168,4.6543,-10.552,21.084,16.253,-3.2093,19.783,-15.223,29.949,8.2884,23.052,-23.16,7.1978,-3.855,7.5131,0.43449,14.494,16.017,15.227,0.32579,1.0821,19.589,2.3145,11.557
32.96,-39.194,34.405,-36.964,33.938,-19.346,-0.13112,4.5209,2.1815,26.105,-8.1787,11.925,10.261,-4.8319,2.9849,3.229,31.991,0.78162,19.019,-29.811,37.127,47.743,19.833,28.494,2.2362,-2.1667,8.3048,0.89156,-3.6813,9.4904,7.7491,2.024,-7.6013,7.0987,-0.11217,19.59
34.243,-37.282,36.903,-35.898,32.311,-16.21,12.251,1.6767,7.3536,31.089,-5.3888,19.076,0.78237,-1.6025,-1.4687,9.9327,8.421,8.5006,32.129,-31.887,13.651,32.894,18.368,55.023,-2.5686,2.323,3.3451,7.7998,-8.5701,4.3864,1.3375,5.954,-13.656,-15.564,-6.4163,2.0577
34.164,-40.867,25.866,-39.244,25.48,-19.333,4.5754,-7.5911,14.233,40.053,-2.7329,33.671,-10.351,2.7754,4.973,29.507,-22.621,4.4677,25.283,-17.886,-14.19,-10.807,16.132,43.91,-1.4684,8.1145,2.2084,16.883,-1.1949,6.0487,3.4024,9.1691,-12.744,-32.471,-10.498,-28.055
29.826,-41.248,28.969,-36.115,21.304,-24.332,8.5894,-6.2055,0.042692,26.742,-4.1173,30.828,-5.0541,12.466,5.1795,46.945,0.70908,16.88,23.338,8.5837,-12.671,-40.257,-7.1795,-20.579,4.2339,9.5828,-0.39541,11.164,8.7376,6.2787,-0.38281,2.7535,-0.90041,-21.681,-5.0179,-33.064
29.993,-35.823,40.858,-22.102,28.131,-13.051,14.341,-0.48094,-1.2581,22.875,-0.74829,28.004,5.8369,28.707,10.703,69.138,29.873,26.835,40.427,-4.2011,-13.432,-78.036,-19.883,-73.981,6.9234,7.2465,-5.5892,-3.6327,8.7998,0.99093,-3.8738,-4.8689,4.9739,0.78372,2.6043,-17.45
33.801,-33.571,31.997,-20.996,31.341,-10.911,19.037,2.4135,8.7637,19.55,-9.9709,11.62,13.858,33.346,-6.3106,45.939,25.862,28.71,22.643,-24.962,8.7698,-41.896,11.286,-51.352,3.0662,3.0163,-3.5435,-16.332,-3.5184,-5.7682,-7.5979,-5.8235,0.5738,14.52,12.136,8.8888
35.095,-30.352,29.704,-12.234,35.399,-12.626,19.565,-14.001,3.1568,4.6318,-9.7476,6.2843,14.81,28.568,-17.228,11.846,8.8015,3.507,6.2615,-25.457,-0.040861,-6.0684,19.921,-27.956,-2.0485,-3.5273,-0.34857,-22.254,-13.635,-12.841,-13.465,5.3928,2.7502,25.691,12.454,18.567
34.204,-27.311,31.391,-18.08,30.601,-10.19,17.299,-11.926,2.2202,14.916,6.0254,16.011,5.7903,27.617,1.4275,-6.0715,-6.3474,-0.29723,2.4317,-9.9058,-16.497,-3.6415,33.597,0.8524,-5.9551,-7.5697,4.6182,-13.275,-10.542,-17.977,-8.9039,10.853,-0.30833,16.143,-2.1134,5.409
37.197,-24.67,32.547,-17.638,32.901,-11.659,18.341,-6.0397,1.9933,22.158,1.2141,11.83,-0.37184,13.935,5.0907,-16.127,-22.195,-22.866,-16.791,15.235,12.953,31.293,31.232,-7.2468,-7.6062,-6.8308,5.6082,-3.7273,-3.3156,-10.108,1.5759,9.9699,0.1234,1.8731,-12.312,-1.5886
35.645,-22.604,31.289,-21.33,29.416,-11.544,20.865,-6.5201,1.0968,8.966,1.3468,9.2731,-8.3268,2.8138,5.6208,-6.4503,-11.349,-47.989,-10.35,8.9569,0.7313,20.136,-4.9364,-34.662,-4.7426,-4.4593,3.2361,2.2849,7.622,-1.9986,10.271,5.7981,-1.8958,-4.1277,-18.209,0.7846
34.188,-25.738,32.301,-18.673,24.894,-23.382,9.3862,-9.0867,10.195,23.253,8.2077,6.0299,-16.163,6.8148,8.7165,-6.601,-5.276,-23.19,20.532,14.961,-8.0382,-8.5916,-22.372,-18.142,-0.62445,0.85235,0.66267,3.2109,17.926,14.631,15.579,-0.50727,-7.5979,-13.38,-18.363,7.102
31.545,-25.37,34.325,-20.787,28.931,-28.323,16.602,-5.9244,-1.515,24.436,0.060413,1.5805,-10.027,8.8797,15.795,0.58991,23.303,-10.129,35.127,19.222,-15.481,-4.3379,-30.647,10.223,3.0985,0.71295,-2.2499,1.9864,13.332,19.796,6.106,-3.7321,1.9879,-5.0886,-6.6407,11.32
31.166,-19.88,35.387,-21.209,30.506,-14.864,30.739,1.1429,-0.71992,10.127,-9.3285,6.6059,-2.6438,15.163,3.3169,-3.5928,50.108,31.36,38.364,7.5661,-16.931,-23.369,-47.729,5.8211,3.3321,-6.6455,-7.3494,0.35971,0.23432,4.2726,-13.811,-11.559,0.75959,7.2556,4.2106,6.7498
32.143,-21.093,37.643,-19.767,38.261,-20.867,27.752,-2.0241,-1.1861,13.36,-5.2087,14.096,0.40635,2.2043,-2.9287,1.9777,27.62,23.718,11.264,-6.006,15.117,2.082,-25.461,9.9589,-0.16486,-9.6136,-9.8326,-2.2063,-13.174,-2.8101,-19.622,-7.8759,-1.1981,9.364,9.9269,1.5964
32.567,-20.294,32.3,-20.979,45.282,-11.43,22.993,-7.2539,1.565,17.107,-13.022,2.6825,-4.7189,-23.075,-18.668,-5.4963,-6.2631,-18.75,-36.594,-30.218,-19.539,24.476,-3.9117,15.739,-1.2439,-5.9883,-2.5831,1.4656,-15.632,-8.5541,-16.234,0.57613,1.3662,14.097,19.553,4.8506
31.047,-24.06,34.404,-19.914,35.353,-18.181,26.107,-4.729,4.9013,21.987,-10.823,8.5217,-9.8141,-20.069,-22.375,-9.49,-14.381,0.8758,-25.502,-1.2657,-20.167,18.56,-2.9216,13.246,1.0455,4.8421,3.6116,6.7057,-1.502,2.8563,0.12263,4.988,3.7402,4.8073,20.461,0.60038
29.354,-29.934,27.673,-23.884,28.828,-25.582,13.264,-12.614,-13.533,18.051,-8.4771,17.263,-3.7531,-3.6415,0.1245,9.469,-7.0497,0.010872,-24.425,8.0765,7.5423,38.876,38.768,28.431,2.5914,11.953,9.126,13.001,10.668,16.313,18.82,5.0695,10.726,-6.5563,13.364,-6.0491
28.842,-26.308,28.769,-23.059,39.298,-13.353,19.865,0.022928,-3.7205,22.168,-8.9421,13.429,5.1511,16.698,5.7331,28.023,20.504,28.62,5.7931,-0.21291,20.278,18.918,55.502,6.615,1.6697,7.031,7.3133,14.104,11.312,12.224,19.751,-5.9303,-0.10276,-18.869,-2.0284,-10.432
31.793,-20.991,35.18,-14.672,39.785,-13.838,13.901,-5.5915,9.647,36.455,5.421,14.444,0.75559,18.306,12.908,40.75,29.636,48.945,41.858,-5.3966,13.869,-8.4844,33.697,-11.191,-1.1439,-1.4546,0.60875,8.2657,7.0853,5.3497,14.989,-4.1775,-14.13,-27.451,-18.248,-9.5833
32.403,-20.183,33.517,-10.508,40.126,-9.7426,28.685,-8.3464,3.4499,22.245,9.979,13.239,-3.7201,4.1123,7.7998,45.391,23.836,37.527,40.111,-24.181,-23.844,-52.104,-10.528,-19.106,-1.9428,-6.4099,0.098218,2.3897,-0.93476,-8.5942,-5.8556,2.4281,-14.876,-11.176,-16.73,-1.4959
27.952,-23.844,31.752,-9.7848,43.232,-2.9147,29.783,-11.127,-10.184,13.771,-1.0891,11.763,-5.0368,-4.6218,2.1349,42.114,26.711,22.306,33.359,-0.82708,-41.049,-62.868,-19.457,-6.625,1.0646,-4.9875,-1.104,-4.9912,-6.0969,-17.985,-19.732,14.309,-1.6265,10.272,-2.3212,8.4109
28.903,-22.826,34.383,-2.8073,49.492,-0.051208,31.98,-9.2996,-5.7268,7.4582,-10.951,5.2168,-1.6669,-3.8877,11.611,39.29,17.293,-1.0318,-19.235,9.6429,-26.644,-9.7689,-1.5683,-3.1474,1.563,-1.9482,-1.8394,-14.667,-12.854,-20.075,-21.057,18.624,10.612,28.973,8.9056,12.548
31.025,-21.981,35.814,2.5346,48.457,-7.531,28.934,-5.5285,-6.2889,12.414,6.1574,15.143,5.0518,-2.6313,5.4824,18.845,2.4231,-21.701,-27.129,49.238,7.1362,21.709,17.611,22.884,0.43403,-0.42428,-3.5733,-20.693,-15.54,-10.704,-15.019,7.6411,14.713,24.757,1.5794,10.294
30.033,-23.058,37.292,2.9773,46.16,-7.9503,19.492,-6.3243,-11.82,18.039,5.5716,9.9749,-0.94948,-6.6241,-3.0709,-16.308,-28.292,-40.843,-34.928,43.909,5.1242,50.473,15.465,28.878,-1.2216,-0.20091,-6.0935,-20.302,-9.2055,3.7324,1.7082,-3.0898,11.231,5.6071,-2.59,6.2829
29.912,-25.043,33.039,-3.2548,46.11,-9.8156,22.463,12.004,-3.5695,19.335,-0.5448,20.826,-3.2254,-5.3751,-8.391,-33.553,-28.196,-11.308,-33.889,20.246,16.633,30.796,-20.077,28.832,-1.4814,2.6823,-0.93054,-7.3687,1.9899,12.697,5.2545,-19.805,1.3919,-6.7772,2.9136,-5.9439
28.985,-24.607,34.235,-8.0664,36.52,-19.33,17.751,3.8884,-4.5244,29.234,0.13268,16.814,-3.6365,-3.5204,-11.92,-36.023,-13.425,12.434,-7.3141,8.6898,24.763,13.723,4.3262,25.293,-0.34427,5.521,4.8484,8.5604,16.123,16.081,12.448,-13.564,3.175,-15.231,6.9024,-13.09
29.937,-23.894,33.147,-8.7201,39.179,-7.4951,12.859,-0.51195,-1.62,22.214,-1.1618,26.139,-1.0114,9.2285,5.2543,-8.1414,4.9394,15.143,-14.663,-32.178,4.2762,6.1983,37.749,-5.043,-1.2095,5.5131,7.8038,15.694,15.113,4.3192,14.858,0.056135,1.6211,-12.075,7.0176,-17.348
28.203,-25.393,31.278,-12.301,42.913,-2.8936,20.637,4.2787,-0.41304,23.461,8.0432,19.965,-3.7778,13.679,14.349,13.789,35.757,26.338,17.699,2.3006,27.178,-13.384,21.064,-19.637,-1.0281,2.1943,6.1444,14.657,7.2952,-0.92249,7.675,9.5789,1.7697,-10.813,-10.876,-10.048
29.797,-20.036,37.145,-5.208,45.383,-10.462,13.689,-4.28,-3.4871,25.321,14.374,16.729,-9.2022,13.59,17.494,20.014,22.775,3.3356,27.896,23.721,23.531,-16.023,6.6415,-35.445,-0.60342,-4.8373,-1.9692,5.8983,-2.7894,-1.006,3.3869,14.836,-3.3454,-8.2177,-23.758,6.3094
27.165,-19.696,39.41,-2.9282,51.296,-4.6778,26.186,6.9227,9.9981,20.989,2.8966,11.701,-4.6817,5.27,12.682,23.186,14.133,13.725,9.7813,28.635,23.984,-29.233,-34.498,-9.7447,0.90782,-8.6503,-7.7718,-4.0687,-14.322,-5.1689,-6.7552,1.3618,-17.293,-3.8399,-19.425,13.878
25.854,-19.947,37.828,-3.3999,46.375,-4.9352,24.033,10.027,4.9402,15.438,4.7322,12.549,-3.5766,-10.753,-3.7587,16.652,1.8049,16.419,6.2303,28.836,-10.854,-26.966,-53.259,21.558,1.8897,-7.9749,-8.6356,-10.443,-15.037,-3.684,-3.6765,-3.5198,-15.033,2.2327,-10.161,11.981
27.834,-22.802,37.277,-1.6126,49.483,1.2054,20.355,11.443,7.3653,13.786,-4.3849,17.183,-2.0515,-17.4,-13.884,-4.8738,-25.37,-6.0487,-5.2445,6.5518,-42.092,-27.112,-46.108,21.254,0.54849,-4.7051,-5.9218,-13.245,-13.202,-9.515,-1.3302,-2.5191,-6.512,5.3032,5.9185,1.8617
27.675,-23.859,36.332,2.46,47.192,-5.1944,19.719,7.8782,-7.5977,15.44,-8.6142,24.767,-1.069,-14.949,-12.401,-18.174,-32.657,-5.1974,17.026,17.163,-18.594,-5.9204,-38.359,8.9605,-0.41823,-0.68655,0.35395,-8.4112,-5.8825,-12.266,-5.6608,-2.0284,5.5976,3.7959,13.639,-5.5523
25.229,-26.44,33.216,-8.295,38.203,-7.5726,25.721,11.273,-4.7791,7.4324,-13.484,16.219,-3.1931,-16.158,-12.606,-25.626,-34.648,-23.041,-2.2678,21.876,-4.7063,-13.24,-12.356,5.8628,-0.61016,3.455,7.1114,6.3703,9.7871,-9.8281,-12.376,-7.4622,5.6874,1.4637,17.504,2.1667
26.622,-25.603,33.658,-9.1454,35.687,-3.1449,29.863,18.693,1.7155,15.655,-9.8974,17.511,-5.097,-14.807,-2.6284,-15.028,-22.968,-36.414,-23.562,11.032,-1.5587,-14.923,-1.9389,1.4922,-1.3631,5.1381,7.3551,12.567,14.309,-7.5915,-13.04,-15.297,-0.66764,-3.5097,15.469,8.1102
26.764,-30.009,32.311,-8.6231,37.912,-11.34,14.149,16.973,0.35552,7.0584,-9.9211,23.742,-3.0883,-0.19589,16.787,25.405,18.722,-39.581,-46.829,-27.694,-22.172,-15.292,23.202,35.821,-0.87606,5.8662,2.2908,8.4408,9.7965,7.0346,1.8817,-16.174,0.35874,2.738,3.7536,-3.2249
24.359,-29.478,35.47,-4.8901,35.854,-21.518,13.723,10.544,-10.944,8.1652,-11.365,21.751,-7.9371,2.7604,9.6787,19.147,12.204,-34.885,-25.894,-34.538,-13.199,-22.442,21.208,34.532,0.39354,2.2911,-6.5785,-6.1411,-1.3745,19.233,10.692,-4.7643,8.2671,7.6235,-7.3143,-16.586
24.816,-24.6,40.703,2.2799,47.48,-18.176,10.376,1.5003,-9.5353,3.5309,-1.1491,32.009,-6.1533,4.3895,-7.3049,-0.50978,-3.2518,11.367,8.3062,-36.209,2.9074,4.21,-5.1612,-26.782,1.9195,-4.9533,-11.411,-18.045,-15.317,16.686,10.113,9.3149,7.8642,11.32,-16.83,-28.699
23.627,-26.927,34.302,-5.0236,37.004,-17.169,18.803,9.1604,0.06153,6.1973,-3.6795,30.644,-1.5967,-5.6445,-23.475,-32.776,-18.854,34.276,2.3317,-8.5316,27.237,13.444,-24.329,-50.135,3.6615,-7.1118,-4.6718,-9.0802,-10.938,4.603,1.6879,9.4992,-0.30367,12.422,-13,-19.325
24.053,-29.09,29.243,-8.8113,35.711,-7.8308,15.763,-0.43961,-3.6937,10.147,-16.345,5.9051,3.3392,-20.76,-23.692,-38.86,-42.336,9.2676,-10.374,5.8775,-3.069,23.366,-38.18,-65.341,2.1051,-5.5007,6.3388,9.9857,-1.0686,-14.809,-4.2993,4.0381,-5.0039,7.3747,4.3197,8.903
23.943,-30.055,29.463,-15.733,32.311,-9.5524,12.196,7.2484,-0.24676,11.579,-15.932,9.736,5.6244,-20.224,-5.4868,-7.0794,-22.943,-10.821,-8.1137,-8.0858,-11.729,30.092,-27.282,-42.813,-0.73062,0.34357,12.337,24.747,10.693,-13.729,3.595,-3.6795,-1.6089,2.1066,18.687,22.518
26.328,-33.416,31.277,-11.796,28.659,-17.351,8.4922,5.395,-10.916,12.523,-14.113,9.7923,0.76178,-15.824,15.395,36.57,-6.5505,-40.128,-7.9678,-16.242,-2.6291,32.76,17.914,14.072,-3.4629,6.2702,8.4781,20.541,17.518,1.5635,13.47,-2.221,9.4351,-9.7764,23.395,22.663
25.302,-34.876,30.541,-7.0712,29.059,-17.82,18.381,2.2001,-2.192,20.055,-18.437,7.2934,-3.9611,-6.3946,18.666,53.245,16.718,-9.6706,19.103,-15.87,18.972,19.28,41.058,22.747,-2.1887,6.9237,-1.5366,0.64632,10.129,12.038,13.612,6.552,8.2361,-18.606,16.5,10.111
23.754,-34.592,36.401,5.1432,34.062,-23.762,8.6859,-6.0363,-4.0357,22.289,-6.1352,14.163,-9.1826,3.6763,6.6224,33.681,25.424,16.51,43.366,-1.3356,28.756,-20.11,44.626,15.194,-0.12651,3.0368,-11.793,-15.555,-0.03388,10.389,4.9938,5.5726,-0.90529,-19.448,-3.565,-8.7064
23.249,-32.665,36.233,2.4207,37.969,-11.183,21.651,5.0293,5.7995,16.336,0.6081,18.924,-0.3468,4.6448,-8.7834,-2.403,11.714,21.052,34.281,17.221,13.759,-36.505,41.86,7.1793,0.88022,-0.55577,-9.8669,-13.45,-6.677,-5.3706,-13.584,-0.54407,-10.298,-9.0509,-18.024,-12.637
22.763,-32.684,31.742,0.29887,36.916,-12.415,28.541,3.3126,-0.5335,4.3279,-1.3218,11.574,-1.678,-6.1599,-29.843,-13.382,-4.2177,-3.5432,9.4122,-4.924,-4.5489,-36.59,-0.31216,-21.676,2.1138,-0.51884,0.3366,0.34281,-4.4622,-8.093,-23.414,-5.2853,-8.4985,12.793,-19.086,-6.1936
25.624,-33.508,28.479,-5.8505,33.489,-12.967,25.595,6.1363,2.9365,10.783,0.086942,12.177,-3.3123,-4.2553,-12.436,9.5255,-1.8461,-26.497,-31.841,-16.796,-15.864,-17.735,-26.592,-22.004,0.75524,2.502,9.6771,12.684,5.8016,2.2291,-14.818,-5.176,-1.4028,22.011,-11.6,2.7387
21.728,-37.25,25.357,2.588,34.193,-24.641,11.42,-9.0518,-4.8787,6.7704,-6.0307,6.6981,2.8689,5.5321,10.132,29.431,9.8927,-0.18077,-40.645,-10.754,1.0749,34.468,-16.576,-1.1817,2.0154,5.0322,11.45,9.9971,9.4615,15.06,4.0462,7.0888,6.7089,23.425,8.6163,15.681
22.111,-32.509,33.208,6.0389,38.407,-18.318,14.291,2.8137,0.039877,6.2473,-10.333,10.36,1.156,11.309,19.615,39.609,33.667,30.516,-14.781,-5.7441,3.9334,38.022,-8.0082,10.626,1.1637,2.2019,-0.60438,-3.6056,3.1433,11.803,14.118,9.8173,7.8549,9.0164,15.095,11.231
25.954,-30.417,34.443,9.0694,39.403,-9.8296,13.87,-0.40299,1.4523,23.83,-4.3999,11.892,6.1647,11.219,11.384,21.562,25.333,43.248,21.113,24.994,19.097,52.658,33.478,40.415,-2.6641,0.98078,-9.0513,-14.325,-10.015,-6.189,14.758,10.561,9.1422,-13.494,7.5268,-5.6776
24.089,-31.27,33.743,10.713,47.717,-5.1148,16.979,-1.0602,1.7377,21.265,-4.7325,14.893,0.85815,3.9105,-16.084,-4.5683,6.15,10.803,7.8685,14.417,14.4,18.252,23.856,13.353,-3.4749,2.4985,-8.6508,-15.264,-19.709,-18.475,5.7307,4.0084,7.1994,-20.382,-3.4975,-20.757
23.821,-32.26,30.781,11.032,42.205,-9.6184,20.633,5.3822,3.8207,25.59,7.9077,24.639,-10.303,14.135,-17.276,-20.104,-26.424,-21.269,21.82,31.968,41.553,-23.116,5.1253,-30.933,-2.8999,4.4279,-0.4264,-8.1316,-13.04,-10.476,-0.17667,-4.5433,-1.5526,-19.829,-18.529,-23.01
23.606,-29.632,26.998,2.7735,40.081,-13.022,14.844,7.1295,6.0554,14.493,-4.5591,10.663,-7.9849,22.343,-9.3095,-15.876,-38.998,-29.601,13.519,10.811,28.702,-26.002,-11.319,-57.483,1.1198,5.69,9.2909,2.4107,1.6889,8.2977,3.2315,-2.3497,-9.5711,-5.0194,-13.129,1.9401
21.044,-24.168,29.178,2.9871,30.009,-16.511,25.848,11.486,20.07,15.658,-1.9239,-1.4596,-3.9133,24.142,5.8646,-13.442,-17.292,11.07,17.405,4.0809,4.182,-24.361,-41.581,-39.217,4.4385,1.2427,8.8993,7.1045,16.211,20.837,-0.43441,0.14861,-14.109,5.5081,-2.3022,23.935
21.485,-24.144,29.89,6.7973,34.316,-16.469,21.131,1.2931,7.9642,13.23,-5.4764,-0.79906,3.2624,27.357,18.801,4.1542,10.029,36.122,26.234,16.612,-14.77,-6.2221,-18.435,27.195,3.0448,-4.9493,3.0039,6.8766,13.43,11.16,-2.5829,3.2775,-4.9317,9.6656,11.985,25.545
22.925,-22.933,32.267,2.299,36.441,-2.3598,26.191,10.341,4.9573,14.041,-12.424,10.762,6.2662,17.842,13.166,5.4031,30.117,50.053,13.291,29.811,-7.2577,-5.4655,-2.8274,46.402,0.22908,-12.988,-7.2037,4.1398,-3.8699,-14.565,-10.715,-9.9765,-0.58479,7.2931,18.868,7.9287
24.297,-16.571,34.854,5.1946,41.879,-2.0367,27.788,16.008,6.2265,12.19,-8.5267,18.149,2.1495,0.74721,2.0595,9.0839,4.4489,6.7053,2.6614,14.333,9.7634,12.878,29.227,27.433,-1.121,-17.246,-11.293,0.5969,-15.27,-25.838,-14.891,-22.884,-9.1081,3.5047,6.2792,-14.056
22.771,-19.034,33.279,6.49,41.286,1.2995,29.164,19.034,17.31,13.445,-1.8124,12.267,-2.2114,-27.491,-21.783,4.7922,-33.852,-47.047,-24.385,-44.662,-11.009,2.5541,28.927,0.30752,-1.1115,-13.036,-7.3419,1.6561,-11.077,-21.517,-13.499,-22.556,-24.754,-1.7429,-8.6483,-18.014
22.636,-25.72,30.414,9.2438,34.118,-14.946,20.975,4.1131,6.6695,19.967,3.8312,12.165,1.8964,-36.206,-20.192,7.4441,-34.338,-44.519,-29.384,-60.573,-58.435,7.2917,-2.9166,-20.036,-0.059036,-2.833,0.51244,3.1675,2.8997,1.7191,-5.4424,0.32479,-20.578,-6.7987,-18.324,-11.883
22.65,-32.104,23.596,2.6706,23.396,-19.429,17.406,-6.0426,-0.7686,11.43,-4.1394,13.908,0.83507,-28.862,-12.418,14.504,-5.8735,-31.92,-38.182,-45.518,-96.927,-11.387,-29.997,-19.933,1.0506,5.6927,6.7846,5.0096,8.8965,17.38,0.83022,23.865,1.0173,-0.49666,-10.151,-1.1487
25.306,-28.139,29.599,10.826,33.655,-13.932,18.976,-1.7397,-13.952,16.843,-8.8216,7.3113,0.33107,-12.732,-0.060693,20.066,4.9584,7.737,-17.652,16.385,-50.168,-14.145,-32.929,-21.863,0.20479,4.6342,2.8366,-2.1435,-1.4149,15.854,0.83778,30.286,23.273,2.4462,2.6482,7.9295
21.854,-32.255,27.477,12.95,38.581,-15.168,11.073,-0.79826,-20.843,9.3132,-10.485,4.7275,3.8244,-10.764,2.0746,23.529,-9.017,13.723,-26.099,36.186,-10.056,10.789,-6.8238,-4.5223,1.2605,3.3626,1.898,-7.3638,-9.2098,11.115,-3.2144,22.203,26.303,6.5642,7.3021,4.6344
23.2,-32.011,28.443,14.137,29.005,-13.208,15.315,9.6834,-8.3771,13.953,-9.4608,5.8231,1.4257,-22.084,-13.255,-7.7861,-39.84,11.93,-31.236,50.006,14.495,8.4346,-1.2625,11.906,-0.37606,2.6706,1.7338,-10.273,-3.1263,4.4387,-12.334,3.1053,12.869,6.0842,5.9312,2.5364
25.615,-35.55,25.212,12.78,21.213,-12.929,6.1864,6.339,-8.5841,18.269,-7.2317,12.391,6.5904,-7.3731,3.6693,-8.3895,-29.523,21.557,-47.462,48.685,2.2543,10.145,-9.3201,-13.646,-1.9669,5.6243,5.4241,-6.6368,7.348,4.8618,-5.208,-7.5714,5.5851,3.6547,5.0513,0.289
24.138,-37.534,24.105,7.0185,22.419,-9.0864,5.801,19.695,-12.834,16.582,-11.079,9.4328,-2.9322,-1.0748,7.8108,-15.341,-0.41971,26.013,-68.643,25.662,8.0212,16.598,-2.0252,-4.6196,-1.0938,6.4937,5.1248,2.6811,11.085,1.2043,6.5433,-13.174,6.7293,10.397,10.089,-0.14676
24.68,-33.18,31.481,12.315,27.112,-6.45,-7.9004,18.539,-17.488,13.071,-14.335,-3.9003,-3.8312,6.853,18.662,-5.8773,8.0125,30.991,-33.436,10.501,21.106,24.981,18.814,5.1857,-0.8646,1.4825,-4.1112,3.9392,5.0375,-2.4692,19.615,-11.198,10.348,10.006,9.9254,1.2983
22.201,-33.733,29.213,6.6991,25.846,-3.441,-11.963,16.415,0.085228,24.852,-6.9215,11.659,1.1675,3.2717,4.8721,4.3632,-3.1854,13.235,-5.5325,3.2258,38.716,52.999,35.113,1.7567,-0.76506,-0.31093,-8.8793,3.3003,-1.5407,-10.957,20.952,-5.2689,-1.4106,-1.0564,-4.346,-9.4642
24.668,-34.024,31.988,10.001,23.506,-0.25615,-1.6498,13.23,-4.4903,26.625,0.096326,13.871,0.21757,-2.1336,-15.417,1.4546,-2.9528,15.601,19.061,3.9138,38.648,41.976,21.738,-10.342,-4.9917,-1.0034,-10.851,-2.4943,-1.593,-16.81,5.1407,-0.13723,-13.276,-17.917,-24.472,-15.637
24.728,-35.476,26.287,10.357,22.63,-5.5658,-0.090541,23.962,0.025694,36.305,-0.73863,1.4257,-8.7819,1.8638,-19.546,-2.5053,-2.6404,-21.075,9.8679,2.6116,-7.803,2.8185,-25.217,-44.177,-7.5353,1.6616,-3.2958,-5.2397,4.0847,-8.8928,0.36236,2.9744,-19.322,-26.918,-25.894,-3.076
23.526,-33.376,25.235,11.213,27.244,2.4127,-4.3062,16.722,1.8663,28.332,-6.558,-3.9549,-23.815,2.54,-23.385,-14.915,-0.22502,-35.904,-15.433,10.122,-22.013,-39.516,-73.382,-50.034,-3.6083,4.9011,4.8569,-0.86314,7.8552,-1.9678,3.5848,3.5056,-13.727,-16.939,-8.4398,13.971
18.381,-33.126,22.817,4.8404,22.657,-15.313,-5.7006,15.974,-6.9946,25.407,-16.203,-1.5166,-24.493,9.2428,-7.6231,-13.651,15.874,-5.4771,13.526,14.994,-27.564,-40.843,-46.797,6.2225,3.607,5.247,8.4173,2.2835,6.088,8.9682,9.3129,-0.41763,5.5058,-2.9022,16.612,25.549
15.934,-33.929,22.031,5.302,23.38,-13.335,-6.5611,22.285,-11.987,12.316,-28.863,-9.6751,-9.9686,18.682,2.9057,2.7117,27.066,-2.0373,35.156,15.251,-20.108,-20.886,-9.6713,34.311,7.6835,3.0929,7.8625,4.2437,1.4825,6.7879,9.7946,-5.0675,14.796,6.1757,28.063,22.205
16.277,-30.578,24.078,6.4872,32.499,-0.43065,7.7999,28.677,-6.8298,23.892,-12.985,7.3971,2.3299,20.027,9.395,0.098764,14.154,6.8332,31.138,-2.0408,18.773,-21.008,25.99,41.398,6.0334,-1.435,1.9277,2.6621,-7.8247,-2.5811,-5.8775,-10.866,12.775,2.7605,16.159,1.9959
19.593,-25.309,26.058,11.746,35.855,-6.047,6.5213,17.996,-8.2698,18.647,-13.003,8.7436,1.1911,12.612,7.4184,-0.57093,8.0474,-8.1197,24.734,-6.6981,28.799,-18.556,30.539,43.404,1.6814,-4.9184,-1.9894,-0.20675,-10.199,0.53768,-9.8539,-9.0141,4.5307,2.7802,6.4166,-8.3146
17.717,-27.422,25.501,1.668,23.496,-15.54,3.3273,17.099,0.53338,11.738,-11.138,9.9728,0.094384,5.103,-0.24117,1.3012,-13.74,-15.341,-10.65,-28.362,11.858,-28.206,13.892,11.655,1.0439,-1.4571,0.15165,5.7339,0.60983,6.1502,-6.1901,-8.0745,-7.5181,8.2457,4.8049,-4.4963
15.81,-29.201,25.028,7.4262,31.905,-9.8399,8.0422,24.725,-1.2692,9.1151,-14.516,10.739,-0.44363,1.5523,-2.2231,1.0767,-9.9799,11.738,6.7806,-16.659,6.0037,-3.3858,28.461,7.6089,2.1259,3.899,3.9762,6.0391,6.9952,10.329,-3.1894,-8.9641,-8.2155,12.957,11.729,5.5623
18.216,-26.08,24.472,9.2975,27.604,-6.2049,1.7142,11.132,-4.401,14.555,-5.2818,12.227,8.3668,18.272,14.974,27.945,26.217,27.655,9.1645,-37.433,-7.4202,12.636,51.053,36.813,0.45876,5.8654,6.2693,3.4862,10.814,7.0947,2.6315,-1.0355,-0.66647,12.853,10.585,10.634
19.121,-25.203,25.461,8.4692,28.811,-4.8453,10.718,12.65,-2.8008,15.546,-1.7004,11.421,7.6843,25.523,19.692,16.303,23.045,22.025,-1.1204,-46.983,-2.6399,25.807,70.604,58.636,-2.0712,3.6956,4.4824,0.9794,1.1367,-6.8995,-2.051,6.0747,4.6257,4.6869,-0.20658,0.71714
20.244,-20.285,32.772,15.119,38.151,-4.2096,6.5715,4.4198,-2.4109,14.84,7.9808,28.039,-1.6758,22.445,20.148,11.119,23.817,14.989,6.4577,-18.378,12.847,21.465,45.743,39.313,-4.2787,-2.4591,-4.5676,-7.6662,-16.823,-16.772,-1.6024,16.363,8.4759,-1.3614,-16.123,-23.985
18.638,-19.337,30.724,12.667,38.154,0.17513,5.0534,4.5895,-3.5842,21.876,14.154,32.151,-5.7785,17.944,17.602,14.386,-3.0963,-16.426,-2.121,4.1868,18.998,15.634,30.083,9.9446,-2.2067,-6.2891,-9.7956,-9.3774,-23.753,-15.746,0.062149,14.99,4.251,-7.59,-25.597,-37.474
17.62,-17.791,31.914,12.758,34.841,-1.2208,7.7754,5.9731,2.4144,22.122,9.6625,21.519,-6.2952,9.7657,-6.819,-9.4281,-44.825,-36.98,1.6529,18.797,24.14,10.915,-9.2987,-58.765,1.3285,-7.5336,-14.543,-9.712,-18.491,-7.6594,0.40637,4.9464,-4.4724,-10.836,-17.583,-25.644
17.544,-17.478,34.691,16.843,28.918,-14.552,9.0557,13.966,4.2857,19.722,12.5,19.653,-1.0397,0.41665,-15.803,-20.311,-61.398,-30.719,1.5927,9.3805,12.969,-6.8684,-29.86,-79.697,1.3176,-6.4621,-15.772,-8.8311,0.1277,7.9151,4.3108,-3.4726,-4.9159,-8.8942,-8.7117,-2.5893
17.643,-16.331,27.379,8.3168,20.356,-15.336,5.3968,9.1298,5.7242,21.375,4.1584,4.9053,2.5973,-6.4596,-35.865,-20.092,-39.487,-16.162,6.6326,3.7574,-6.4997,-21.464,-12.198,-44.085,-1.0439,-4.4976,-9.4246,0.36222,18.066,12.755,3.5626,-4.3767,2.1559,-3.5897,2.9663,24.684
18.107,-19.859,25.09,4.7324,14.697,-8.1265,7.0391,7.7014,1.2452,18.816,1.9763,0.6092,-3.6367,-6.2536,-46.734,-24.437,-5.1271,12.741,16.943,-5.6565,9.7388,-12.647,-12.026,-10.342,-3.7027,-0.27561,-3.5642,8.1123,23.226,5.918,1.521,-2.2691,5.8345,1.7471,7.7775,31.932
18.638,-19.83,18.782,8.7671,22.208,-12.515,12.1,10.984,0.6848,11.843,8.8256,8.9983,-10.216,-9.3871,-38.477,-5.5538,17.371,5.0665,11.791,4.4319,36.535,-4.1441,-3.3842,29.977,-3.4367,3.9271,8.4216,12.512,15.561,1.3254,-1.1148,-4.5312,2.6652,7.0105,4.8289,17.233
15.229,-18.856,15.622,4.399,25.429,-9.5928,14.175,10.211,11.675,18.164,4.1535,12.436,-13.147,0.50232,-32.318,12.982,26.301,-11.743,6.6187,-2.302,20.624,-6.7928,4.6206,42.934,0.092643,5.2414,14.964,15.936,7.9209,-3.4469,-4.8173,-8.1129,-10.236,4.706,5.3327,-1.25
13.974,-21.526,12.875,5.7066,23.676,-12.07,7.7241,10.091,18.777,19.628,1.3777,13.981,-9.8312,9.7977,-0.96461,23.76,22.602,2.7067,6.2206,-20.576,1.3839,10.661,3.6233,15.443,1.6942,5.8507,13.092,8.5797,3.3753,1.0543,-1.667,-6.5265,-14.243,1.2541,2.1634,-16.696
13.865,-18.759,11.885,12.753,27.114,-14.22,12.536,6.997,2.5111,11.527,8.0106,19.585,-3.366,10.361,9.3284,40.586,31.862,-3.314,-4.3585,-33.717,-23.865,3.4804,11.134,-9.3246,2.5604,2.2797,8.2909,-7.4975,-4.0818,10.483,0.35716,-0.19546,-4.6012,-2.0514,-5.4061,-18.963
14.404,-14.98,20.168,16.47,32.666,-8.8475,16.03,2.3034,5.9586,20.493,8.7088,13.145,-6.6357,14.937,6.1607,23.542,31.467,6.1236,8.9447,-12.493,-12.437,-3.0101,4.1761,-27.373,2.002,-1.3199,-1.5797,-17.042,-10.269,10.144,2.4664,6.16,1.9186,-7.5123,-5.2056,-11.486
13.331,-16.949,16.64,19.31,36.864,-12.861,7.8433,-2.754,6.1511,19.472,6.0548,8.1912,-1.9424,9.3313,5.5739,-24.397,1.4593,38.965,7.0425,-7.3207,4.528,-10.214,-22.686,-30.473,1.0116,-2.0089,-3.9301,-16.306,-12.626,4.9795,1.3497,7.1421,2.7657,-6.8826,-5.7115,-3.6817
10.923,-14.963,13.577,14.199,34.534,-9.6876,14.543,8.7201,10.738,14.151,4.4437,5.9909,-0.53284,3.7132,-6.986,-28.957,-13.54,32.289,12.852,-2.9738,-3.2197,-20.053,-5.495,-31.414,1.0515,-2.7842,-4.5204,-1.2639,-5.938,-10.927,-9.3646,-1.5771,-4.9859,-1.8093,0.67007,4.1184
14.634,-14.102,17.967,1.6903,26.91,5.682,16.801,0.1283,2.3852,9.5905,-1.2,7.9256,-1.3596,5.9284,-3.7486,-14.695,-8.7649,8.5004,0.43635,-2.7665,-14.646,-22.411,-12.588,-25.713,-1.4166,-1.0794,-6.1265,15.683,6.7954,-22.669,-14.487,-4.1167,-7.4285,4.1568,5.9429,6.5204
13.486,-14.547,16.012,10.801,30.874,-1.9743,17.977,-0.6247,6.2317,15.407,9.5886,-2.4293,-1.6694,2.7175,-11.78,12.372,6.8888,-33.279,-34.575,-22.655,-27.779,-5.958,2.4776,-9.1615,-2.6989,-0.94238,-3.8198,12.377,7.6202,-13.284,-13.158,-4.0232,-6.1701,6.7593,3.7862,8.7426
11.37,-14.193,13.548,13.662,34.312,-12.467,6.3445,0.53517,1.0817,7.6385,-2.8119,-0.45497,-8.457,4.4321,-22.661,33.351,25.222,-41.598,-41.681,-18.064,-20.335,3.5225,3.042,-8.9977,-2.6864,-2.4797,0.61188,5.4931,3.5031,7.2094,2.4941,0.19579,1.1127,5.1049,7.07,9.1455
11.721,-13.559,9.8964,14.4,34.277,-17.252,2.4837,-2.8109,-2.4994,12.148,6.4885,5.6004,-10.479,-0.25056,-16.629,8.9029,7.5678,-9.083,-31.88,-15.441,-31.225,0.77625,5.6209,3.9414,-3.069,-2.67,8.2344,1.3859,-1.6396,21.192,18.171,7.1829,8.56,-2.9681,5.6429,8.2084
11.288,-12.38,9.6939,16.567,37.819,-7.4777,3.7074,-7.8104,-3.4165,12.981,1.8712,-0.58814,-10.387,-4.9858,1.735,14.505,8.411,32.449,11.559,-5.3946,-7.3589,-0.25388,21.19,13.464,-0.95325,-0.74426,11.989,1.7126,-5.58,15.637,19.561,10.762,16.642,-7.007,3.4821,8.1431
8.2875,-15.578,9.6244,13.8,32.904,-9.0106,3.3556,-4.1725,-7.1319,13.123,10.058,-0.39207,-16.049,-5.9238,17.193,28.725,7.096,35.656,29.658,6.9246,8.5328,-18.91,21.618,20.65,1.5367,3.6565,8.3849,4.3802,-5.1848,3.7716,15.777,9.0011,19.655,-3.2673,-3.6222,0.65126
7.893,-15.676,14.552,21.214,39.204,-0.36356,11.688,-1.4814,-0.2815,7.0238,5.9984,9.2731,-10.438,3.5474,20.372,32.003,-2.4421,14.218,25.358,24.565,42.996,-21.669,12.454,23.364,2.3447,3.6449,-0.55187,-3.4554,-6.7675,-6.0671,1.9716,4.509,7.5423,1.6906,-9.9681,-8.7326
5.3935,-14.873,16.064,26.438,37.133,-2.9815,13.323,-2.5132,0.19952,5.6713,15.234,10.995,-2.7695,13.765,15.977,22.055,-12.93,18.891,40.105,14.585,41.874,-4.8527,-8.1222,2.2476,1.5806,-0.49149,-9.6039,-13.621,-6.0064,-8.5422,-9.7158,-0.74087,-9.4378,1.0135,-14.503,-11.316
7.5161,-10.959,16.66,26.25,34.483,-3.3833,11.403,3.6425,14.416,5.8727,5.5099,5.4003,-5.3032,3.3939,-0.41635,0.56304,-15.413,10.496,16.194,13.321,13.682,1.1701,-13.781,-20.998,-2.1766,-4.2628,-12.209,-15.81,-4.2695,-12.508,-14.314,-4.747,-22.61,-3.2472,-8.495,-0.62189
7.0911,-11.054,16.559,22.31,28.8,1.9447,23.551,0.55783,6.4565,11.273,6.2407,2.6681,-10.714,-8.3045,-20.432,-23.659,-16.45,-5.1943,-14.339,8.8426,-23.999,-25.263,-37.781,-13.751,-4.0819,-2.6402,-9.6311,-13.35,-4.9499,-17.14,-18.226,-2.9573,-15.235,-10.187,-3.7411,7.5366
4.3926,-15.888,14.096,23.56,35.664,2.4216,14.671,3.6435,3.4309,4.8082,3.6046,2.9373,-17.349,-6.7317,-22.469,-24.191,-22.029,-36.279,-18.99,3.7015,-37.118,-27.7,-15.192,28.254,-1.6565,2.4567,-4.1885,-6.6123,-5.5857,-7.7343,-6.0714,-4.3901,3.0912,-2.1134,2.3802,6.9332
1.5985,-16.56,7.1299,15.953,28.317,-8.4811,4.519,1.9077,-6.3077,-6.4277,-2.7038,5.3508,-17.156,5.6272,-21.152,-32.32,-34.371,-43.421,-33.432,4.6075,-8.8998,-41.351,-26.122,15.305,1.7413,4.6347,3.462,4.4452,0.32704,7.206,6.7387,-6.4081,16.08,14.495,9.1273,-4.4317
1.5882,-11.572,10.14,17.333,23.71,-16.31,11.424,4.8184,2.2387,0.87287,2.3862,18.186,-10.364,8.7117,-20.999,-28.168,-34.381,-9.0616,-4.6166,-6.5123,21.588,-1.3524,-7.7093,-0.85995,3.6588,1.0657,4.3593,7.8474,7.1226,18.09,6.7585,-4.2248,17.739,22.193,7.3792,-15.736
-0.084732,-10.399,7.9615,9.2637,17.591,-10.4,8.4584,2.2742,2.6027,-7.4352,-6.2111,2.6962,-5.4993,7.1474,-3.8568,0.55514,-8.6392,17.227,12.168,-18.091,27.05,34.039,4.1145,-21.352,4.2319,0.2143,7.0429,12.672,14.714,12.208,5.7277,0.73676,11.847,26.874,11.332,-8.0428
0.052035,-14.613,3.1808,12.821,23.836,-1.1496,10.393,0.20406,9.7697,4.6357,1.5036,3.8347,-4.8828,-2.1632,-9.32,-1.391,0.71753,23.848,-7.9969,-6.0735,33.6,45.569,6.5857,-32.096,2.0388,4.7157,9.076,9.9996,13.243,-1.9943,1.0788,12.331,10.298,13.872,9.172,1.6839
-0.38308,-11.466,8.6811,18.487,23.934,-7.4475,11.118,-4.8307,3.4517,8.7104,-0.20528,1.8501,1.2626,12.136,8.2235,17.654,21.652,1.1653,-3.1032,8.0719,44.327,69.557,23.392,-9.2914,0.12842,7.0232,6.1101,3.3726,8.3799,-7.9557,-3.6023,12.906,6.0152,-0.68412,7.8951,10.465
-0.70401,-12.12,5.1202,12.026,20.897,-5.862,6.0952,5.334,18.614,15.585,2.6762,2.561,-3.5512,29.796,18.341,13.281,16.689,-11.002,8.4131,42.06,64.439,50.246,28.512,1.5292,-1.77,4.968,4.0166,2.6094,2.6932,-8.3958,-0.59741,5.4226,-6.3682,-13.291,2.5884,12.021
0.92459,-5.5777,11.104,18.488,29.886,-7.4613,9.0557,3.7451,20.344,21.869,4.8986,-1.3127,-5.523,26.284,12.863,10.083,25.275,-5.1258,-14.049,22.374,41.707,28.28,32.627,14.158,-4.0739,-4.6753,-5.0146,-5.3898,-8.8861,-4.7238,0.2229,-5.5217,-22.624,-25.672,-9.5095,5.2358
-2.3774,-2.6593,11.14,19.46,29.205,-6.6439,15.631,16.946,33.543,23.18,13.208,6.1807,-10.34,15.603,8.4429,15.441,12.372,-14.985,-5.5113,13.889,3.0696,-0.246,14.91,16.283,-4.4493,-11.264,-9.3609,-9.7755,-9.1186,2.6519,1.6457,-16.285,-40.392,-28.446,-19.902,0.15958
-2.3079,-3.0542,12.103,19.811,32.418,-9.6194,-0.67367,0.55018,16.841,19.053,10.842,7.1193,-15.712,-4.144,-11.901,-10.375,-20.62,-20.462,4.9735,-5.4512,-38.107,-33.557,-17.355,9.5107,-3.9089,-8.4907,-6.5888,-10.517,-3.6597,12.592,12.282,-4.9983,-28.622,-19.303,-19.505,-1.1212
-4.2578,-5.5802,8.842,19.085,25.817,-12.276,8.2042,13.876,21.901,16.87,7.1595,6.4863,-20.703,-11.313,-16.082,-25.368,-5.9563,9.9252,7.1308,-25.452,-97.613,-61.067,-46.008,4.6507,-1.1922,-2.3964,-0.90079,-6.6176,5.6199,17.727,5.8951,0.31611,-2.8563,4.0046,-5.6727,-2.7007
-5.9913,-6.1892,6.3022,13.488,21.27,-14.877,15.256,2.5546,7.1117,8.2453,-0.75466,3.2898,-19.886,-2.712,-7.8182,-22.1,16.14,45.379,41.042,17.052,-51.062,-37.826,-34.438,14.368,1.7479,4.4799,4.2511,0.77727,8.208,6.554,-7.671,5.2582,25.703,28.359,13.312,-0.81187
-10.887,-6.748,5.9996,9.9378,31.801,0.94727,11.232,3.218,-10.399,-1.9503,-3.9978,10.421,-14.214,2.905,1.8977,-11.784,22.091,40.727,5.9301,4.2174,-4.7341,21.912,-4.9112,0.35065,3.8362,8.2186,3.3068,2.0648,-5.2013,-17.511,-22.086,-3.9711,36.791,32.736,22.054,-1.0557
-8.9363,-3.8263,9.6151,13.335,37.496,6.4585,18.333,14.405,7.4594,9.5495,-0.79822,12.336,-10.217,11.147,0.36515,-13.281,6.3963,-3.093,-32.781,6.0052,43.968,66.746,28.655,7.6014,-3.2393,8.373,-0.05605,-2.1874,-25.789,-25.354,-28.188,-17.952,8.8352,3.0001,11.568,-4.2161
-9.8924,-5.3092,8.1344,13.269,28.75,-2.5798,9.6304,10.059,19.36,27.173,4.7257,2.1385,-6.3564,22.851,-3.6392,-19.453,-27.091,-53.393,-66.387,-39.783,38.828,50.328,32.713,2.7553,-11.325,8.7257,0.68532,-6.2857,-37.442,-10.869,-7.6306,-10.998,-19.17,-34.713,-5.2767,-0.8066
-11.597,-1.3353,5.4174,5.1819,25.994,-14.66,-0.33418,2.1366,14.216,27.057,9.2111,11.232,-40.012,29.18,-5.3299,-29.202,-88.212,-34.33,-63.738,-50.707,-28.668,-37.034,4.5914,-7.9147,-13.625,5.2703,3.7482,-7.3537,-37.15,10.627,13.954,0.74918,-26.772,-43.489,-16.837,-5.6109
-12.735,3.432,6.2788,4.2876,24.007,-15.19,-12.628,-10.539,5.6367,14.46,7.3541,12.351,-55.942,37.517,8.1719,-35.252,-117.81,2.0006,-16.744,-22.417,-64.268,-99.765,-19.263,4.0757,NaN,NaN,NaN,NaN,NaN,NaN,NaN,NaN,NaN,NaN,NaN,NaN
-27.521,6.3932,7.8779,3.2244,-4.2382,-4.4011,-2.4065,-0.64876,-0.012876,-2.6111,0.18328,3.2726,-53.548,30.165,13.2,-42.15,-133.99,22.345,12.168,1.0679,-38.347,-75.653,-29.54,-21.114,NaN,NaN,NaN,NaN,NaN,NaN,NaN,NaN,NaN,NaN,NaN,NaN
-29.902,9.585,10.99,-3.3779,-15.041,-6.7087,2.2945,0.24339,-5.6595,-7.8751,-0.39182,8.1559,NaN,NaN,NaN,NaN,NaN,NaN,NaN,NaN,NaN,NaN,NaN,NaN,NaN,NaN,NaN,NaN,NaN,NaN,NaN,NaN,NaN,NaN,NaN,NaN
-29.788,10.671,9.662,-12.06,-21.478,-7.7277,-1.7113,-2.7207,0.69099,0.3976,-1.6861,2.7722,NaN,NaN,NaN,NaN,NaN,NaN,NaN,NaN,NaN,NaN,NaN,NaN,NaN,NaN,NaN,NaN,NaN,NaN,NaN,NaN,NaN,NaN,NaN,NaN
NaN,NaN,NaN,NaN,NaN,NaN,NaN,NaN,NaN,NaN,NaN,NaN,0,0,0,0,0,0,0,0,0,0,0,0,0,0,0,0,0,0,0,0,0,0,0,0
NaN,NaN,NaN,NaN,NaN,NaN,NaN,NaN,NaN,NaN,NaN,NaN,0,0,0,0,0,0,0,0,0,0,0,0,0,0,0,0,0,0,0,0,0,0,0,0
